Rndrng_NPI,Rndrng_Prvdr_Last_Org_Name,Rndrng_Prvdr_First_Name,Rndrng_Prvdr_State_Abrvtn,Rndrng_Prvdr_Type,year,avg_payment,avg_charge,total_srvcs,total_benes,charge_to_payment_ratio
1801822051,Delaflor-Weiss,Rafael,TX,Internal Medicine,2023,39.063981876,4605.7918017375,1979.0,691,117.9
1992797427,Duryee,John,NJ,Family Practice,2022,1.8946226415,205.0,106.0,106,108.2
1942294673,Babaev,Anvar,NY,Cardiology,2023,196.02523591717647,18947.995143151235,2111.0,1666,96.66
1942294673,Babaev,Anvar,NY,Cardiology,2022,216.649785445545,20381.434224105,2343.0,1847,94.08
1073778429,Nia,Hamid,NJ,Cardiology,2022,107.98920099770882,9316.367822051207,6430.0,2988,86.27
1700983707,Goel,Sanjiv,CA,Cardiology,2023,206.33620470714285,13112.077011,3758.0,1960,63.55
1205871803,Maroney,Kimberly,CO,Family Practice,2023,65.07060755479999,4135.512333299999,223.0,209,63.55
1437120466,Przechodzki,Tadeusz,NY,Internal Medicine,2023,98.26496836366668,6210.009535333334,603.0,171,63.2
1497872402,Yarlagadda,Sandeep,AZ,Internal Medicine,2023,34.769973645487724,2121.637014189035,4226.0,2887,61.02
1801822051,Delaflor-Weiss,Rafael,TX,Internal Medicine,2022,36.770551151452935,1927.216566812941,2364.0,711,52.41
1700983707,Goel,Sanjiv,CA,Cardiology,2022,171.06090760723333,8921.428368452223,5617.0,3644,52.15
1770692378,Zaki,Merajuddin,NJ,Internal Medicine,2022,109.21921093066668,5500.0,147.0,58,50.36
1568569713,Dunnick,James,LA,Internal Medicine,2023,5.8645565749,295.0,327.0,213,50.3
1245288034,Campos,Jose,CA,Family Practice,2022,0.493201903,24.5675,473.0,172,49.81
1295120426,Garber,Leonid,NY,Cardiology,2023,91.689296916,4454.9375,2687.0,2577,48.59
1245288034,Campos,Jose,CA,Family Practice,2023,0.52770316505,24.897616278999998,490.0,169,47.18
1972547974,Krishnan,Prakash,NY,Cardiology,2023,161.1320089184375,7216.64794933125,699.0,569,44.79
1578753257,Malik,Rajesh,FL,Cardiology,2023,106.2571389955,4555.577307692308,3845.0,3155,42.87
1568569713,Dunnick,James,LA,Internal Medicine,2022,6.5141396934,277.87734242,587.0,368,42.66
1801089503,Nieves,Luis,TX,Family Practice,2022,79.03094526951817,3279.714994598909,1153.0,382,41.5
1437120466,Przechodzki,Tadeusz,NY,Internal Medicine,2022,96.794482398,4000.0,555.0,168,41.32
1043537871,Labedi,Mohamed,IL,Cardiology,2023,56.97979727817368,2195.801619433158,6369.0,3435,38.54
1629361340,Ezeume,Chukwuemeka,AZ,Internal Medicine,2023,31.238274362992982,1201.608578916123,4724.0,2772,38.47
1598734337,Saucedo,Jorge,WI,Internal Medicine,2023,101.3303188255,3767.4432457670005,127.0,114,37.18
1407800709,Fasseas,Panayotis,WI,Cardiology,2023,64.16093474241251,2343.13434162875,2093.0,1549,36.52
1972547974,Krishnan,Prakash,NY,Cardiology,2022,114.40320505325,4174.34253245875,755.0,592,36.49
1043521313,Johnson,Ewan,TX,Internal Medicine,2022,43.813176731999995,1588.9079968352855,1961.0,144,36.27
1215965637,Chou,John,CA,Family Practice,2022,36.618330303,1326.0,141.0,131,36.21
1568757169,Wenner,Darryl,NY,Family Practice,2023,86.0302609851,3025.389261744,420.0,393,35.17
1164460010,Marks,David,WI,Internal Medicine,2023,87.22698567586,3064.897435898,147.0,146,35.14
1558419598,Kats,Yuliya,NY,Cardiology,2023,39.18249388893334,1372.035672428,2970.0,2865,35.02
1699790931,Doss,Emile,NJ,Cardiology,2023,74.23595468776666,2591.149265905389,4952.0,2768,34.9
1356430235,Tesoro,Kent,CA,Internal Medicine,2022,37.040038224166665,1288.74358975,298.0,226,34.79
1538694294,Higginbotham,Erin,CA,Family Practice,2022,30.064273884133332,1042.6533333333334,144.0,79,34.68
1740532613,Smith,Simon,NY,Cardiology,2023,463.60033899399997,15833.333333333334,326.0,180,34.15
1790833689,Cerda,Gloria,CA,Family Practice,2022,23.44050288365,785.045454545,130.0,107,33.49
1811216229,Azzam,Iyad,WI,Cardiology,2022,185.41454866616667,6164.333333333333,171.0,148,33.25
1780734491,Roybal,Gregory,CA,Internal Medicine,2023,27.041805555666667,892.3333333333334,163.0,94,33.0
1447412481,Farzan-Kashani,Farzad,NY,Internal Medicine,2022,89.3878737852,2897.3133718500003,1576.0,695,32.41
1194724245,Palerino,Robert,GA,Family Practice,2022,59.601674614800004,1927.9276028093998,650.0,235,32.35
1679550818,Chuang,Howard,TN,Cardiology,2023,20.2652767791,653.68030240725,2506.0,2060,32.26
1740269711,Kloehn,Gregory,FL,Cardiology,2022,117.66603593976,3776.5444444446666,925.0,791,32.1
1740532613,Smith,Simon,NY,Cardiology,2022,499.5893247956667,15833.333333333334,262.0,134,31.69
1811216229,Azzam,Iyad,WI,Cardiology,2023,167.366571929375,5288.4214285875,197.0,165,31.6
1982609533,Woolever,David,WA,Internal Medicine,2022,4.910067829466667,151.68556201666667,116.0,92,30.89
1073778429,Nia,Hamid,NJ,Cardiology,2023,124.32438729242352,3837.528097073912,7441.0,3318,30.87
1700877123,Rosenblum,Andrew,WI,Cardiology,2022,3.57906118145,110.15400843500001,328.0,244,30.78
1538694294,Higginbotham,Erin,CA,Family Practice,2023,16.3298295455,502.5,356.0,226,30.77
1588776132,Tin,Htun,CA,Internal Medicine,2022,22.362066906525,688.0,388.0,241,30.77
1841273166,Hudzinski,Lori,NY,Family Practice,2023,86.33254052785715,2649.437728932857,179.0,163,30.69
1699790931,Doss,Emile,NJ,Cardiology,2022,98.04419906569049,3005.6439917105713,5951.0,3041,30.66
1891021531,Abdian,Pedram,CA,Family Practice,2022,21.882566757875,670.88898853375,202.0,179,30.66
1154856649,Cho,Joanne,CA,Family Practice,2023,25.22702369057143,771.8571428571429,166.0,116,30.6
1578589602,Marks,George,CA,Internal Medicine,2022,21.67697252568,663.2,296.0,190,30.59
1467568220,Widlansky,Michael,WI,Internal Medicine,2023,17.05218522262,515.041285916,300.0,297,30.2
1730383308,Kapur,Vishal,NY,Cardiology,2023,157.23247296111538,4747.007146,1843.0,1235,30.19
1811984305,Bjelland,Timothy,WI,Family Practice,2023,12.42086538465,370.05048077,144.0,144,29.79
1679550818,Chuang,Howard,TN,Cardiology,2022,21.154257977649998,630.05954286725,1946.0,1631,29.78
1386955441,Plotts,Krystal,OR,Family Practice,2022,4.179317565766667,123.33333333333333,107.0,53,29.51
1316333198,Lewandowski,David,WI,Cardiology,2022,17.1259223301,504.37142857199996,370.0,326,29.45
1841222130,Simmons,Christopher,LA,Internal Medicine,2023,65.100212844325,1896.5,255.0,231,29.13
1215965637,Chou,John,CA,Family Practice,2023,30.982935606,895.2592592593334,148.0,144,28.9
1952309833,Marren,Thomas,NM,Family Practice,2023,38.49579897528064,1112.0138687129356,9903.0,1505,28.89
1578753257,Malik,Rajesh,FL,Cardiology,2022,98.61468699845454,2842.181818181818,3697.0,3081,28.82
1679680862,Sharon,Mark,WI,Family Practice,2023,100.65017315979999,2865.0,101.0,101,28.46
1306827696,Tkaczuk,Edmund,MD,Internal Medicine,2022,6.369659468450001,181.0,100.0,100,28.42
1215140686,Chirinos,Julio,PA,Cardiology,2023,17.88121957528,506.0,218.0,215,28.3
1972786960,Myrick,Gregory,AL,Family Practice,2022,92.68671431836,2613.056689356,530.0,493,28.19
1558419598,Kats,Yuliya,NY,Cardiology,2022,43.34889058644,1216.2322829260002,1499.0,1446,28.06
1982969838,Kawasaki,Brian,CA,Family Practice,2023,51.03325,1426.0,120.0,65,27.94
1578634234,Giboney,Paul,CA,Family Practice,2023,15.2436160715,422.75,156.0,83,27.73
1184604373,Kumaki,David,ME,Internal Medicine,2022,28.6931433151,792.048477565,134.0,116,27.6
1104966373,Liang,David,CA,Cardiology,2023,53.11440128209999,1465.401903476,233.0,198,27.59
1073589636,Gowda,Ramesh,NY,Cardiology,2023,102.4761410522875,2824.894117135625,1104.0,759,27.57
1528051364,Wong,Jessica,CA,Internal Medicine,2022,26.535320147144446,729.8181818222222,544.0,351,27.5
1942246103,Michael,Manal,CA,Internal Medicine,2023,30.037681159,823.57,138.0,16,27.42
1780677310,Lee,A Seenam,OH,Internal Medicine,2023,47.9284764314,1311.1915868247002,508.0,165,27.36
1891021531,Abdian,Pedram,CA,Family Practice,2023,24.67914764115,675.0,261.0,231,27.35
1639117534,Robledo,Adolfo,AL,Family Practice,2023,53.01462225995556,1449.4444444444443,455.0,417,27.34
1568757169,Wenner,Darryl,NY,Family Practice,2022,97.50458347918,2649.158841826,582.0,523,27.17
1841643541,Khalife,Jane,NJ,Internal Medicine,2023,123.33947563671428,3337.5836734714285,355.0,280,27.06
1114313616,Sriwongtong,Michelle,CA,Family Practice,2023,25.359675927999998,685.133333325,291.0,153,27.02
1902292683,Yankey,George,NC,Cardiology,2023,111.63742731858332,3016.2507101066662,283.0,251,27.02
1114305638,Sayeedi,Imran,CA,Internal Medicine,2023,98.94538435428571,2670.204081628571,684.0,355,26.99
1962462739,Fard,Ali,NY,Cardiology,2023,77.23083369677778,2050.0,1879.0,1039,26.54
1417930827,Khandheria,Bijoy,WI,Cardiology,2023,10.293252795012501,272.5,301.0,301,26.47
1386199495,Agameya,Ahmed,IL,Internal Medicine,2023,75.778685648145,1998.6069713820002,1731.0,1630,26.37
1962462739,Fard,Ali,NY,Cardiology,2022,67.4275631754,1776.0,1774.0,1016,26.34
1740269711,Kloehn,Gregory,FL,Cardiology,2023,69.16820402615001,1821.445916565,1535.0,1317,26.33
1487035754,Eberly,Lauren,PA,Cardiology,2023,14.295839844757143,375.24858401428577,449.0,439,26.25
1215140686,Chirinos,Julio,PA,Cardiology,2022,16.239653858657142,426.2857142857143,393.0,390,26.25
1871540336,Kinsey,Charles,VT,Internal Medicine,2023,88.3979441979091,2320.4446514375454,215.0,196,26.25
1366401903,Gulliver,Eugene,WI,Cardiology,2023,213.03838436031,5569.3321760709,409.0,393,26.14
1598734337,Saucedo,Jorge,WI,Internal Medicine,2022,92.53181662048749,2415.625,206.0,167,26.11
1396857348,Chan,Charlie,CA,Internal Medicine,2022,26.337427787225,685.62610200925,340.0,221,26.03
1811984305,Bjelland,Timothy,WI,Family Practice,2022,14.0621666665,364.75,120.0,120,25.94
1043462880,Andoh,Nana Adwoa,CT,Internal Medicine,2022,66.07655968888889,1706.5962441377778,275.0,271,25.83
1164460010,Marks,David,WI,Internal Medicine,2022,81.64788000338334,2108.0,190.0,174,25.82
1407830979,Hilliard,Rudyard,TX,Family Practice,2023,62.558047391225,1611.494657945,144.0,139,25.76
1750480760,Kong,Alvin,CA,Internal Medicine,2023,20.685970279833334,530.3333333333334,175.0,105,25.64
1891938395,Young,Michael,NH,Cardiology,2023,182.606051188485,4679.0301611299,848.0,795,25.62
1174907711,Patel,Dhara,MI,Internal Medicine,2022,39.37396934856667,1008.6666666666666,160.0,138,25.62
1184632127,Taveras,Maria,WI,Cardiology,2023,15.447163208716667,394.1666666666667,302.0,292,25.52
1033140249,Jordan,Shana,CA,Family Practice,2022,56.115405405,1426.0,148.0,89,25.41
1588718464,Soto,Raquel,CA,Family Practice,2023,35.445149797666666,892.3333333333334,278.0,156,25.18
1265952634,Laxina,Ian,SC,Cardiology,2023,18.449817708325,463.0,155.0,149,25.1
1730352576,Micabalo,Alvin,NJ,Family Practice,2023,119.09817829466665,2978.273809523333,154.0,100,25.01
1558333831,Yoosefian,Farida,TX,Internal Medicine,2022,43.121976749325,1075.75,113.0,106,24.95
1134626344,Ubozoh,Uchenna,NY,Internal Medicine,2023,113.0807001958,2818.5912882,240.0,239,24.93
1689686669,Cheng,Mindy,CA,Internal Medicine,2023,36.15523905733333,892.3333333333334,186.0,123,24.68
1184841595,Latif,Sahibzada,WI,Internal Medicine,2022,120.60900322016666,2972.162037033333,154.0,138,24.64
1417489154,Pan,Tiffany,CA,Internal Medicine,2023,36.228953506,892.3333333333334,150.0,102,24.63
1871540336,Kinsey,Charles,VT,Internal Medicine,2022,100.5146617396,2465.6252683089997,192.0,175,24.53
1427205194,Parikh,Nisha,HI,Cardiology,2022,38.329770146499996,934.8268453779999,324.0,320,24.39
1831451772,Gaydos,Stephanie,SC,Cardiology,2023,35.18909386082857,858.1428571428571,385.0,375,24.39
1871810622,Salahuddin,Ayesha,CA,Cardiology,2023,34.012326087,829.614637683,316.0,307,24.39
1053354266,Patterson,Laurie,MS,Family Practice,2022,93.46968662486,2265.8121621580003,410.0,392,24.24
1407800709,Fasseas,Panayotis,WI,Cardiology,2022,107.08081010065833,2589.2865100666663,2420.0,1750,24.18
1992704233,Melis,James,NY,Family Practice,2023,89.97174603166665,2173.0242514,431.0,166,24.15
1265721021,Madhavan,Srivats,WI,Internal Medicine,2023,88.19268772883333,2127.8333333333335,111.0,109,24.13
1407156615,Nikolay,Poulet,CA,Family Practice,2022,39.2650214020875,946.3196236625,462.0,320,24.1
1477636645,Prumbs,Louis,NY,Internal Medicine,2022,102.19573676208,2462.157357898,391.0,354,24.09
1629270616,Attaran,Robert,CT,Cardiology,2022,63.9285600102,1538.68833333,398.0,308,24.07
1851570303,Mikhail,Ashraf,NY,Internal Medicine,2023,117.99079317833333,2834.5014800000004,387.0,382,24.02
1427205194,Parikh,Nisha,HI,Cardiology,2023,38.425251629499996,918.5784652680001,371.0,366,23.91
1043317704,Chadalavada,Lavanya,CA,Internal Medicine,2022,25.2493437463,603.79117647,167.0,126,23.91
1114045200,Green,Stephanie,CA,Internal Medicine,2022,29.173919935775,694.25,429.0,227,23.8
1104188416,Stysly,Bret,GA,Internal Medicine,2023,60.4072709144,1432.0033848933704,1875.0,1410,23.71
1952443509,Nazim,Lubna,CA,Internal Medicine,2022,36.165324999925,854.25,111.0,100,23.62
1134172471,Niles,Nathaniel,NH,Cardiology,2022,173.89738578900003,4099.166666666667,205.0,190,23.57
1811147069,Cruz,Bryan,CA,Family Practice,2022,0.611515873,14.397037036999999,135.0,78,23.54
1891938395,Young,Michael,NH,Cardiology,2022,181.1716558931762,4261.026132535238,989.0,891,23.52
1548472905,Desai,Harit,NJ,Internal Medicine,2023,100.03875718570588,2352.3183248605883,1225.0,980,23.51
1104873611,Hole,Theodore,CA,Family Practice,2023,59.35939670733333,1395.5873612466667,101.0,81,23.51
1033140249,Jordan,Shana,CA,Family Practice,2023,60.714324324,1426.0,185.0,111,23.49
1982609533,Woolever,David,WA,Internal Medicine,2023,6.7609801985999995,158.01497966,277.0,193,23.37
1831451772,Gaydos,Stephanie,SC,Cardiology,2022,39.899201146512496,932.53409090875,403.0,400,23.37
1841259413,Brown,Bruce,AL,Internal Medicine,2023,80.5146666021,1879.5,769.0,416,23.34
1871533984,Breznik,John,PA,Family Practice,2022,98.5072142626,2296.434201,203.0,196,23.31
1205148459,Underwood,Evan,TX,Family Practice,2023,98.745546408,2293.0,374.0,345,23.22
1104188416,Stysly,Bret,GA,Internal Medicine,2022,65.75637481659584,1520.2701844739167,1969.0,1398,23.12
1790830628,Shah,Jatin,CA,Internal Medicine,2023,21.495869875166665,496.6666666666667,158.0,147,23.11
1235545757,Singh,Twinkle,GA,Internal Medicine,2023,73.79586996800667,1694.493511938,5314.0,3950,22.96
1093984437,Yoon,Joon,CA,Internal Medicine,2023,27.249516129,625.5,111.0,40,22.95
1730383308,Kapur,Vishal,NY,Cardiology,2022,130.4171696655346,2987.3588389307693,2463.0,1309,22.91
1972679355,Egbujiobi,Leonard,WI,Cardiology,2023,49.93862877743409,1143.3228836989545,4291.0,3542,22.89
1366577231,Khan,Tahir,CA,Family Practice,2022,37.042959782400004,847.6580086666667,454.0,259,22.88
1104882653,Kaiser,Thomas,CA,Cardiology,2022,33.14091156115,757.775938726,206.0,151,22.87
1841259413,Brown,Bruce,AL,Internal Medicine,2022,72.75957851375,1663.375,694.0,346,22.86
1629168919,Khan,Anwar,NJ,Internal Medicine,2022,98.77166477178,2256.256792838,557.0,531,22.84
1790907673,Duffy,Kevin,PA,Cardiology,2023,24.6100532836125,562.125,545.0,526,22.84
1598771305,Janec,Eileen,NY,Internal Medicine,2022,119.60115139889474,2728.4982456157895,954.0,869,22.81
1679617872,Passen,Edward,IL,Cardiology,2023,34.34747870490909,783.2727272727273,1206.0,1189,22.8
1578589602,Marks,George,CA,Internal Medicine,2023,24.957429238066666,567.6666666666666,441.0,262,22.75
1598105132,Delatorre,Asia,CA,Family Practice,2023,45.10825790233333,1025.6666666666667,101.0,78,22.74
1184841595,Latif,Sahibzada,WI,Internal Medicine,2023,139.91286927814286,3171.4056778000004,176.0,161,22.67
1548366511,Win,Aye-Aye,CA,Internal Medicine,2022,31.9987329545,725.5,103.0,59,22.67
1598771305,Janec,Eileen,NY,Internal Medicine,2023,120.03815204399999,2715.5882352941176,867.0,778,22.62
1730220070,Mourad,Hatem,MS,Family Practice,2023,81.08524968428571,1832.7142857142858,617.0,336,22.6
1154531234,Allen,Dustin,MS,Internal Medicine,2023,95.72337573216667,2160.0,972.0,652,22.57
1841273166,Hudzinski,Lori,NY,Family Practice,2022,101.42594218500001,2272.8038752285715,175.0,159,22.41
1043234321,Chuttani,Kabir,MA,Internal Medicine,2023,12.780038738999998,285.8018018,149.0,149,22.36
1972679355,Egbujiobi,Leonard,WI,Cardiology,2022,54.89794467026667,1223.3859231066667,4226.0,3500,22.28
1174813646,Sonaike,Victor,NJ,Family Practice,2023,104.83213365357143,2332.8729653285714,1304.0,853,22.25
1750480760,Kong,Alvin,CA,Internal Medicine,2022,23.485761186566666,520.4871794866666,212.0,132,22.16
1730220070,Mourad,Hatem,MS,Family Practice,2022,80.583621501875,1780.6500984250001,471.0,267,22.1
1629042437,Young,Richard,CA,Family Practice,2022,73.58532619866666,1623.4658119666667,232.0,204,22.06
1699017913,Schlais,Benjamin,WI,Family Practice,2023,79.544984090225,1749.975,159.0,159,22.0
1457568362,Benor,Mark,CA,Family Practice,2023,32.599132653,716.13265305,125.0,56,21.97
1770553448,Prewitt,Lindsey,AR,Internal Medicine,2023,87.71703822385714,1925.857142857143,999.0,836,21.96
1548366511,Win,Aye-Aye,CA,Internal Medicine,2023,33.165,725.5,142.0,70,21.88
1912360306,Malik,Nitin,NY,Cardiology,2023,23.01657292521111,503.0,523.0,495,21.85
1144282120,Mason,Peter,WI,Cardiology,2023,169.68816295444998,3704.8744025680003,455.0,417,21.83
1124020623,Wong,Christopher,CA,Internal Medicine,2022,31.54733449835,688.325,318.0,204,21.82
1407812050,Kieso,Hassan,IL,Cardiology,2023,73.87973508705937,1597.7604067653124,4857.0,3735,21.63
1962996280,Hadden,Kyle,IL,Family Practice,2023,14.559695733820002,314.328013584,137.0,125,21.59
1497179626,Cao,Phu,TX,Family Practice,2023,59.92518212545,1289.5,162.0,159,21.52
1649357039,Fleurimont,Gloriande,NY,Internal Medicine,2022,66.513034871,1423.9583333333333,133.0,64,21.41
1679617872,Passen,Edward,IL,Cardiology,2022,30.592844668281817,652.7086240776364,2740.0,2303,21.34
1932292976,Reddy,Bharathi,NY,Internal Medicine,2022,83.1656728934625,1772.02951413125,5018.0,1453,21.31
1063587939,Qazi,Amina,ME,Cardiology,2023,33.79140615724,717.6460195828666,1854.0,1571,21.24
1861618597,Bawaadam,Hasnain,WI,Internal Medicine,2023,75.63717026274091,1602.9545454545455,1334.0,1212,21.19
1861618597,Bawaadam,Hasnain,WI,Internal Medicine,2022,72.82592174259048,1540.857142857143,1370.0,1122,21.16
1164473567,Cinquegrani,Michael,WI,Cardiology,2023,83.38185515225,1763.2525900861667,981.0,847,21.15
1396735783,Cheong,Benjamin,TX,Internal Medicine,2023,68.7684249952,1453.1892857139999,637.0,624,21.13
1437458817,Diaz Balderrama,Tadeo,WI,Cardiology,2023,45.189117691980954,953.2844199628571,2342.0,2005,21.1
1063705515,Shah,Neal,CA,Cardiology,2022,40.230952132,848.6559360675001,586.0,551,21.09
1336136597,Patton,John,FL,Cardiology,2023,17.85318898202,376.2,207.0,206,21.07
1417055823,Tabassum,Sajeeda,CA,Internal Medicine,2023,21.361949365466668,449.75,392.0,386,21.05
1598820029,Shu,Theodore,CA,Internal Medicine,2023,48.743402597666666,1025.6666666666667,184.0,128,21.04
1134239353,Baghoumian,Hamlet,CA,Internal Medicine,2023,20.863237807923078,436.9813519813846,433.0,407,20.95
1205194636,Pistner,Andrew,WA,Cardiology,2022,49.41247747748334,1035.0476467333333,229.0,223,20.95
1538454707,Sholakh,Albert,AR,Family Practice,2023,88.50292872042,1845.9416135580002,270.0,264,20.86
1659513158,Buelow,Matthew,WI,Cardiology,2023,37.0638151119375,771.90887237875,154.0,146,20.83
1184980922,Goffi,Adriano,TX,Family Practice,2023,61.869269682025,1288.7838636362499,141.0,137,20.83
1295175099,Dixon,Tasha,CA,Family Practice,2022,24.85632397352857,517.1428571428571,135.0,117,20.81
1134239353,Baghoumian,Hamlet,CA,Internal Medicine,2022,25.055028570450002,521.0,130.0,127,20.79
1437458817,Diaz Balderrama,Tadeo,WI,Cardiology,2022,39.445768498110525,818.3708665842105,2079.0,1740,20.75
1841720190,Martin,Evan,CA,Family Practice,2023,52.00827916675,1075.75,124.0,88,20.68
1376519983,Oliver,Thomas,TX,Internal Medicine,2022,72.858773810725,1501.1611607215,143.0,139,20.6
1134386782,Barbhaiya,Chirag,NY,Cardiology,2022,179.7817201463,3703.4320228153333,4269.0,3499,20.6
1073909925,Tarangelo,Nicholas,NJ,Internal Medicine,2023,109.31355205768422,2247.802746589474,1963.0,1369,20.56
1124091780,Ende,David,WI,Cardiology,2023,6.0006685237,123.0,359.0,331,20.5
1457795502,Wehbe,Ramsey,SC,Cardiology,2022,39.9180046848375,818.0,835.0,729,20.49
1770553448,Prewitt,Lindsey,AR,Internal Medicine,2022,86.29877264800001,1761.090909090909,893.0,700,20.41
1669642062,Babaei,Mahnoush,CA,Internal Medicine,2023,14.549335436914285,296.85714285714283,504.0,466,20.4
1205148459,Underwood,Evan,TX,Family Practice,2022,104.78348957025,2134.75,436.0,407,20.37
1811078330,Moy,Alexander,CA,Family Practice,2022,25.76975812783333,523.6521739133333,427.0,220,20.32
1093194722,Farley,Danny,TX,Family Practice,2023,45.803062860766666,930.3333333333334,128.0,122,20.31
1154531234,Allen,Dustin,MS,Internal Medicine,2022,89.6137905805,1818.7,789.0,579,20.29
1134386782,Barbhaiya,Chirag,NY,Cardiology,2023,206.08288484863334,4178.3,3179.0,2882,20.27
1174687180,Zaky,Joseph,CA,Internal Medicine,2023,34.18199618445714,690.2857142857143,244.0,153,20.19
1972705333,Freeborn,Isaac,LA,Internal Medicine,2023,44.900579248266666,906.6070588236666,110.0,106,20.19
1700121365,Habib,Mirette,NJ,Cardiology,2023,77.36732091384211,1559.2105263157894,1486.0,551,20.15
1760748354,Alexanian,Ruben,MN,Cardiology,2022,179.71156918866666,3618.966437833333,147.0,129,20.14
1316991003,Batchev,Alexander,PA,Family Practice,2023,457.462534613125,9211.25,436.0,226,20.14
1679735625,Diamond,Michael,TX,Family Practice,2023,69.89738770786666,1406.0692397526666,142.0,130,20.12
1528047438,Kante,Satyanarayana,TX,Internal Medicine,2023,45.07575963720001,906.77,101.0,95,20.12
1407140106,Mcdonald,Mark,TX,Family Practice,2023,39.957147875366665,803.0,145.0,134,20.1
1932140290,Sim,Daniel,WA,Family Practice,2023,45.973981481500005,923.010851065,101.0,37,20.08
1306232863,Lutz,Megan,WI,Internal Medicine,2022,110.82354536533335,2223.9043678,120.0,119,20.07
1598877136,Soe,Nyun Nyun,CA,Internal Medicine,2022,25.4233302283,509.619047619,326.0,179,20.05
1174813646,Sonaike,Victor,NJ,Family Practice,2022,91.209333142,1825.6702385976923,1537.0,1002,20.02
1982682381,Andich,Bruce,CA,Internal Medicine,2022,6.4968844221,129.64170854,199.0,149,19.95
1871798470,Arnaout,Rima,MA,Cardiology,2022,40.976059934446155,814.6641443400001,605.0,533,19.88
1366476541,Trinkl,Otto,NH,Internal Medicine,2022,94.61361570590908,1875.6789775209093,384.0,353,19.82
1518063676,Dayrit,Melvin,CA,Family Practice,2022,26.7592681703,530.3333333333334,184.0,129,19.82
1811176720,Shareghi,Shahrzad,CA,Cardiology,2023,294.61344529030555,5836.733708600001,7452.0,5037,19.81
1982066411,Bueno,Angeli,NY,Family Practice,2022,45.699527012,904.3179487179999,157.0,135,19.79
1548472905,Desai,Harit,NJ,Internal Medicine,2022,101.09566665855294,1998.9645373385883,1183.0,903,19.77
1407828676,Rayel,Ramon Ray,WI,Cardiology,2023,16.29615922556,322.0,602.0,583,19.76
1114066909,Delling,Francesca,CA,Cardiology,2023,42.94828747635385,846.7220510461539,681.0,664,19.71
1134443112,Kahn,Mark,NY,Cardiology,2023,103.517196721,2035.5021525744,9094.0,2557,19.66
1689057127,Benedict,Darcy,CA,Family Practice,2022,33.755821291320004,663.4,145.0,117,19.65
1962996280,Hadden,Kyle,IL,Family Practice,2022,12.5692120182,246.8591624175,142.0,125,19.64
1407812050,Kieso,Hassan,IL,Cardiology,2022,57.07734559388,1121.10981883,3733.0,3012,19.64
1982669636,Jameson,David,MS,Family Practice,2022,75.0168005553,1472.111111111111,559.0,542,19.62
1043462880,Andoh,Nana Adwoa,CT,Internal Medicine,2023,62.750565970124995,1230.68584730625,206.0,204,19.61
1245619345,Mosleh,Wassim,NH,Cardiology,2022,90.5682727269,1774.6,100.0,94,19.59
1104869379,Rudolph,Teresa,WI,Family Practice,2022,39.342491100658826,770.3663865294118,909.0,711,19.58
1093784167,Terrill,Paul,MN,Family Practice,2023,22.7875,442.95031746940003,133.0,98,19.44
1588676977,Dickman,Scott,WI,Family Practice,2023,83.293889588625,1619.063050555,297.0,296,19.44
1710140025,Lopez,Pedro,CA,Internal Medicine,2023,16.925920045050002,328.90990991,315.0,269,19.43
1598744823,Navarro,Felipe,NC,Cardiology,2022,97.13864498715161,1875.124248857871,1536.0,1408,19.3
1982877387,Olutimehin,Babajide,TX,Family Practice,2022,41.130147435999994,793.6666666666666,161.0,157,19.3
1952309833,Marren,Thomas,NM,Family Practice,2022,57.1640387639037,1100.9414533995184,15459.0,2556,19.26
1720082381,Brown,Ward,WI,Cardiology,2022,95.16624393583001,1833.2850386335,421.0,409,19.26
1255368866,Krehlik,John,AK,Internal Medicine,2023,67.49638026666666,1299.3333333333333,1467.0,360,19.25
1265721021,Madhavan,Srivats,WI,Internal Medicine,2022,126.10823781722222,2425.777777777778,178.0,169,19.24
1487035754,Eberly,Lauren,PA,Cardiology,2022,18.26268749994,351.13333334,216.0,207,19.23
1588676977,Dickman,Scott,WI,Family Practice,2022,74.12966975100001,1425.0598889614284,279.0,279,19.22
1487874582,Sarwar,Salman,MO,Internal Medicine,2022,84.7408970242,1627.3616671099999,553.0,468,19.2
1861885196,Ore,Lilian,CA,Family Practice,2022,24.43722191740909,469.1122994654545,238.0,220,19.2
1669631602,Khanna,Lauren,NY,Internal Medicine,2023,129.99171899092858,2491.9157037785712,778.0,694,19.17
1629256177,Tison,Geoffrey,MD,Cardiology,2022,43.540833239646155,833.7835460807693,472.0,439,19.15
1215077094,Chaudry,Kusum,CA,Internal Medicine,2022,54.882906172380004,1050.988888888,220.0,160,19.15
1598820029,Shu,Theodore,CA,Internal Medicine,2022,34.17806192731667,654.2430555550001,193.0,130,19.14
1366476541,Trinkl,Otto,NH,Internal Medicine,2023,97.24977620380832,1861.6105278333334,529.0,477,19.14
1669729729,Moses,Kirk,MS,Internal Medicine,2023,99.00253576,1892.3299320016667,1103.0,717,19.11
1952781999,Jang,Jennifer,CA,Internal Medicine,2022,30.522979854339997,583.4,235.0,156,19.11
1730103763,Kass,Richard,PA,Cardiology,2022,132.49258267616668,2530.201262425833,1774.0,977,19.1
1609809649,Fleischmann,Kirsten,CA,Cardiology,2022,43.95131501633077,839.5436176607692,1252.0,1169,19.1
1205861960,Hooper,Veronica,WA,Family Practice,2023,20.479767016833332,391.01145857166665,139.0,130,19.09
1669812467,Barnes,Revery,CA,Family Practice,2022,32.25079587078,615.4,191.0,106,19.08
1790906568,Subbiah,Vishakalakshmi,CA,Family Practice,2022,27.8129748427,530.3333333333334,116.0,85,19.07
1700866183,Nelson,Cameron,IN,Family Practice,2023,10.591490468575,202.0,1398.0,986,19.07
1629308663,Henry,Patricia,IL,Internal Medicine,2022,89.52650478188463,1705.3413683092308,536.0,514,19.05
1669631602,Khanna,Lauren,NY,Internal Medicine,2022,137.75451218863847,2624.670329669231,581.0,511,19.05
1164473567,Cinquegrani,Michael,WI,Cardiology,2022,74.29353239850715,1413.5439274164287,1122.0,922,19.03
1851692420,Ndzengue,Albert,TN,Internal Medicine,2022,96.30969790995,1830.4569695465,336.0,320,19.01
1811975980,Bruce,Charles,FL,Cardiology,2023,37.688948559883336,715.9174654833333,967.0,950,19.0
1235545757,Singh,Twinkle,GA,Internal Medicine,2022,77.02191051313157,1461.437151895263,1728.0,1431,18.97
1003222522,Yu,Matthew,PA,Family Practice,2023,21.853455801888888,414.3333333333333,341.0,251,18.96
1205946126,Min,David,NH,Cardiology,2022,30.590537047919998,578.720967744,369.0,325,18.92
1396735783,Cheong,Benjamin,TX,Internal Medicine,2022,71.48052962633334,1351.5,823.0,795,18.91
1114066909,Delling,Francesca,CA,Cardiology,2022,43.83442765136154,826.8853394738461,757.0,738,18.86
1457615213,Nakhla,Shady,OH,Cardiology,2023,115.26967750558333,2168.287414135,1221.0,910,18.81
1386641033,Bivin,Richard,IL,Family Practice,2022,10.904819638216665,204.389266231,125.0,121,18.74
1831201805,Chwa,Jasmine,CA,Internal Medicine,2022,27.16208444833333,508.6666666666667,185.0,127,18.73
1023230968,Bilyeu,Joe,IL,Family Practice,2022,12.0628778466,225.28198757600003,123.0,111,18.68
1376040709,Castaneda,Gonzalo,CA,Family Practice,2022,46.9115761216,875.9714285714001,158.0,127,18.67
1760688204,Snavely,Jennifer,PA,Family Practice,2023,334.99129405733333,6255.0,462.0,226,18.67
1023218419,Jimenez,Gloria,CA,Internal Medicine,2023,6.1453435115,114.52465649,131.0,131,18.64
1073769915,Kulinski,Jacquelyn,WI,Cardiology,2023,47.2049479335375,876.99026764625,284.0,284,18.58
1497781546,Wahba,Magdy,NJ,Internal Medicine,2023,96.45532700999999,1791.88286508125,2666.0,437,18.58
1689686669,Cheng,Mindy,CA,Internal Medicine,2022,28.5622495041,530.3333333333334,155.0,101,18.57
1144282120,Mason,Peter,WI,Cardiology,2022,166.13663594034446,3081.8808299044445,421.0,387,18.55
1174691216,Dickson,John,MS,Internal Medicine,2023,127.97260759,2371.0,395.0,371,18.53
1093784167,Terrill,Paul,MN,Family Practice,2022,54.9720131534,1018.1021645018,107.0,92,18.52
1972615771,Naing,Win,CA,Internal Medicine,2022,26.6138630601625,492.5,420.0,270,18.51
1851481485,Benjamin,Ivor,WI,Internal Medicine,2023,6.907079245333333,127.75063965666668,3768.0,2475,18.5
1386630648,Scherrer-Crosbie,Marielle,PA,Cardiology,2022,28.296737380033335,523.0,1447.0,1415,18.48
1629308663,Henry,Patricia,IL,Internal Medicine,2023,99.142891429975,1830.5419580383332,560.0,532,18.46
1265631907,Okorie,Ikechukwu,MS,Family Practice,2022,91.87623533275,1694.00809891,674.0,593,18.44
1275947079,Puetz,Joseph,WI,Internal Medicine,2022,61.5088133816,1133.425,170.0,99,18.43
1245611433,De Feria Alsina,Alejandro,PA,Cardiology,2022,16.2779503168,300.0,261.0,239,18.43
1568428415,Yates,Laurel,MA,Internal Medicine,2022,32.959006197600004,607.0,327.0,270,18.42
1992774467,Gal,Abraham-Rami,WI,Cardiology,2023,24.906974761533334,458.75,883.0,862,18.42
1811078330,Moy,Alexander,CA,Family Practice,2023,22.3515389015,411.2180451125,482.0,250,18.4
1255368866,Krehlik,John,AK,Internal Medicine,2022,70.61014064033333,1299.3333333333333,1273.0,298,18.4
1811176720,Shareghi,Shahrzad,CA,Cardiology,2022,252.24445289348378,4635.726084355675,6276.0,4199,18.38
1265428015,Laya,Maria Lourdes,IL,Family Practice,2022,11.74264511108,215.83776810600003,162.0,146,18.38
1104052240,Lee,Hyon,MA,Cardiology,2023,125.0549936965,2295.2479960239543,1365.0,949,18.35
1992948897,Ikyaator,Foyeke,TX,Family Practice,2022,37.18868211261667,681.5565685661667,387.0,328,18.33
1407156615,Nikolay,Poulet,CA,Family Practice,2023,27.52532932433333,504.56856773666664,878.0,700,18.33
1104261924,Nakhasi,Atul,MD,Internal Medicine,2022,28.121698871785718,515.2857142857143,169.0,153,18.32
1174962021,Rennie,Chad,IA,Internal Medicine,2023,101.3497886582,1855.25,536.0,499,18.31
1811975980,Bruce,Charles,FL,Cardiology,2022,39.94261303301667,729.9375780266668,501.0,496,18.27
1063499002,Lock,James,MS,Internal Medicine,2023,35.75369777191667,652.8333333333334,171.0,115,18.26
1275658114,Anwaruddin,Saif,WI,Cardiology,2023,168.22505513934,3072.474285714,175.0,153,18.26
1538315221,Muthukumar,Lakshmi,WI,Cardiology,2023,66.01666316517037,1204.7543859666666,9761.0,2223,18.25
1386696599,Kemerer,John,OH,Family Practice,2023,77.70385752676667,1417.0,109.0,102,18.24
1700857372,Silver,Michael,ME,Cardiology,2022,32.43767094670909,591.289666559091,1150.0,981,18.23
1700866183,Nelson,Cameron,IN,Family Practice,2022,11.0914086686,202.0,1243.0,854,18.21
1407044639,Leeper,Nicholas,CA,Cardiology,2023,46.9706786418125,855.44576931625,1187.0,1102,18.21
1609827633,Gutterman,David,WI,Cardiology,2022,6.6460234030333325,121.02119700666667,869.0,681,18.21
1205838794,Tate,Richard,LA,Internal Medicine,2022,10.5074853801,191.0,357.0,321,18.18
1366821274,Tolan,Maxwell,PA,Family Practice,2023,6.1242612245,111.26239575725,484.0,145,18.17
1164709770,Torski,Brian,OH,Internal Medicine,2023,101.63509531691666,1844.7389311200834,744.0,687,18.15
1174625990,Ogbo,Rita,CA,Internal Medicine,2022,44.880895297925,814.25,168.0,117,18.14
1821282401,Suma,Valentin,WI,Cardiology,2023,36.170671044289996,656.2093939395,2251.0,2171,18.14
1437577046,Wong,Anita,CA,Family Practice,2022,51.084457416,925.5,113.0,81,18.12
1336136597,Patton,John,FL,Cardiology,2022,20.463475274825,370.25,117.0,117,18.09
1790907673,Duffy,Kevin,PA,Cardiology,2022,28.944598257688888,523.0,668.0,659,18.07
1770873531,Tracey,Nathan,WY,Family Practice,2022,64.70872466556,1167.5822040819999,607.0,435,18.04
1992774467,Gal,Abraham-Rami,WI,Cardiology,2022,25.728349116683333,463.7714762765833,1039.0,994,18.03
1265480800,Williams,Eric,NH,Cardiology,2023,48.929832421304354,881.0641797860869,3558.0,3144,18.01
1699168328,Li,Sandi,OH,Family Practice,2022,35.87941437344,645.7095238096,254.0,176,18.0
1881669158,Wahab,Amir,IL,Family Practice,2023,16.418657748857143,295.4203164985714,508.0,462,17.99
1609809649,Fleischmann,Kirsten,CA,Cardiology,2023,44.52168367579286,800.9832664192857,1537.0,1442,17.99
1720013105,Nguyen,Dieu Thu,CA,Internal Medicine,2022,29.506815258366668,530.3333333333334,297.0,135,17.97
1063603975,Rubenstein,Jason,WI,Cardiology,2023,78.45134124911999,1405.5315555555999,1768.0,1275,17.92
1487686911,Stock,Eveline,CA,Cardiology,2022,45.09654412410714,807.8253463885713,1034.0,992,17.91
1891180295,Wessly,Priscilla,WI,Cardiology,2023,25.19517790372727,451.3636363636364,606.0,592,17.91
1013042944,Undavia,Manish,NY,Cardiology,2023,188.6436161907857,3374.461451246976,6452.0,2892,17.89
1255331849,Costeas,Constantinos,NJ,Cardiology,2023,82.27525667855666,1469.4178756011668,4879.0,3511,17.86
1609295518,Dwadasi,Sujaata,TX,Internal Medicine,2022,102.80944519443999,1832.7708333300002,334.0,317,17.83
1538549175,Juan,Bryan,TX,Family Practice,2023,69.78236636605001,1243.0463760905,267.0,262,17.81
1386708931,Chebaclo,Mohamed,ND,Cardiology,2022,58.34893079638077,1036.9953243834616,2291.0,2054,17.77
1366577231,Khan,Tahir,CA,Family Practice,2023,16.07055395275,285.4543350175,728.0,494,17.76
1912380536,Bidwell,Katrina,SC,Cardiology,2023,108.48925890984374,1925.59375,1646.0,1343,17.75
1871583880,Le,Minh,TX,Family Practice,2023,72.25462500835,1282.25,354.0,336,17.75
1114941374,Rehman,Arif,FL,Internal Medicine,2023,79.92213213233333,1417.0,137.0,131,17.73
1396006995,Adams,Brian,LA,Internal Medicine,2023,90.58729148816,1605.8775386355999,846.0,806,17.73
1386056620,Morton,Christopher,CT,Internal Medicine,2023,86.83091770807142,1538.825216697857,378.0,298,17.72
1184673089,Ramadurai,Govind,IL,Cardiology,2022,99.63794402666251,1765.8235818622916,5675.0,4369,17.72
1295077832,Velarde,Robert,TX,Family Practice,2022,75.46667919733333,1336.2933333333333,166.0,163,17.71
1528275310,Humelbaugh,Gia,CA,Family Practice,2022,44.242397436,783.0,169.0,104,17.7
1437169992,Zeller,Stacy,LA,Family Practice,2023,95.443915714225,1686.75,218.0,204,17.67
1023218419,Jimenez,Gloria,CA,Internal Medicine,2022,6.5097637795,115.0,127.0,123,17.67
1790794253,Dosh,Steven,MI,Internal Medicine,2022,3.9425211287666664,69.66666666666667,207.0,163,17.67
1568889582,Kaplan,Rachel,SC,Cardiology,2023,97.33207291655806,1719.9354838709678,2961.0,2483,17.67
1265531156,Pollard,John,IL,Cardiology,2023,7.200684127233333,127.17835595766667,1040.0,931,17.66
1811253495,Chand,Robin,CA,Cardiology,2023,51.94761746131428,916.8571428571429,257.0,183,17.65
1013228592,Pruitt,James,PA,Family Practice,2023,104.32703453350001,1839.862602305,581.0,550,17.64
1174577902,Ritter,Christopher,LA,Internal Medicine,2023,92.99103113742,1638.2,624.0,562,17.62
1699733634,Armstrong,Ehrin,CA,Cardiology,2022,182.18373879885715,3210.4928880929715,1607.0,1429,17.62
1225272453,Esquivel-Vanegas,German,TX,Family Practice,2023,95.7136407067,1686.75,213.0,204,17.62
1972752954,Pemberton,Wesley,TX,Family Practice,2023,72.807392415,1282.25,195.0,188,17.61
1417005893,Hart,Matthew,MO,Family Practice,2023,71.03417048966666,1250.0,171.0,157,17.6
1720082381,Brown,Ward,WI,Cardiology,2023,103.39116352165,1818.1192001417144,609.0,575,17.58
1831214287,Harris,Carolyn,KY,Internal Medicine,2022,47.3722477825,832.75,140.0,139,17.58
1114313616,Sriwongtong,Michelle,CA,Family Practice,2022,33.50709157848,588.7314597966,232.0,130,17.57
1144230897,Phan,Melanie,CA,Internal Medicine,2023,42.85685377083333,752.6111111116667,300.0,175,17.56
1063587939,Qazi,Amina,ME,Cardiology,2022,32.936040201478946,578.1209626762632,2063.0,1765,17.55
1821282401,Suma,Valentin,WI,Cardiology,2022,38.51729614554762,675.6010074661905,2219.0,2133,17.54
1689698318,Johnson,Jeffrey,MS,Internal Medicine,2023,43.631970504339996,763.98984126984,1902.0,1251,17.51
1093194722,Farley,Danny,TX,Family Practice,2022,64.83969121578,1130.896,349.0,332,17.44
1386618908,Dial,Daniel,LA,Internal Medicine,2023,126.82745252366665,2212.0,346.0,319,17.44
1710390158,Saba,Hamida,AR,Family Practice,2023,109.46473952475,1908.00366275,686.0,645,17.43
1235391483,Wilson Hall,Nicole,ND,Family Practice,2023,72.23811213683334,1258.394407906,412.0,380,17.42
1588718464,Soto,Raquel,CA,Family Practice,2022,29.68599572656667,517.0,316.0,183,17.42
1457592339,Kleinman,Dana,FL,Internal Medicine,2023,93.52704166468,1629.49828463,418.0,399,17.42
1093153645,Parker,Michelle,TX,Family Practice,2023,77.75321553766666,1353.6666666666667,152.0,150,17.41
1861887598,Charrier,Jason,LA,Internal Medicine,2023,127.04481161533333,2212.0,318.0,294,17.41
1689698318,Johnson,Jeffrey,MS,Internal Medicine,2022,58.908261252255,1024.7742299465,2322.0,1656,17.4
1598008948,Nazir,Habib,NJ,Internal Medicine,2022,115.74571679425,2013.1048624999999,374.0,207,17.39
1891748703,Pickrell,John,WY,Cardiology,2023,75.23554767973847,1307.1430256614872,5134.0,3686,17.37
1386630648,Scherrer-Crosbie,Marielle,PA,Cardiology,2023,31.003966920939995,538.2,1556.0,1513,17.36
1700121365,Habib,Mirette,NJ,Cardiology,2022,100.47183089734546,1743.1818181818182,1049.0,394,17.35
1194724195,Degoma,Rolando,NJ,Cardiology,2022,60.29840026716666,1046.3333333333333,538.0,288,17.35
1518911023,Mandayam,Sarathy,CA,Internal Medicine,2023,107.7656773424,1869.07860774,146.0,140,17.34
1578520615,Chamas,Kevin,LA,Family Practice,2023,61.066541658860004,1058.605276988,516.0,449,17.34
1679868830,Wattigny,Christopher,AR,Family Practice,2022,70.72122604408,1225.9533532,761.0,712,17.34
1952357634,Tyler,Jeffrey,OR,Internal Medicine,2023,87.96837976533334,1523.9815228433333,125.0,100,17.32
1811037161,Jain,Renuka,WI,Cardiology,2022,39.689420132495,687.394736842,3003.0,2885,17.32
1710036850,Levine,Joseph,NY,Cardiology,2023,303.82670517630305,5259.415584415455,18308.0,10391,17.31
1629186598,Zwerner,Peter,SC,Cardiology,2022,57.65449257588333,998.2222222166666,329.0,319,17.31
1962441766,Giroir,John,LA,Family Practice,2023,87.2426781552,1509.4,483.0,448,17.3
1487073862,Huq,Nadia,WI,Internal Medicine,2023,97.851581309,1691.8595041318183,342.0,326,17.29
1477661437,Rosen,Leon,WI,Cardiology,2023,76.529032345,1323.4958333375,300.0,278,17.29
1760688204,Snavely,Jennifer,PA,Family Practice,2022,362.0646702335,6255.0,537.0,237,17.28
1073567988,Tseng,Angela,TX,Internal Medicine,2022,74.06808464127501,1279.7251188665,535.0,510,17.28
1225491046,Garcia Flores,Ernesto,TX,Family Practice,2023,74.63762536043333,1288.6666666666667,127.0,124,17.27
1578093647,Moran,James,PA,Family Practice,2022,86.8173011069619,1498.9878233395239,2836.0,2062,17.27
1871589622,Fischi,Michael,NY,Internal Medicine,2022,88.60432342084,1529.358418187,1495.0,1237,17.26
1912042235,Jafferi,Ali,CA,Internal Medicine,2022,46.621744179800004,804.25,304.0,227,17.25
1265631907,Okorie,Ikechukwu,MS,Family Practice,2023,75.93610007316666,1309.6576513383334,285.0,256,17.25
1972705333,Freeborn,Isaac,LA,Internal Medicine,2022,62.05876097206,1068.0312422605998,188.0,181,17.21
1619944980,Runnels,James,LA,Internal Medicine,2023,98.034864860125,1686.75,258.0,251,17.21
1083866099,Litchfield,Christopher,TX,Family Practice,2022,74.435381482525,1280.31666666675,159.0,156,17.2
1437719283,Schrupp,Christopher,TX,Family Practice,2022,74.5691571235,1282.25,285.0,276,17.2
1619911682,Burton,John,LA,Family Practice,2023,98.16201458005,1686.75,690.0,664,17.18
1285880815,Frazier,Derek,AZ,Internal Medicine,2023,133.1648627313077,2288.4373373338462,339.0,338,17.18
1538654355,Chen,William,CA,Family Practice,2022,59.71620868356666,1025.6666666666667,100.0,79,17.18
1831332386,Fukaya,Eri,CA,Internal Medicine,2022,71.9531098864913,1234.2220201497826,1799.0,688,17.15
1679868830,Wattigny,Christopher,AR,Family Practice,2023,74.39262255875,1275.223060025,646.0,615,17.14
1164454088,Whitney,Keyna,LA,Family Practice,2023,100.6229673015,1724.05061135,222.0,211,17.13
1083600092,Diaz,Luis,FL,Family Practice,2023,116.91196472,2003.0681818174999,722.0,713,17.13
1275768590,Silat,Nooman,TX,Internal Medicine,2022,93.19155205975,1595.45306483375,4943.0,819,17.12
1316333198,Lewandowski,David,WI,Cardiology,2023,47.6651006992,816.1961101742105,1602.0,1402,17.12
1003909300,Raymond,Russell,OH,Cardiology,2023,135.73381467229999,2324.3333333333335,108.0,108,17.12
1619195732,Singapuri,Mohammed,GA,Internal Medicine,2022,106.29726919902353,1819.9896305423529,1752.0,931,17.12
1831194471,Jensen,Peter,AL,Family Practice,2022,73.6385359527,1259.364798636,1344.0,740,17.1
1992704233,Melis,James,NY,Family Practice,2022,102.48825422033333,1751.1361474333335,916.0,381,17.09
1629638572,Napier,David,KY,Internal Medicine,2023,92.133163408,1574.5,561.0,488,17.09
1013042944,Undavia,Manish,NY,Cardiology,2022,214.0525716695,3655.4581305397223,5332.0,2415,17.08
1033146899,Menges,Jack,TX,Family Practice,2023,98.828726645125,1686.75,522.0,484,17.07
1821040148,Dunn,Dale,TX,Family Practice,2023,74.83834274750001,1276.467041725,616.0,567,17.06
1679656193,Asuncion,Merlyn,CA,Internal Medicine,2022,23.82304382813846,406.3076923076923,737.0,606,17.06
1437364676,Gandhi,Mihirkumar,WI,Internal Medicine,2022,93.41456115975001,1592.5,146.0,109,17.05
1558776781,Singh,Gurmeet,WI,Cardiology,2022,67.20322859638,1145.3601413316,1697.0,1314,17.04
1609293802,Lopez-Gonzalez,Guillermo,TX,Family Practice,2023,97.344905911675,1658.28387605,278.0,262,17.04
1033101696,Gardner,Geraldine,OR,Cardiology,2023,27.35768041995,465.67955003,242.0,185,17.02
1871989244,Pratt,Justin,LA,Family Practice,2023,99.094328544375,1686.75,439.0,407,17.02
1376781575,Gupta,Vipul,CA,Cardiology,2023,92.06341494633334,1566.7569097405556,5756.0,3056,17.02
1679602478,Rosales,Stephen,TX,Family Practice,2023,88.522934066075,1505.9157967075,193.0,190,17.01
1336227297,Latorre,Juan,NJ,Family Practice,2023,57.30002983999999,974.04929575,130.0,73,17.0
1710229448,Velasco,Rodrigo,FL,Family Practice,2023,97.75238448048,1660.2,1331.0,1218,16.98
1669442349,Davis,Michael,LA,Family Practice,2023,99.37834814314999,1686.75,849.0,800,16.97
1871537472,Kalra,Krishan,NJ,Cardiology,2022,62.10681675692857,1053.2142857142858,1793.0,1043,16.96
1700487808,Wright,Dominick,MO,Family Practice,2023,96.534721809275,1636.75,329.0,305,16.96
1477591147,Yabut,Edmond,TN,Internal Medicine,2023,102.47609780275002,1736.7591240000002,799.0,751,16.95
1528267861,Hill,David,FL,Family Practice,2023,97.24589469600001,1648.0,390.0,368,16.95
1629071451,Shin,Yoon,CA,Internal Medicine,2022,41.241633678599996,698.8653846125001,648.0,378,16.95
1043268709,Bullock,Johnny,MS,Internal Medicine,2022,121.00563622766667,2049.6666666666665,106.0,102,16.94
1407830979,Hilliard,Rudyard,TX,Family Practice,2022,44.886765997,760.276768466,163.0,159,16.94
1043634603,Rochelin,Jean Rochel Fils,TX,Family Practice,2023,76.061341319,1288.6666666666667,244.0,227,16.94
1588975361,Merron,Laura,IA,Family Practice,2023,121.69155932333335,2060.3481481333333,269.0,256,16.93
1831381078,Weller,Karl,PA,Internal Medicine,2023,102.00423534219999,1726.56733436,771.0,749,16.93
1902078041,Allen,Derron,TN,Internal Medicine,2022,94.281351859,1596.3333333333333,176.0,168,16.93
1003109869,Yourshaw,Jeffrey,SC,Cardiology,2023,89.28975795118501,1510.5,1239.0,1127,16.92
1740676956,Atzenhoefer,Marc,WI,Cardiology,2022,49.84558819248696,842.695652173913,1881.0,1600,16.91
1104802685,Chambers,Jason,LA,Family Practice,2023,99.74233433005,1686.75,566.0,541,16.91
1104802479,Cravens,William,MO,Family Practice,2023,96.809809325025,1636.75,651.0,618,16.91
1396737540,Reeves,John,LA,Internal Medicine,2023,99.773056224925,1686.75,661.0,626,16.91
1295914299,Likness,Lincoln,WI,Family Practice,2023,51.88424287772353,877.2741905488235,3164.0,976,16.91
1184980922,Goffi,Adriano,TX,Family Practice,2022,78.29482527061428,1322.958920630143,430.0,396,16.9
1831142355,Samudia,Ricardo,LA,Family Practice,2023,99.80811413275,1686.75,381.0,329,16.9
1194709832,Ramirez,Carlos,TX,Family Practice,2023,98.71464938885,1666.878488375,283.0,278,16.89
1942540877,Banks,Gerald,TX,Family Practice,2023,99.9496107707,1686.75,173.0,166,16.88
1063861706,Joseph,Anupama,WI,Cardiology,2022,30.542727272727276,515.5090909090909,466.0,440,16.88
1578593216,Simms,Aaron,PA,Internal Medicine,2023,99.9095315227,1686.75,372.0,325,16.88
1134443112,Kahn,Mark,NY,Cardiology,2022,97.10279993928181,1638.1944934586363,9935.0,2733,16.87
1588840482,Maddikunta,Rajesh,WI,Cardiology,2023,51.60963897174565,869.608131702174,4656.0,3325,16.85
1568468726,Jones,Michael,MO,Family Practice,2023,97.13859722332501,1636.75,169.0,166,16.85
1659364024,Collins,Ricky,KY,Family Practice,2023,93.42798024300001,1574.5,210.0,196,16.85
1114294592,Barnes,Jason,TX,Family Practice,2023,100.14956724985,1686.75,427.0,404,16.84
1659717312,Lane,Colleen,MN,Internal Medicine,2023,156.0021172275,2627.843415001286,1624.0,1439,16.84
1023004553,Singer,Geoffrey,AL,Family Practice,2023,119.0719222285,2002.8068181825001,656.0,648,16.82
1831108661,Owens,Derrick,TX,Family Practice,2023,91.1518023452,1533.2,351.0,332,16.82
1598763617,Clay,Penny,TX,Family Practice,2023,131.09194899899998,2204.7154834333337,739.0,681,16.82
1093730137,Parker,Larry,LA,Family Practice,2023,100.339001239125,1686.75,622.0,600,16.81
1669749511,Cantu,James,TX,Family Practice,2023,100.410179912075,1686.75,215.0,198,16.8
1407933302,Moussa,Issam,FL,Internal Medicine,2023,330.32600657125,5550.625,214.0,202,16.8
1265844401,Okoli,Okwuchukwu,TX,Internal Medicine,2023,76.721451613,1288.6666666666667,128.0,123,16.8
1336297944,Barth,John,MO,Family Practice,2023,74.73323223675,1254.5,316.0,302,16.79
1881644177,Adoni,Naveed,IL,Internal Medicine,2023,117.8314427849889,1978.9005012247778,1272.0,1137,16.79
1184673089,Ramadurai,Govind,IL,Cardiology,2023,94.07302773518605,1579.294285627186,7107.0,5722,16.79
1356455356,Cathey,George,TX,Family Practice,2022,100.01131235466666,1678.3333333333333,280.0,267,16.78
1114923901,Qureshi,Ghayas,LA,Internal Medicine,2023,131.826940347,2212.0,634.0,579,16.78
1184655268,Portilla,Luis,TN,Internal Medicine,2022,95.11380551133334,1596.3333333333333,259.0,240,16.78
1922347699,Fernandez,Ivonne,MS,Internal Medicine,2022,87.3281104867143,1465.6280534628572,618.0,417,16.78
1720080187,Rhode,Frank,NY,Internal Medicine,2023,6.1549074074,103.3,108.0,85,16.78
1689795007,Frazier,Elaine,TN,Internal Medicine,2023,98.22104462233334,1648.0,440.0,400,16.78
1689856635,Dharawat,Amita,CA,Cardiology,2022,65.91069779283333,1105.982625295,326.0,263,16.78
1538434733,Bernauer,Robert,LA,Family Practice,2023,73.57116788455001,1234.694040915,602.0,586,16.78
1679735625,Diamond,Michael,TX,Family Practice,2022,71.1204408393,1192.6983304565001,270.0,253,16.77
1144626946,Tassin,Veronica,MS,Family Practice,2022,82.83093228337499,1389.375,516.0,333,16.77
1407343619,Hoeferlin,Katie,TX,Family Practice,2023,100.55654847155,1686.75,276.0,258,16.77
1043698111,Goyal,Kamal,FL,Family Practice,2023,92.48761664311999,1549.4105069299999,1017.0,971,16.75
1710951363,Kamrani,Farzad,WI,Cardiology,2023,11.489911467150002,192.5,302.0,198,16.75
1437719283,Schrupp,Christopher,TX,Family Practice,2023,113.17841686575,1895.48,309.0,300,16.75
1124075197,Cariello,Joseph,FL,Internal Medicine,2023,99.89919637499999,1673.3255813966668,754.0,739,16.75
1730169806,Chandrasekaran,Krishnaswamy,MN,Cardiology,2023,41.94172479619,702.458441556,375.0,373,16.75
1407140106,Mcdonald,Mark,TX,Family Practice,2022,44.555272706025,746.0,487.0,462,16.74
1093721961,Polhemus,Jonathan,MS,Family Practice,2023,103.08107184640001,1725.11532091,818.0,797,16.74
1821016189,Bywaters,Daniel,TX,Family Practice,2023,113.05291525700001,1892.994312525,411.0,382,16.74
1144230897,Phan,Melanie,CA,Internal Medicine,2022,45.253727903800005,757.1666666666666,251.0,163,16.73
1740460658,Elizondo,Jennifer,CA,Family Practice,2022,54.215869108380005,906.6022222219999,195.0,130,16.72
1497861827,Lirette,Edward,LA,Internal Medicine,2023,132.31531036066667,2212.0,314.0,298,16.72
1184756447,Razani,Babak,MO,Cardiology,2022,23.0047512310125,384.4222972975,173.0,173,16.71
1710917687,Jaso,Rene,TX,Internal Medicine,2023,77.17053152999999,1288.6666666666667,183.0,172,16.7
1700083151,Spelson,Philip,AZ,Internal Medicine,2023,140.7561484057143,2351.2674574999996,184.0,184,16.7
1003109869,Yourshaw,Jeffrey,SC,Cardiology,2022,98.92383370121999,1649.5730142925,1291.0,1132,16.68
1063855302,Baggs,Justin,AR,Family Practice,2023,104.79186933975001,1747.471311475,1058.0,1012,16.68
1265456206,Johnston,William,MS,Family Practice,2023,93.906082447475,1566.2307692250001,490.0,459,16.68
1265531156,Pollard,John,IL,Cardiology,2022,7.403703373,123.44895833333334,382.0,350,16.67
1679525463,Walker,Timothy,FL,Family Practice,2023,82.13040489666668,1369.3634437333333,246.0,213,16.67
1801878756,Mamerto,Blesilda,WA,Family Practice,2022,52.69450793666667,877.7133333333333,107.0,48,16.66
1659422616,Nelson,Robert,GA,Family Practice,2023,105.1631661575,1752.5,145.0,143,16.66
1699399121,Childers,Jordan,KY,Internal Medicine,2023,94.546814106675,1574.5,281.0,268,16.65
1386038750,Escobedo,Marco,PR,Family Practice,2023,82.33783514706,1369.851196658,584.0,558,16.64
1639530173,Nguyen,Vinh-Quang,MN,Internal Medicine,2023,92.1653948718,1533.2322313214001,475.0,467,16.64
1124045679,Rizwan,Mohammad,MS,Internal Medicine,2022,79.823525389,1328.2222222222222,734.0,509,16.64
1881155893,Thomas,James,LA,Family Practice,2023,101.572154643575,1686.75,811.0,774,16.61
1881605137,Granada,Gustavo,MO,Internal Medicine,2023,120.62951612825,2003.9112903225,609.0,600,16.61
1073908109,From,Cassandra,MO,Family Practice,2023,75.5612600645,1254.5,329.0,314,16.6
1649287988,Nguyen,Si,LA,Family Practice,2023,133.287339291,2212.0,239.0,226,16.6
1598943516,Kwarteng,Collins,GA,Cardiology,2023,152.55665099808,2531.241720792,103.0,100,16.59
1295116119,Holt,Denielle,KY,Family Practice,2023,94.90631023212501,1574.5,498.0,458,16.59
1518901727,Leach,Richard,MN,Family Practice,2023,73.567385419475,1220.21127192975,249.0,229,16.59
1972781631,Bernstein,Scott,NY,Cardiology,2023,37.33287228109091,619.3427719818181,4456.0,3649,16.59
1104050061,Toledo,Claudio,TX,Family Practice,2023,90.14484261757501,1493.90910584425,599.0,551,16.57
1497792402,Wicks,Allan,WY,Cardiology,2023,76.29205555304186,1263.976620584837,6815.0,4573,16.57
1578880449,Verlander,Leo,LA,Family Practice,2023,101.7634989467,1685.4532374,232.0,228,16.56
1588656730,Anderson,Toby,TN,Family Practice,2023,95.100798566425,1574.5,256.0,239,16.56
1801294772,Farrar,Donald,MS,Family Practice,2023,84.43271437764285,1398.2359925164285,1453.0,982,16.56
1518408863,Cordova,Joseph,LA,Family Practice,2023,90.54207487216667,1498.5,623.0,590,16.55
1437410115,Ghazy,Khalid,TX,Family Practice,2023,98.7677373904,1634.5276995,354.0,329,16.55
1063473981,Rahko,Peter,WI,Cardiology,2023,33.49678417387692,554.49356685,1377.0,1341,16.55
1497872402,Yarlagadda,Sandeep,AZ,Internal Medicine,2022,32.565553549094915,538.6046915746,4297.0,2553,16.54
1578858759,Flores,James,TX,Family Practice,2023,77.9075657755,1288.6666666666667,187.0,181,16.54
1366469876,Kovacs,Sandor,MO,Cardiology,2023,13.734930548863638,227.20182424918178,5998.0,3749,16.54
1952403818,Berger,Marcie,WI,Cardiology,2022,99.34146538424885,1643.32561678,3025.0,2198,16.54
1952403818,Berger,Marcie,WI,Cardiology,2023,80.24827950976444,1326.8573614526665,3030.0,2242,16.53
1174691216,Dickson,John,MS,Internal Medicine,2022,137.31553321,2270.5,304.0,294,16.53
1154684355,Rust,Stefanie,TX,Family Practice,2023,105.7671731125,1747.49959935,589.0,564,16.52
1891878062,Kanj,Mohamed,OH,Cardiology,2023,98.09525152391667,1620.1315136630556,2577.0,1720,16.52
1316995087,Alamuri,Isaac,NY,Family Practice,2023,96.8925,1600.5050920375,1942.0,1038,16.52
1326068370,Ho,An,TX,Internal Medicine,2023,69.858918172175,1154.187000335,579.0,562,16.52
1285130914,Sandoz,Jacob,LA,Family Practice,2023,102.257386877125,1686.75,345.0,330,16.5
1639224074,Locknane,Timothy,WA,Family Practice,2022,92.02365188714285,1517.1714285714286,153.0,129,16.49
1841533221,Patel,Niral,CA,Internal Medicine,2023,80.54736765063043,1328.2438354004348,1119.0,996,16.49
1285865154,Marlow,Kereem,AR,Family Practice,2023,106.05580859225,1748.053393225,811.0,771,16.48
1871635243,Uyanne,John,CA,Internal Medicine,2022,29.309987356791666,482.9166666666667,542.0,431,16.48
1306812532,Lee,Jong,TX,Internal Medicine,2023,23.589393939500003,388.5,108.0,103,16.47
1609165760,Marlar,Justin,TN,Family Practice,2023,104.1970567555,1716.06023169,1195.0,1145,16.47
1467427096,Abraham,Theodore,CA,Cardiology,2023,53.244906412714286,876.2322417907143,780.0,707,16.46
1619959145,Zolkowski,Gregory,MO,Family Practice,2023,99.446776915525,1636.75,255.0,226,16.46
1255309837,Kahn,Sandy,NY,Cardiology,2023,99.48574513796666,1636.7548251134167,1894.0,1268,16.45
1396837217,Cooper,Warren,MO,Family Practice,2023,96.71707127052,1589.6,1038.0,969,16.44
1841545910,Stricklen,Hillary,MS,Internal Medicine,2023,81.28507364325,1335.814366795,616.0,605,16.43
1043653991,Ng,Anthony,TN,Family Practice,2023,95.805695290375,1574.5,135.0,132,16.43
1710056585,Chen,Jennifer,CA,Internal Medicine,2023,48.522924138,796.3333333324999,108.0,78,16.41
1851634786,Wang,Serena,CA,Internal Medicine,2023,47.501297069,779.6666666666666,158.0,114,16.41
1467427096,Abraham,Theodore,CA,Cardiology,2022,51.22247298304667,840.757120616,811.0,763,16.41
1669540142,Ewer,Michael,TX,Cardiology,2022,9.302785372566666,152.650314882,7455.0,4970,16.41
1841653862,Madenberg,Devin,WI,Internal Medicine,2022,54.199743214499996,889.375,211.0,166,16.41
1902980527,Poku,Joseph,GA,Cardiology,2022,183.47591986535483,3009.353046594839,2531.0,2001,16.4
1841369105,Thigpen,James,GA,Family Practice,2023,95.9964796975,1574.5,603.0,538,16.4
1417264383,Lopez,Lisa,CA,Family Practice,2022,40.11414070414286,657.5714285714286,1669.0,948,16.39
1750797494,Gwinn,Sky,AL,Internal Medicine,2023,96.08954616477499,1574.5,193.0,170,16.39
1356305684,Aldana,Tirso,MO,Internal Medicine,2023,99.86093898844999,1636.75,222.0,219,16.39
1588758726,Humble,Stephanie,LA,Family Practice,2023,102.99490149260001,1686.75,379.0,367,16.38
1326301136,Sroubek,Jakub,OH,Cardiology,2023,110.60731128226924,1811.2302920761538,1394.0,1029,16.38
1770506792,Perez,Julio,MO,Cardiology,2023,23.750690220916667,388.7258114236111,3541.0,3016,16.37
1144797101,Zhang,Mary,MO,Family Practice,2023,94.59217921749999,1548.647178175,304.0,301,16.37
1336297944,Barth,John,MO,Family Practice,2022,65.5252727086,1072.747907646,346.0,325,16.37
1962441766,Giroir,John,LA,Family Practice,2022,75.67693459782501,1237.44007264625,508.0,492,16.35
1134617335,Wilson,Kelsey,SC,Family Practice,2023,83.73818815838,1368.9011196119998,1040.0,982,16.35
1609962521,Fang,Charlie,TN,Family Practice,2023,73.59453075329999,1202.6666666666667,230.0,211,16.34
1891919395,Punukollu,Sumanth,LA,Family Practice,2023,127.31012332433333,2078.342427766667,173.0,160,16.33
1922502327,Morgan,Courtney,LA,Family Practice,2023,97.53542894945,1592.50551356,289.0,284,16.33
1750776613,Prudhomme,Matthew,LA,Internal Medicine,2023,103.294713619325,1686.75,439.0,420,16.33
1336136407,Chanler,Michael,LA,Family Practice,2023,100.33318258656,1638.2,879.0,786,16.33
1841287323,Kattenbraker,Daniel,WI,Family Practice,2023,52.9866992064,864.7328321279999,183.0,180,16.32
1972802858,Whittington,Mathew,LA,Family Practice,2023,102.073925196325,1666.288089912,369.0,345,16.32
1629097878,Sisson,Robert,SC,Cardiology,2023,67.724738708025,1104.3333333333333,2467.0,2107,16.31
1255360673,Rodriguez-Maldonado,Jose,SC,Internal Medicine,2023,105.99074405,1729.0496032,240.0,222,16.31
1902980527,Poku,Joseph,GA,Cardiology,2023,196.73895134185483,3209.6985539487096,2292.0,1777,16.31
1336183136,Wright,Charletta,MS,Internal Medicine,2023,78.32995161139999,1277.8,308.0,253,16.31
1265875686,Williams,Leah,LA,Family Practice,2023,103.41876488175001,1686.75,108.0,98,16.31
1508961574,Hernandez,Edgar,TX,Family Practice,2023,78.47323221823332,1278.5843181133334,196.0,193,16.29
1568956886,Grimsley,John,VA,Family Practice,2022,96.051048609,1563.8999999999999,471.0,221,16.28
1447394812,Khan,Shahid,CA,Internal Medicine,2023,34.69057742766667,564.6666666666666,240.0,140,16.28
1740287614,Goetsch,Nicholas,IA,Family Practice,2023,124.30320779466666,2024.047874633333,224.0,216,16.28
1285880815,Frazier,Derek,AZ,Internal Medicine,2022,177.420976543875,2889.2475267362497,226.0,226,16.28
1134276603,Kim,Irine,NY,Cardiology,2022,89.87691827555,1462.4132218166667,1597.0,637,16.27
1306224068,Turner,Samuel,AR,Family Practice,2023,86.59119643102001,1409.0,425.0,415,16.27
1851391429,Roelke,Marc,NJ,Cardiology,2023,78.56937009952703,1278.2962159256215,5981.0,4039,16.27
1215192828,Daniels,Olusesan,TX,Family Practice,2023,113.144629838,1841.145434275,419.0,399,16.27
1003017666,Nitzel,Cory,CA,Cardiology,2023,50.03566337545714,814.1414697,357.0,325,16.27
1538198924,Arrington,Alan,MS,Internal Medicine,2023,136.00303741,2212.0,211.0,200,16.26
1427096080,Emborgo,Edwin,TX,Family Practice,2023,93.22479935008,1515.9990903337998,523.0,470,16.26
1598026304,Cowan,Cecil,AR,Family Practice,2023,90.84646492905999,1477.472485906,835.0,787,16.26
1255338794,Poole,Rex,TX,Family Practice,2023,95.7660555098,1555.75,442.0,398,16.25
1366821274,Tolan,Maxwell,PA,Family Practice,2022,4.7734037831,77.56572065575,195.0,88,16.25
1922347699,Fernandez,Ivonne,MS,Internal Medicine,2023,90.270133846,1467.0,383.0,255,16.25
1679991202,Williams,Joshua,AL,Family Practice,2023,93.68363588948334,1522.3333333333333,756.0,682,16.25
1134488893,Perrin,Falon,LA,Family Practice,2023,98.10696380717499,1592.9584833725,325.0,317,16.24
1275561250,Kirstein,Robert,FL,Cardiology,2023,6.8038314176,110.5,522.0,340,16.24
1023450988,Thakore,Sanket,CT,Internal Medicine,2023,101.28907173357142,1645.2612018428572,263.0,193,16.24
1619905353,Mardan,Ali,IA,Cardiology,2022,50.04707694650909,811.8383692936363,684.0,587,16.22
1457885469,Linden,Paul,TX,Internal Medicine,2023,6.1216959064,99.192982456,171.0,112,16.2
1720185630,Jasimuddin,Sheikh,FL,Internal Medicine,2023,90.21312710058334,1461.3446229600002,1291.0,1270,16.2
1710096557,Smith,Kevin,IL,Family Practice,2023,260.1192173043846,4215.0,1090.0,567,16.2
1841221488,Forster,John,FL,Family Practice,2022,99.47084002733334,1610.7761006333333,371.0,357,16.19
1073734166,Inam,Fahad,MI,Internal Medicine,2023,95.223333118775,1540.39610589,671.0,634,16.18
1578858759,Flores,James,TX,Family Practice,2022,72.09312152769999,1166.5,252.0,242,16.18
1619918851,Cruz,Carlos,TN,Internal Medicine,2022,96.258653731,1557.1593461833334,318.0,300,16.18
1154394914,Krishna,Jaya,WI,Cardiology,2023,41.12917645639583,665.43748802625,1083.0,974,16.18
1700299138,Mcdaniel,Christopher,AR,Family Practice,2023,74.37144474333333,1202.6666666666667,189.0,180,16.17
1356537344,Anwasi,Francis,TX,Family Practice,2023,94.057806241,1521.0,273.0,266,16.17
1053365494,Igic,Petar,WI,Cardiology,2022,47.126677285199996,761.3779221331579,1104.0,1005,16.16
1164802211,Chao,Chieh-Ju,MN,Cardiology,2023,16.41982261906,265.25,180.0,180,16.15
1275768590,Silat,Nooman,TX,Internal Medicine,2023,88.092016551,1423.1022785477778,4616.0,913,16.15
1770506792,Perez,Julio,MO,Cardiology,2022,23.624854129888888,381.29878961555556,3913.0,3353,16.14
1295895050,Swensen,Kirk,WA,Family Practice,2023,74.52340457033334,1202.6666666666667,119.0,111,16.14
1164709770,Torski,Brian,OH,Internal Medicine,2022,108.93617764141668,1757.1160295035834,721.0,670,16.13
1790830628,Shah,Jatin,CA,Internal Medicine,2022,30.1581789574625,486.52356557375,1562.0,1191,16.13
1457592339,Kleinman,Dana,FL,Internal Medicine,2022,100.90660865561999,1627.259127234,569.0,542,16.13
1669442349,Davis,Michael,LA,Family Practice,2022,94.45053860116667,1523.5,697.0,672,16.13
1295785095,Istanbouli,Wajih,TN,Internal Medicine,2023,72.02280337432501,1161.5,567.0,527,16.13
1790882694,Stewart,Holly,TX,Internal Medicine,2022,46.28565641525,746.0,136.0,133,16.12
1154361715,Malik,Mobin,WI,Cardiology,2022,50.49252789726,814.1158746707999,237.0,213,16.12
1912959453,Uchendu,Chukwudi,LA,Family Practice,2023,101.51715643200001,1635.219041,515.0,483,16.11
1710181664,Akahara,Obidike,MN,Family Practice,2022,74.32857655464,1197.328,167.0,156,16.11
1487065694,Chaffin,Adrian,KY,Family Practice,2023,95.1675238204,1532.6554922237501,551.0,494,16.1
1215994397,Landry,Robert,TX,Family Practice,2022,99.17823043466666,1597.0,217.0,208,16.1
1114232865,Nadipelli,Anil,MD,Internal Medicine,2022,91.90772183421666,1478.5,1560.0,1435,16.09
1265851000,Sublette,Marcus,WI,Cardiology,2022,110.55241992806563,1779.0939909793126,1846.0,1622,16.09
1164427357,Kennedy,Ray,KY,Family Practice,2023,127.45567786999999,2051.1362745,139.0,137,16.09
1366784670,Omer,Mohamed,FL,Cardiology,2022,63.4561734325091,1020.4193014366818,1734.0,1548,16.08
1326076407,Franks,James,AR,Family Practice,2023,97.945230794225,1574.5,195.0,182,16.08
1902253842,Romney,Eric,TX,Internal Medicine,2023,80.14324353963333,1288.6666666666667,180.0,171,16.08
1871813675,Kattah,Michael,CA,Internal Medicine,2022,86.61537643895714,1393.142857142857,138.0,108,16.08
1043247117,Johnson,Steven,GA,Internal Medicine,2023,128.49079762966667,2065.0,236.0,213,16.07
1770558603,Griffin,Anthony,IL,Internal Medicine,2023,18.868607951284616,303.2489774215385,916.0,806,16.07
1174796254,Taiwo,Joseph,TX,Family Practice,2023,90.8160885845,1459.724714492,1011.0,948,16.07
1770088320,Naghdi,Eli,NY,Family Practice,2023,107.79224909271429,1732.5163985457143,2174.0,1333,16.07
1184685703,Browning,Benjamin,KY,Family Practice,2023,97.997441589875,1574.5,873.0,707,16.07
1245336148,Gill,Pavinderpal,IL,Internal Medicine,2023,40.984050303852,658.2874947316,1731.0,1298,16.06
1144626946,Tassin,Veronica,MS,Family Practice,2023,82.7066965002,1328.273350718,519.0,344,16.06
1043671571,Sass,Eric,TX,Internal Medicine,2023,88.51339080099999,1420.651949928,600.0,581,16.05
1487073862,Huq,Nadia,WI,Internal Medicine,2022,90.92079088984616,1458.4615384615386,298.0,281,16.04
1174696140,Evans,Kerry,TX,Family Practice,2023,70.125488144,1124.5401074925,299.0,284,16.04
1861557209,Gomez-Matta,Beatriz,CA,Family Practice,2023,67.28648199085714,1079.2857142857142,334.0,251,16.04
1679525463,Walker,Timothy,FL,Family Practice,2022,80.5022135774,1290.681891035,201.0,182,16.03
1083600092,Diaz,Luis,FL,Family Practice,2022,125.063951624,2003.175675675,815.0,796,16.02
1356792790,Kusimo,Ibukunoluwa,AL,Family Practice,2023,98.36662775685,1574.5,320.0,306,16.01
1821016189,Bywaters,Daniel,TX,Family Practice,2022,117.85163399575,1887.267308575,468.0,427,16.01
1902848864,Mendoza,Anthony,CA,Family Practice,2023,46.50325091575,744.25,111.0,69,16.0
1427161538,Tolan,Daniel,TN,Family Practice,2023,88.0366178289,1409.0,185.0,184,16.0
1720061096,Cagin,Charles,WI,Cardiology,2023,64.06640045492857,1025.0845668985714,3488.0,2779,16.0
1336183136,Wright,Charletta,MS,Internal Medicine,2022,93.17098861720001,1491.2,137.0,126,16.0
1942236401,Gwynn,Robert,CA,Cardiology,2023,19.859144452914286,317.5378549198571,3801.0,2594,15.99
1164482162,Cotner,James,AR,Family Practice,2023,98.4777985995,1574.5,449.0,412,15.99
1356874747,Erskine,Amanda,KY,Family Practice,2023,98.53188984619999,1574.5,307.0,289,15.98
1063853570,Buzzinotti,Zachri,PA,Internal Medicine,2023,117.28134969,1873.7,163.0,154,15.98
1568724045,Njopang,Collette,KY,Internal Medicine,2023,98.51553334087501,1574.5,642.0,502,15.98
1184840175,Cohen,Scott,WI,Cardiology,2022,44.89100878675,717.5034580035715,1567.0,1330,15.98
1467568220,Widlansky,Michael,WI,Internal Medicine,2022,41.0381690544,655.5245277971428,285.0,281,15.97
1568468726,Jones,Michael,MO,Family Practice,2022,70.8566108298,1131.5,100.0,99,15.97
1689967705,Alsara,Osama,MI,Internal Medicine,2023,50.358442261993105,803.4902722230344,2157.0,1952,15.96
1295791937,Shammo,Salim,WI,Cardiology,2022,44.946014981652176,717.2439373982609,2281.0,1770,15.96
1962721027,Patel,Ronak,TX,Family Practice,2023,25.3666666665,404.691,1639.0,217,15.95
1366768434,Serrano,Stephen,LA,Family Practice,2023,102.70476393128001,1638.2,959.0,895,15.95
1487610564,Roller,Richard,AL,Family Practice,2023,98.696049625,1574.5,547.0,487,15.95
1275800708,Ahmad,Shawn,NH,Cardiology,2023,58.98148567393601,940.7175158624,2603.0,2342,15.95
1023004553,Singer,Geoffrey,AL,Family Practice,2022,125.68839770700001,2002.8685897425,952.0,925,15.94
1124045679,Rizwan,Mohammad,MS,Internal Medicine,2023,83.22574338075,1326.5,542.0,415,15.94
1831155951,Kimbro,Michael,TN,Family Practice,2023,75.4359873291,1202.6666666666667,107.0,98,15.94
1225491046,Garcia Flores,Ernesto,TX,Family Practice,2022,73.185673575175,1166.5,137.0,137,15.94
1053375386,Boggs,Bruce,TN,Family Practice,2023,98.843388947025,1574.5,828.0,750,15.93
1831108661,Owens,Derrick,TX,Family Practice,2022,96.27017136286,1533.2,364.0,341,15.93
1700893393,Yetman,Sean,NY,Cardiology,2023,494.64564312588885,7875.555555555556,727.0,418,15.92
1740383637,Minix,David,KY,Family Practice,2023,88.5166994055,1409.0,768.0,638,15.92
1285628073,Taub,Cynthia,NY,Cardiology,2023,40.20003070051428,640.1803307807143,886.0,833,15.92
1134167877,Stell,Gerald,LA,Family Practice,2023,102.87728511539999,1638.05103306,1144.0,980,15.92
1437299088,Biermann,Kerry,WA,Family Practice,2022,8.89174145568,141.6,198.0,135,15.92
1124057534,Turner,Robert,TN,Family Practice,2023,77.023335149,1225.3333333333333,350.0,336,15.91
1285823641,Peters,Justus,TX,Family Practice,2022,60.76403276966667,966.6666666666666,130.0,123,15.91
1114980406,De Wit,Crystal,WV,Family Practice,2023,75.59900538133333,1202.6666666666667,127.0,125,15.91
1124075197,Cariello,Joseph,FL,Internal Medicine,2022,105.32009081333335,1673.2542372866665,746.0,730,15.89
1831381078,Weller,Karl,PA,Internal Medicine,2022,126.03041041825,2002.82,770.0,735,15.89
1053565424,Haims,Ziv,FL,Internal Medicine,2023,88.02760171175,1398.6502431,196.0,177,15.89
1508815176,Jenkins,Shawn,TX,Family Practice,2022,73.401254690775,1165.43639969425,220.0,217,15.88
1104313683,Clampitt,Aaron,VA,Family Practice,2023,99.23470954960001,1574.5,774.0,725,15.87
1992267892,Higgins,Andel,GA,Family Practice,2023,115.6459562865,1835.04628005,322.0,302,15.87
1902000995,Di Fiore,Richard,NY,Family Practice,2023,551.54956562,8755.0,353.0,273,15.87
1881674141,Dorrell,Thomas,TX,Family Practice,2022,46.992392701425004,746.0,165.0,162,15.87
1740208867,Romaguera,Michael,LA,Family Practice,2023,99.71124878455001,1582.8746109225,604.0,540,15.87
1982969838,Kawasaki,Brian,CA,Family Practice,2022,49.346617936,783.0,147.0,77,15.87
1497940753,Adams,James,KY,Family Practice,2023,99.194183807775,1574.5,246.0,222,15.87
1912056300,Ramirez,Anthony,TN,Family Practice,2023,99.277172019025,1574.5,637.0,582,15.86
1710036850,Levine,Joseph,NY,Cardiology,2022,343.7440513303333,5453.437174470909,15787.0,9932,15.86
1700063351,Celarie,Norberto,TN,Family Practice,2022,72.963889969925,1156.68760162525,535.0,484,15.85
1790110955,Singh,Amandeep,NY,Family Practice,2022,85.22679874811111,1351.2528792711112,924.0,554,15.85
1013924695,Amporful,Sam,GA,Family Practice,2023,99.31586062630001,1574.5,251.0,227,15.85
1881605137,Granada,Gustavo,MO,Internal Medicine,2022,126.37915286325,2003.2820512825,693.0,680,15.85
1154362267,Easley,Seth,AR,Family Practice,2023,95.14837628225,1507.6454091555,711.0,692,15.85
1093721961,Polhemus,Jonathan,MS,Family Practice,2022,126.4600298885,2003.0833333325,835.0,821,15.84
1619172228,Burri,Manjula,IN,Cardiology,2022,18.70681148324,296.4,245.0,237,15.84
1114902541,Brombach,Joseph,TN,Family Practice,2022,68.742528261075,1088.75,113.0,103,15.84
1063855302,Baggs,Justin,AR,Family Practice,2022,110.34973173875,1747.61728395,1228.0,1163,15.84
1770558603,Griffin,Anthony,IL,Internal Medicine,2022,18.442281700333336,291.92980953333335,899.0,818,15.83
1538524723,Campbell,Kelly,TX,Internal Medicine,2023,86.02353964599999,1361.766717606,353.0,345,15.83
1073908109,From,Cassandra,MO,Family Practice,2022,79.02323748250001,1250.60714285,105.0,103,15.83
1841326477,Nachnani,Bharti,CA,Family Practice,2022,19.375440271371428,306.57142857142856,819.0,661,15.82
1548315062,Rogers,John,NC,Family Practice,2023,56.612972510400006,895.74069128,153.0,146,15.82
1407044639,Leeper,Nicholas,CA,Cardiology,2022,44.83050449837059,708.6725363817648,1050.0,997,15.81
1821295528,Kitsteiner,John,AE,Family Practice,2023,99.59565569505,1574.5,801.0,725,15.81
1124118005,Sandness,Kathleen,KS,Internal Medicine,2023,6.437258702525,101.75,364.0,322,15.81
1841352424,Ryman,James,TX,Family Practice,2022,61.15482949466667,966.6666666666666,128.0,127,15.81
1346246162,Konstantinou,Chris,WI,Cardiology,2023,41.61939783409655,657.8162064346552,1480.0,1295,15.81
1750303806,Casey,Bryan,SC,Family Practice,2023,99.68172573704999,1574.5,239.0,224,15.8
1720048226,Broussard,Gerard,LA,Internal Medicine,2023,100.31298445224999,1585.3369443925,391.0,384,15.8
1710229448,Velasco,Rodrigo,WV,Family Practice,2022,105.10620032066,1660.2,1122.0,1040,15.8
1306911649,Abdo,Nasser,CA,Internal Medicine,2022,55.11773605756667,870.5,385.0,246,15.79
1548232754,Kettinger,James,OH,Family Practice,2023,99.78213062340001,1575.5580986,371.0,338,15.79
1811975550,Peter,Carl,SC,Family Practice,2023,76.22670940156667,1202.6666666666667,282.0,257,15.78
1912369919,Shalaby,Michael,PA,Internal Medicine,2023,98.73835068938,1557.6,503.0,486,15.78
1689296592,Pike,Aaron,TX,Internal Medicine,2023,130.89842491,2065.0,150.0,146,15.78
1356782783,Mohananey,Divyanshu,WI,Internal Medicine,2022,36.75087162726667,579.7777777777778,579.0,525,15.78
1740280718,Scott,Keith,SC,Family Practice,2023,76.27348185666666,1202.6666666666667,158.0,153,15.77
1093247926,Wright,Tremaine,NY,Family Practice,2022,77.256180380625,1217.84401406,466.0,277,15.76
1952355653,Waller,Jason,MS,Family Practice,2023,89.4202907079,1409.0,1552.0,1414,15.76
1447215488,Diwan,Abhinav,MO,Cardiology,2022,17.88094895552,281.850471698,171.0,171,15.76
1124057534,Turner,Robert,TN,Family Practice,2022,73.738329475525,1161.5,425.0,397,15.75
1619923729,Kehler,George,TN,Family Practice,2023,100.034127603125,1574.5,719.0,650,15.74
1285175687,Calini,Romain,MI,Internal Medicine,2022,78.27294226875,1232.18936307375,736.0,451,15.74
1245336148,Gill,Pavinderpal,IL,Internal Medicine,2022,50.984049750055,802.52142857,1808.0,1252,15.74
1821040148,Dunn,Dale,TX,Family Practice,2022,80.42532843235,1265.7787129682501,579.0,533,15.74
1205946126,Min,David,NH,Cardiology,2023,49.20332789374074,774.1899461929629,3405.0,3000,15.73
1073576138,Mindikoglu,Ayse,MD,Internal Medicine,2022,111.13602449,1748.583333325,127.0,83,15.73
1700083151,Spelson,Philip,AZ,Internal Medicine,2022,180.3901442058889,2836.4671722000003,162.0,162,15.72
1689659054,Langley,Olga,TX,Family Practice,2022,106.255272280225,1670.60161635,374.0,352,15.72
1457381394,Feagan,Joseph,NM,Family Practice,2023,96.99626420199999,1523.86089274,403.0,381,15.71
1659717312,Lane,Colleen,MN,Internal Medicine,2022,180.520932225176,2835.2089228008,1661.0,1592,15.71
1942540877,Banks,Gerald,TX,Family Practice,2022,96.10372570356,1509.4,228.0,221,15.71
1083790083,Eppolito,John,NH,Family Practice,2023,124.8945198965,1960.25,529.0,484,15.7
1215114236,Montes,Javier,TX,Family Practice,2022,107.430015780275,1686.75,375.0,338,15.7
1205081320,Smith,John,LA,Internal Medicine,2023,132.24164911233333,2076.2558951333335,361.0,315,15.7
1083678072,Casey,Shannon,TX,Family Practice,2023,92.07053962180001,1444.168734454,738.0,682,15.69
1588606826,Sztyber,Gerard,NC,Family Practice,2023,131.69910052133332,2065.0,278.0,265,15.68
1215900022,Wallhaus,Thomas,WI,Cardiology,2023,42.44920753685653,665.5099636834783,1292.0,1133,15.68
1992750947,Dove,Erin,VA,Family Practice,2023,97.54036867213999,1529.2,550.0,499,15.68
1063499002,Lock,James,MS,Internal Medicine,2022,48.7416821502,763.6666666666666,149.0,112,15.67
1275561250,Kirstein,Robert,FL,Cardiology,2022,7.0517808219,110.5,438.0,274,15.67
1467849430,Schmidt,Kelly,WI,Cardiology,2023,108.80292623074999,1704.575,135.0,129,15.67
1992048581,Bharucha,Rahul,PA,Family Practice,2022,4.8988547301,76.71069820633333,487.0,102,15.66
1205866332,Naum,Efstathios,WI,Cardiology,2022,59.775110582341675,935.7152777777916,1697.0,1433,15.65
1265851000,Sublette,Marcus,WI,Cardiology,2023,105.81920704574375,1656.5827671143438,2413.0,2093,15.65
1225492952,Cook,Scott,PA,Family Practice,2023,86.17654588410001,1347.8,373.0,362,15.64
1790842870,Topinka,Marcus,OH,Family Practice,2023,132.01429198399998,2064.9205298,442.0,411,15.64
1598911281,Gill,Shabaz,IL,Family Practice,2022,117.4530682855,1835.573086255,695.0,647,15.63
1023450988,Thakore,Sanket,CT,Internal Medicine,2022,99.834469900875,1560.2622950875,324.0,232,15.63
1629097878,Sisson,Robert,SC,Cardiology,2022,74.98536816315,1171.397118755,2493.0,2073,15.62
1598763617,Clay,Penny,TX,Family Practice,2022,119.01874391125,1859.0,661.0,622,15.62
1902251614,Zeiler,Jacob,TN,Family Practice,2022,72.005323077,1124.82884156825,140.0,138,15.62
1447353750,Williams,James,TX,Family Practice,2022,118.8833169415,1857.4365079250001,288.0,277,15.62
1871798470,Arnaout,Rima,MA,Cardiology,2023,49.685229738271424,775.4074945992858,693.0,645,15.61
1215192828,Daniels,Olusesan,TX,Family Practice,2022,96.74013841858,1510.1496738736,509.0,494,15.61
1174622153,Marchetti,Anthony,GA,Internal Medicine,2023,100.91517777082501,1574.5,507.0,468,15.6
1336130111,Green,Daniel,GA,Family Practice,2023,98.70840675875,1539.43595309075,402.0,376,15.6
1114232865,Nadipelli,Anil,MD,Internal Medicine,2023,100.28287736120001,1563.6233433625,1119.0,1036,15.59
1497316947,Ahmed,Ashfaq,NY,Internal Medicine,2022,68.9646409055,1074.2882149325,222.0,133,15.58
1295706976,Aina,Olayinka,OH,Internal Medicine,2023,66.8621557916,1040.7142857142858,485.0,445,15.57
1295785095,Istanbouli,Wajih,TN,Internal Medicine,2022,74.670235262275,1161.5,668.0,623,15.56
1811139306,Mangel,Ryan,FL,Family Practice,2023,97.23178285062501,1513.186594975,385.0,372,15.56
1538352604,Phillips,Paul,VA,Family Practice,2023,100.22017835847501,1559.38684210525,295.0,256,15.56
1124108212,Shahin,George,CA,Internal Medicine,2023,50.22744381325,781.151430975,177.0,169,15.55
1508197997,Guthikonda,Ramesh,IL,Internal Medicine,2023,101.04163778694999,1571.1735701625,1071.0,992,15.55
1306831334,Hoefle,Jeffrey,TX,Family Practice,2022,47.970305918,746.0,126.0,121,15.55
1215900022,Wallhaus,Thomas,WI,Cardiology,2022,31.333767764776926,486.9687187373077,1813.0,1622,15.54
1386642924,Farrell,Daniel,FL,Family Practice,2023,110.1179956325,1711.73521505,175.0,170,15.54
1710046636,Murray,Wayne,TN,Internal Medicine,2023,101.398960729825,1574.5,613.0,573,15.53
1316997943,Austin,Bryan,WI,Internal Medicine,2023,58.75617937995,912.20488084125,7912.0,6188,15.53
1821415910,Carter,David,TX,Family Practice,2023,100.7213397659,1563.7374591500002,513.0,460,15.53
1740634740,Gaddis,Meghan,LA,Family Practice,2023,135.46488608033334,2102.5423455666664,134.0,131,15.52
1417099060,Myat,Ko Ko,CA,Internal Medicine,2022,21.49736970783889,333.6666666666667,556.0,464,15.52
1912042235,Jafferi,Ali,CA,Internal Medicine,2023,25.870482545999998,401.408955224,520.0,417,15.52
1407857725,Rumph,Gregory,TX,Internal Medicine,2023,106.33865237325,1649.65,294.0,288,15.51
1417932278,Bednarek,Karl,NY,Internal Medicine,2022,104.73392983873,1623.6,701.0,639,15.5
1598924136,Luan,Aiping,KY,Internal Medicine,2023,101.6044077277,1574.5,269.0,208,15.5
1841221488,Forster,John,FL,Family Practice,2023,80.17257375700001,1241.8862691625,106.0,105,15.49
1578537189,Ivanov,Ruslan,FL,Family Practice,2023,77.70737747462856,1203.8987776785714,2737.0,2636,15.49
1609165760,Marlar,Justin,TN,Family Practice,2022,89.78891279526002,1390.4225636562,1274.0,1214,15.49
1477591147,Yabut,Edmond,TN,Internal Medicine,2022,110.5962155845,1713.5723357925,872.0,822,15.49
1881665958,Sweetland,James,CA,Family Practice,2022,90.99010705667999,1409.0,276.0,259,15.49
1649476656,Munroe,Martin,TX,Family Practice,2023,97.98975737219999,1517.1941125125,233.0,225,15.48
1528276615,Alberaqdar,Enis,NJ,Internal Medicine,2022,71.61009925784616,1108.4615384615386,4741.0,525,15.48
1972659241,Shah,Waseem,AR,Family Practice,2023,97.415031527625,1507.6478512249998,762.0,723,15.48
1275892119,Chande,Neha,CA,Family Practice,2023,52.6046265725,814.25,177.0,150,15.48
1912098781,Qureshi,Naseem,MS,Internal Medicine,2023,83.8017710826,1297.568863904,579.0,383,15.48
1811037161,Jain,Renuka,WI,Cardiology,2023,45.17619863936364,699.4119769136364,3908.0,3611,15.48
1578593216,Simms,Aaron,PA,Internal Medicine,2022,96.61173418716001,1494.1293711160001,398.0,355,15.47
1841545910,Stricklen,Hillary,MS,Internal Medicine,2022,104.013890264,1607.5536406266667,593.0,576,15.46
1851321582,Olutimehin,Omobolaji,TX,Family Practice,2022,83.20933134178,1286.776,242.0,230,15.46
1033146899,Menges,Jack,TX,Family Practice,2022,97.6497430334,1509.4,557.0,536,15.46
1154471944,Mitchell,Thomas,KS,Family Practice,2023,101.306998564075,1566.5506284975,554.0,528,15.46
1689659054,Langley,Olga,TX,Family Practice,2023,100.746278088975,1556.1787402250002,252.0,242,15.45
1376693317,Guiney,Benjamin,NC,Family Practice,2023,133.69489453,2065.0,369.0,353,15.45
1689624850,Jung,Frank,WI,Cardiology,2023,53.66996878273429,829.4538253511429,4756.0,3841,15.45
1558511519,Wang,John,IL,Family Practice,2023,91.2403201206,1409.0,413.0,377,15.44
1508961574,Hernandez,Edgar,TX,Family Practice,2022,97.73451586254001,1509.4,253.0,251,15.44
1154740454,Miranda,Renee,TN,Family Practice,2023,101.97485169500001,1574.5,195.0,188,15.44
1407205156,Scott,Clifton,MS,Family Practice,2023,122.19881364225,1885.75,1335.0,1209,15.43
1477526515,Bellissimo,Joseph,WI,Cardiology,2022,47.50850067495,733.0934035122727,1425.0,1272,15.43
1790203461,Tisdale,Ronald,AL,Family Practice,2023,105.37164896649999,1626.31858405,143.0,130,15.43
1588907992,Spiel,Andrew,WI,Internal Medicine,2022,92.91612018640001,1433.3962963,166.0,160,15.43
1326308263,Cantu,Conrado,TX,Family Practice,2022,117.1272920545,1807.0,244.0,237,15.43
1730101593,Shah,Saqib,VA,Internal Medicine,2023,102.08377200199999,1574.5,515.0,463,15.42
1619905353,Mardan,Ali,IA,Cardiology,2023,57.80233718203,891.3709883700001,312.0,265,15.42
1487686911,Stock,Eveline,CA,Cardiology,2023,53.02816319978667,817.8358406906666,1168.0,1117,15.42
1255331849,Costeas,Constantinos,NJ,Cardiology,2022,86.48905104240741,1332.8317640156665,5324.0,3411,15.41
1104050061,Toledo,Claudio,TX,Family Practice,2022,91.21692985140001,1405.3291404285999,680.0,611,15.41
1962450908,Grosser,Mayer,NY,Internal Medicine,2023,99.142966354875,1528.0,453.0,375,15.41
1710987201,Pamidi,Madhavi,NJ,Cardiology,2023,100.48859913689428,1548.0307816500572,4724.0,3503,15.41
1083668271,Faldon,Salih,GA,Family Practice,2023,102.20652847565,1574.5,262.0,250,15.41
1639530173,Nguyen,Vinh-Quang,MN,Internal Medicine,2022,91.53040536992,1409.2485046607999,254.0,250,15.4
1932105061,Johnson,Gordon,WI,Cardiology,2023,4.075443292566667,62.76531986533333,2284.0,1666,15.4
1427252022,Bartos,David,TX,Internal Medicine,2022,98.24720498557143,1512.142857142857,593.0,562,15.39
1437472941,Ahmad,Tariq Ali,PA,Internal Medicine,2023,189.65775060464708,2917.818539733588,876.0,766,15.38
1104440544,Dabbs,Ridgeland,MS,Family Practice,2023,134.29192437400002,2065.0,122.0,118,15.38
1245296979,Yetter,Tad,IL,Internal Medicine,2022,82.28781863778333,1265.6666666666667,118.0,88,15.38
1982673117,Mcpherson,Craig,CT,Cardiology,2023,6.2335,95.8672,100.0,98,15.38
1770960908,Messeroux,Noumeda,TX,Family Practice,2022,98.22160774540001,1509.4,188.0,184,15.37
1174579908,Sasinouski,John,TN,Family Practice,2023,100.86858814495,1550.80473947,440.0,386,15.37
1831309517,Slotwiner,Alexander,NY,Cardiology,2023,104.82394586882381,1611.1291289190474,3151.0,2361,15.37
1104802479,Cravens,William,MO,Family Practice,2022,95.28317223276,1464.6,1018.0,978,15.37
1255865010,King-Stevens,Holly,AL,Family Practice,2023,9.67625,148.60714285712498,186.0,170,15.36
1215324140,Pearson,David,TX,Family Practice,2022,72.68147170595,1116.66440258325,329.0,321,15.36
1699903526,Ono,Chikako,VA,Cardiology,2023,56.66835875704482,869.6713710040345,4169.0,3367,15.35
1841222130,Simmons,Christopher,LA,Internal Medicine,2022,75.41357442,1157.87956626,333.0,318,15.35
1407933302,Moussa,Issam,FL,Internal Medicine,2022,397.615746078,6101.875,187.0,177,15.35
1548654965,Sluhoski,Joseph,FL,Family Practice,2022,115.26365935566666,1769.2222222333332,121.0,118,15.35
1053396242,Noreuil,Todd,WI,Cardiology,2023,46.78881745938,717.8573333319999,1449.0,1298,15.34
1619911682,Burton,John,LA,Family Practice,2022,98.40424628324,1509.4,559.0,543,15.34
1194809541,Yousef,Samir,NY,Internal Medicine,2022,80.4731825958,1234.553781032,506.0,238,15.34
1710390158,Saba,Hamida,AR,Family Practice,2022,109.99986004659999,1686.0,740.0,693,15.33
1134167877,Stell,Gerald,LA,Family Practice,2022,121.23532137875,1859.0,1175.0,1032,15.33
1740471960,Bowman,Kenny,TX,Family Practice,2023,102.77960233835,1574.5,475.0,375,15.32
1063701076,Fadia,Ankur,VA,Internal Medicine,2023,99.00029859405001,1516.20860299025,745.0,683,15.32
1649476656,Munroe,Martin,TX,Family Practice,2022,110.08558332465,1686.75,158.0,151,15.32
1831241264,Riley,Roth,NJ,Internal Medicine,2023,39.7715372696875,609.1671879225,47958.0,2432,15.32
1003870932,Harper,Don,TX,Family Practice,2023,85.84050872982,1314.9493955206,453.0,408,15.32
1679936637,Akl,Karim,NJ,Internal Medicine,2023,118.17999999999999,1810.987560225,234.0,137,15.32
1043634603,Rochelin,Jean Rochel Fils,TX,Family Practice,2022,76.2085618409,1166.5,193.0,183,15.31
1447271481,Pinon,Raul,WI,Family Practice,2023,106.36678395075,1628.2978395,151.0,145,15.31
1619946514,Cummings,Susan,CA,Internal Medicine,2023,97.687905533975,1495.134615385,109.0,98,15.31
1902005622,Chhabra,Amit,NY,Cardiology,2023,77.24951222160571,1181.588305267857,4675.0,2975,15.3
1093730137,Parker,Larry,LA,Family Practice,2022,110.280766096425,1686.75,293.0,287,15.3
1376862938,Abdi Moradi,Sohail,CA,Internal Medicine,2022,51.06902607499,781.0237144390001,426.0,367,15.29
1386038750,Escobedo,Marco,PR,Family Practice,2022,90.13470300104,1378.6073327292002,585.0,568,15.29
1033143060,Lumpkin,Anitricia,AL,Family Practice,2023,75.90728121796667,1160.3333333333333,192.0,185,15.29
1295895050,Swensen,Kirk,WA,Family Practice,2022,71.218262321425,1088.75,179.0,172,15.29
1154638682,Jaikumar,Likhitesh,OH,Internal Medicine,2022,92.67567740933333,1417.3333333333333,125.0,120,15.29
1487759064,Roberts,Victor,OK,Family Practice,2022,92.20500283734,1409.0,847.0,792,15.28
1164459756,Cortes,Oscar,TX,Family Practice,2022,118.23962347349999,1807.0,135.0,134,15.28
1518983063,Banooni,Marjan,CA,Family Practice,2023,38.6668888174,591.0,162.0,133,15.28
1639106438,Gallman,Brian,AZ,Internal Medicine,2023,109.0884545455,1665.4763323,168.0,152,15.27
1366768434,Serrano,Stephen,LA,Family Practice,2022,98.83038623292,1509.4,1070.0,990,15.27
1851391429,Roelke,Marc,NJ,Cardiology,2022,82.10152497064999,1253.8458942145357,5779.0,3590,15.27
1457422230,Meskin,Joshua,WI,Cardiology,2022,45.264037234392305,691.1305255846154,793.0,748,15.27
1801848973,Folashade,Caroline,AL,Internal Medicine,2023,76.0431677031,1160.3333333333333,382.0,373,15.26
1811936347,Roller,Dean,FL,Cardiology,2023,6.7805072464,103.5,414.0,301,15.26
1225272453,Esquivel-Vanegas,German,TX,Family Practice,2022,98.9679530913,1509.4,263.0,260,15.25
1881155893,Thomas,James,LA,Family Practice,2022,110.619241091125,1686.75,178.0,174,15.25
1831115328,Babb,Eric,TX,Family Practice,2022,90.96308238229999,1386.9073368734,500.0,482,15.25
1154703254,Mcgee,Lauren,VA,Family Practice,2023,103.252093951625,1574.5,303.0,275,15.25
1437577046,Wong,Anita,CA,Family Practice,2023,58.23988973525,886.75,200.0,140,15.23
1437107349,Rogers,Paul,FL,Family Practice,2023,77.10596050133334,1174.3333333333333,204.0,191,15.23
1174722383,Williams Khmelev,Megan,TX,Family Practice,2022,49.026646241725004,746.0,129.0,120,15.22
1821415910,Carter,David,TX,Family Practice,2022,97.81831020472,1488.269123054,692.0,631,15.21
1578520615,Chamas,Kevin,LA,Family Practice,2022,76.6991215525,1165.47605758,290.0,275,15.2
1447214762,Williams,John,NC,Cardiology,2023,132.5777792605,2015.7614439879999,777.0,715,15.2
1659314748,Skarda,John,NC,Family Practice,2023,79.18039582806666,1202.6666666666667,247.0,223,15.19
1083630214,Cresci,Sharon,MO,Cardiology,2022,25.240471646072727,383.3789926290909,640.0,640,15.19
1629256177,Tison,Geoffrey,MD,Cardiology,2023,52.58307537896667,798.957309832,651.0,615,15.19
1215114236,Montes,Javier,TX,Family Practice,2023,102.864638023,1561.9451952,167.0,157,15.18
1669749511,Cantu,James,TX,Family Practice,2022,99.4015705863,1509.4,274.0,250,15.18
1164785457,Risner,Benjamin,KY,Family Practice,2023,103.88833878002501,1574.5,354.0,316,15.16
1962799098,Gondal,Bilal,IN,Internal Medicine,2022,90.46144270067143,1371.6811679525713,835.0,731,15.16
1346318011,Allen,William,FL,Internal Medicine,2023,99.386811032125,1506.4177988125,303.0,294,15.16
1285016311,Grover,Stanley,VA,Family Practice,2023,103.94445837399999,1574.5,442.0,397,15.15
1932105061,Johnson,Gordon,WI,Cardiology,2022,4.718768992425,71.49086888375001,5402.0,3600,15.15
1366838773,Hu,Ray,PA,Cardiology,2022,25.159085703766667,381.1111111111111,435.0,415,15.15
1811331804,Watts,Joshua,KY,Family Practice,2023,100.91350833272,1529.2,852.0,776,15.15
1366469876,Kovacs,Sandor,MO,Cardiology,2022,14.053870717927271,212.75717018345452,8529.0,4721,15.14
1104802685,Chambers,Jason,LA,Family Practice,2022,99.79329135416,1509.4,660.0,629,15.13
1417932278,Bednarek,Karl,NY,Internal Medicine,2023,108.94043203769999,1648.2047619048,716.0,653,15.13
1902253842,Romney,Eric,TX,Internal Medicine,2022,76.816111474575,1162.6022727275,242.0,240,15.13
1619923729,Kehler,George,TN,Family Practice,2022,93.10889577542,1409.0,734.0,670,15.13
1780996793,Stewart,Bradford,AR,Family Practice,2023,105.83197634425,1600.8808138650002,581.0,528,15.13
1881033694,Northup,Amanda,SC,Cardiology,2023,45.840933442915386,693.0,1143.0,1093,15.12
1497794606,Croasdell,John,IN,Family Practice,2023,66.30967835055,1001.704188475,459.0,414,15.11
1699769141,Nathan,Julia,TX,Internal Medicine,2023,96.724261947625,1461.75,452.0,417,15.11
1891778528,Appleton,Christopher,AZ,Cardiology,2023,69.94591250414285,1056.0392857142856,215.0,193,15.1
1265753743,Edwards,William,SC,Cardiology,2023,50.938456301224996,769.4166666666666,4611.0,4044,15.1
1396837217,Cooper,Warren,MO,Family Practice,2022,96.26515367268333,1454.0,1196.0,1085,15.1
1164454088,Whitney,Keyna,LA,Family Practice,2022,102.9977777681,1555.01185682,256.0,252,15.1
1568452696,Avery,Shane,IN,Family Practice,2023,60.38637398866,911.5485928639998,433.0,396,15.1
1801891387,Farris,Michael,MO,Family Practice,2022,92.57250940204,1397.639360632,625.0,597,15.1
1497912273,Pechenko,Irina,MI,Family Practice,2023,100.15096083894,1511.94355584,314.0,299,15.1
1306232863,Lutz,Megan,WI,Internal Medicine,2023,98.8446748115,1492.3375,207.0,194,15.1
1033143060,Lumpkin,Anitricia,AL,Family Practice,2022,96.393597810125,1455.75,283.0,261,15.1
1790769966,Lester,Steven,AZ,Cardiology,2023,38.9629518054,588.02677551,1765.0,1681,15.09
1073734166,Inam,Fahad,MI,Internal Medicine,2022,90.35019902746,1362.7316580381998,707.0,685,15.08
1063672863,Xie,Edward,OH,Family Practice,2023,79.76317172593333,1202.6666666666667,187.0,173,15.08
1407343619,Hoeferlin,Katie,TX,Family Practice,2022,110.4862597513,1664.479363285,167.0,157,15.07
1053623884,Updike,Wesley,OK,Family Practice,2022,97.19354780114,1464.493580458,479.0,461,15.07
1245677061,Klein,Evan,WI,Cardiology,2022,73.64794594575,1109.75,173.0,90,15.07
1265969422,Kerbl,David,WI,Cardiology,2023,30.11496578210833,453.7583333333334,931.0,724,15.07
1306861844,Goulet,Karen,MI,Family Practice,2023,137.01874401633333,2065.0,222.0,210,15.07
1093798134,Anderson,Blake,MO,Family Practice,2022,94.29084579619999,1421.0542179505999,505.0,460,15.07
1164462958,Sahay,Chandan,KY,Internal Medicine,2023,101.5601306249,1529.2,1050.0,869,15.06
1942255112,Belkowski,George,MI,Family Practice,2023,137.08844907333332,2065.0,118.0,116,15.06
1659375020,Eisenberg,Andrew,FL,Family Practice,2022,96.4979999432,1453.739509356,515.0,502,15.06
1295932176,Calvin,Andrew,WI,Cardiology,2023,31.645658562514285,476.61707988999996,2300.0,2046,15.06
1407296874,Khan,Usman,IL,Family Practice,2022,85.54863361573332,1288.6666666666667,170.0,164,15.06
1194161323,Seminara,Brittany,NC,Internal Medicine,2022,108.33220767922222,1631.6666666666667,263.0,259,15.06
1396737540,Reeves,John,LA,Internal Medicine,2022,100.27833380954,1509.4,747.0,713,15.05
1114294592,Barnes,Jason,TX,Family Practice,2022,100.32490050036,1509.4,449.0,437,15.05
1003222522,Yu,Matthew,PA,Family Practice,2022,40.599044146316665,611.1666666666666,163.0,125,15.05
1063473981,Rahko,Peter,WI,Cardiology,2022,34.87932908605715,524.9782312928571,1175.0,1142,15.05
1427391465,Pita,Rafael,FL,Family Practice,2023,97.0149069274,1459.8,914.0,789,15.05
1811985641,Rosenbaum,Alan,FL,Cardiology,2023,33.3647441244,502.24482968285713,2306.0,1979,15.05
1720061096,Cagin,Charles,WI,Cardiology,2022,95.27301010397895,1433.6159844052631,3665.0,2838,15.05
1538198924,Arrington,Alan,MS,Internal Medicine,2022,100.32634338133334,1508.8235027599997,211.0,201,15.04
1437111887,Sloan,Randall,TX,Family Practice,2022,96.26683663566666,1448.26159672,125.0,123,15.04
1902000995,Di Fiore,Richard,NY,Family Practice,2022,582.6091259686667,8755.0,462.0,299,15.03
1538456991,Felix-Marquez,Luz,CA,Family Practice,2022,27.856691986379996,418.8,256.0,193,15.03
1003869587,Kleiber,Benjamin,WI,Cardiology,2023,61.240151787504765,920.4244923835715,4598.0,4020,15.03
1669729729,Moses,Kirk,MS,Internal Medicine,2022,90.51877637899999,1359.6328447550002,1165.0,747,15.02
1316926546,Pellikka,Patricia,MN,Cardiology,2023,30.977996450075,464.83279221124997,575.0,573,15.01
1639307754,Hoffmeister- Becerra,Monica,AL,Family Practice,2023,133.28519707633333,2000.0,479.0,446,15.01
1255398897,Payne,Michael,AR,Family Practice,2022,115.13562316325,1726.767224075,119.0,115,15.0
1043269327,Jolley,Robert,VA,Family Practice,2023,104.94866511992501,1574.5,217.0,206,15.0
1255338794,Poole,Rex,TX,Family Practice,2022,92.02514663208,1380.0,545.0,465,15.0
1194709832,Ramirez,Carlos,TX,Family Practice,2022,100.59331116922,1509.4,412.0,403,15.0
1942229810,Khan,Naeem,IL,Cardiology,2023,72.1212905087788,1081.3490099836365,4981.0,2974,14.99
1396777694,Russo,Andrea,NJ,Cardiology,2022,56.69331108435294,850.0601036270589,2714.0,1156,14.99
1609811421,Gaglianello,Nunzio,WI,Cardiology,2023,69.8256304068,1046.4,282.0,146,14.99
1952898173,Gibson,Darren,VA,Family Practice,2023,105.04711630855,1574.5,651.0,598,14.99
1659395960,Holt,Billy,MO,Family Practice,2022,120.3527694865,1804.0,288.0,272,14.99
1891748703,Pickrell,John,WY,Cardiology,2022,71.88361126255278,1077.343855243639,5695.0,3917,14.99
1063444644,Weisenfeld,Shelly,AL,Family Practice,2023,69.65608054750001,1044.15224325925,160.0,156,14.99
1174796254,Taiwo,Joseph,TX,Family Practice,2022,85.93177046671428,1287.7458783057143,1116.0,1045,14.99
1295782563,Duff,Thomas,GA,Family Practice,2023,105.03760343350001,1574.5,235.0,206,14.99
1548557275,Shah,Manish,AZ,Internal Medicine,2023,63.429264066825,949.9438253605,390.0,382,14.98
1316991003,Batchev,Alexander,PA,Family Practice,2022,273.688759389,4098.0,162.0,89,14.97
1598183402,Wenhold,John,TX,Family Practice,2022,98.59173650352,1476.0773804960002,470.0,454,14.97
1437107349,Rogers,Paul,FL,Family Practice,2022,74.46808047077499,1113.75,290.0,270,14.96
1770899346,Bermon,David,CA,Family Practice,2023,25.517474179545456,381.8181818181818,496.0,343,14.96
1700299138,Mcdaniel,Christopher,AR,Family Practice,2022,71.115069865,1064.05656565,138.0,130,14.96
1104184100,Kaeppler,Mark,WI,Cardiology,2023,45.74483905131142,684.0,7315.0,4660,14.95
1134626070,Overton,Timothy,NM,Family Practice,2022,52.387251461999995,783.20252911,123.0,111,14.95
1821295528,Kitsteiner,John,AE,Family Practice,2022,94.22022801786,1409.0,724.0,684,14.95
1720267081,Howard,Brandon,NJ,Internal Medicine,2022,104.8811237365,1568.378630875,7379.0,1968,14.95
1528276615,Alberaqdar,Enis,NJ,Internal Medicine,2023,108.50640231919999,1620.7,5365.0,466,14.94
1093153751,Marthaler,Brodie,WI,Cardiology,2023,45.450375450184,678.8052633588,2309.0,2055,14.94
1306232244,Elhardt,Mary,TX,Family Practice,2022,74.606606869325,1114.6160316425,312.0,300,14.94
1134626070,Overton,Timothy,NM,Family Practice,2023,27.934445599416666,417.3184523816667,146.0,132,14.94
1366469991,Reyes,Jose,IL,Internal Medicine,2023,109.3736358694,1633.6,522.0,466,14.94
1598731960,Page,Gregory,TX,Internal Medicine,2023,102.059332134,1523.6666666666667,708.0,528,14.93
1598911281,Gill,Shabaz,IL,Family Practice,2023,100.96896409525,1507.51202223975,554.0,540,14.93
1003860743,Herrington,Bobby,GA,Internal Medicine,2023,103.14689445844999,1540.0924101599999,429.0,397,14.93
1720185630,Jasimuddin,Sheikh,FL,Internal Medicine,2022,102.29147975573333,1525.8793453116666,975.0,943,14.92
1285861989,Servin-Obert,Shannon,WA,Family Practice,2022,90.88114619325,1355.75,459.0,413,14.92
1659531200,Lee,Anna,AL,Internal Medicine,2022,96.73751338066667,1443.3941460966664,158.0,153,14.92
1043247117,Johnson,Steven,GA,Internal Medicine,2022,116.35019000599999,1735.5,252.0,238,14.92
1992267892,Higgins,Andel,GA,Family Practice,2022,115.60431897575,1724.3777174000002,188.0,181,14.92
1851344980,Yang,Dae,MN,Family Practice,2023,88.31597641342857,1318.0945004155712,1622.0,1572,14.92
1639365661,Silenzi,Anna,WI,Cardiology,2022,47.711127767044,711.24,3805.0,2929,14.91
1619007697,Bangalore Puttaiah,Mohan,NM,Family Practice,2023,102.62388296842,1529.2,694.0,640,14.9
1053375386,Boggs,Bruce,TN,Family Practice,2022,94.58357087367999,1409.0,722.0,665,14.9
1508197997,Guthikonda,Ramesh,IL,Internal Medicine,2022,98.38034779161998,1464.6,1360.0,1285,14.89
1548216419,Bruno-De La Mata,Kimberly,FL,Internal Medicine,2023,72.654637739875,1081.27833703975,543.0,528,14.88
1881953693,Zhou,Lan,MS,Internal Medicine,2022,96.78457775766667,1439.7185233,510.0,477,14.88
1285713792,Reimer,Lanny,WY,Family Practice,2022,7.0066846006666665,104.27178839066666,151.0,118,14.88
1396006995,Adams,Brian,LA,Internal Medicine,2022,101.52394055151998,1511.116452604,1269.0,1177,14.88
1235224718,Blake,Steven,FL,Internal Medicine,2023,94.81934559333335,1411.028735633333,121.0,113,14.88
1154394914,Krishna,Jaya,WI,Cardiology,2022,46.47105105112,690.9727843895,1023.0,891,14.87
1104262625,Smithers,Drew,AR,Family Practice,2022,93.8607246032,1395.2519071259999,263.0,259,14.87
1962744672,Shaller,Brian,CA,Internal Medicine,2023,89.94805802276667,1337.9447950944443,989.0,895,14.87
1801874094,Guigauri,Pavel,WI,Cardiology,2023,84.47761601511,1255.71731111305,1598.0,1041,14.86
1679507107,Miranda,Ray,NY,Internal Medicine,2023,75.3952656547,1120.4146461256666,110.0,105,14.86
1205094687,Sonnier,Jessica,LA,Family Practice,2023,98.47714918400001,1463.51087646475,383.0,367,14.86
1487605861,Lee,Peter,WI,Cardiology,2023,65.05513501141458,966.3928775416666,3799.0,3262,14.85
1598728586,Richardson,Brady,MS,Family Practice,2023,100.45959533458,1492.0810810799999,568.0,517,14.85
1033102918,Barnett,Robert,OH,Family Practice,2023,139.042528964,2065.0,201.0,178,14.85
1538549175,Juan,Bryan,TX,Family Practice,2022,67.29795599976,999.6678074163999,360.0,352,14.85
1003132002,Luna,Maximiliano,IL,Family Practice,2022,3.031779661,45.0,118.0,70,14.84
1033101696,Gardner,Geraldine,OR,Cardiology,2022,29.9964307586,445.03219118550004,364.0,271,14.84
1902210552,Remmert,Christina,MO,Internal Medicine,2022,8.504999999999999,126.20370916525,104.0,88,14.84
1336136407,Chanler,Michael,LA,Family Practice,2022,101.733978263,1509.4,882.0,806,14.84
1689752636,Garrison,Allen,GA,Internal Medicine,2023,81.06830047,1202.6666666666667,146.0,138,14.84
1407857725,Rumph,Gregory,TX,Internal Medicine,2022,103.2520238332,1531.84,308.0,299,14.84
1598807216,Borrego Acosta,Jose,OK,Family Practice,2023,98.444895813075,1460.77876956475,254.0,241,14.84
1114333721,Beachey,Joel,MN,Cardiology,2023,38.207892662839996,567.15,1986.0,1786,14.84
1013229509,Mccracken,Rachael,OK,Family Practice,2022,69.252584764625,1026.96132460425,249.0,233,14.83
1174577902,Ritter,Christopher,LA,Internal Medicine,2022,101.80761151726,1509.4,551.0,517,14.83
1720013105,Nguyen,Dieu Thu,CA,Internal Medicine,2023,35.86336052833333,530.3333333333334,307.0,145,14.79
1548402084,Bedi,Harmeet,CA,Internal Medicine,2023,87.33423473182857,1291.6137639807143,686.0,530,14.79
1083908172,Bheemreddy,Suchitha,NM,Internal Medicine,2023,106.1415748435,1569.595,314.0,301,14.79
1588646145,Tijerina,Oscar,TX,Family Practice,2023,97.35953188932501,1438.75,400.0,359,14.78
1083678072,Casey,Shannon,TX,Family Practice,2022,97.10382898294,1435.28438176,668.0,620,14.78
1194724195,Degoma,Rolando,NJ,Cardiology,2023,68.77860511416667,1016.8333333333334,1216.0,405,14.78
1568632859,Feldman,Dmitriy,NY,Cardiology,2022,170.9605754738619,2526.9708875928573,1193.0,1027,14.78
1417005893,Hart,Matthew,MO,Family Practice,2022,76.558803892175,1131.5,251.0,233,14.78
1689613218,Bing,Paul,TN,Internal Medicine,2022,115.89867561725,1711.2467644500002,117.0,114,14.77
1578502365,Grodman,Richard,NY,Cardiology,2023,35.0374375765,517.0,613.0,568,14.76
1356305684,Aldana,Tirso,MO,Internal Medicine,2022,122.24977629575,1804.0,696.0,639,14.76
1013013721,Ellison,Nicole,TX,Family Practice,2023,72.42777865675001,1068.7071800425,251.0,234,14.76
1457381394,Feagan,Joseph,NM,Family Practice,2022,102.34097401716001,1509.4,312.0,294,14.75
1467480558,Zuehlke,David,MO,Cardiology,2022,33.426103493183334,492.9987123218889,1995.0,1588,14.75
1750303806,Casey,Bryan,SC,Family Practice,2022,95.49490680222002,1409.0,313.0,286,14.75
1831155951,Kimbro,Michael,TN,Family Practice,2022,73.804817489425,1088.75,116.0,110,14.75
1902082449,Dadekian,Gregory,NH,Cardiology,2023,60.92275272619231,897.7752126096153,2561.0,2319,14.74
1770536583,Amjad,Mohammad,WV,Internal Medicine,2023,106.79521566400001,1574.5,154.0,150,14.74
1356439681,Ball,Peter,AR,Family Practice,2022,95.57760578894,1409.0,615.0,570,14.74
1710917687,Jaso,Rene,TX,Internal Medicine,2022,101.26554740278,1491.8118128720002,345.0,310,14.73
1770788036,Mortada,Mohammad,WI,Cardiology,2023,73.93480275524857,1088.227961224,4052.0,2836,14.72
1942246103,Michael,Manal,CA,Internal Medicine,2022,68.19838643266667,1003.74784172,181.0,45,14.72
1790857498,Ghali,Hany,NV,Internal Medicine,2023,111.0775454835,1634.90660715,109.0,41,14.72
1457422230,Meskin,Joshua,WI,Cardiology,2023,60.62680608165,892.68939663125,864.0,837,14.72
1306224068,Turner,Samuel,AR,Family Practice,2022,95.7716475444,1409.0,455.0,439,14.71
1811936347,Roller,Dean,FL,Cardiology,2022,7.0378636364,103.5,440.0,320,14.71
1306030481,Chokesuwattanaskul,Warangkana,WI,Internal Medicine,2023,81.77572188704119,1203.0708130952353,659.0,609,14.71
1083648380,Chirra,Annapoorna,CA,Internal Medicine,2023,54.807830528400004,806.04615384,544.0,375,14.71
1881618205,Bender,Jeffrey,MI,Family Practice,2023,135.23732364666668,1989.5687134333332,133.0,128,14.71
1962504100,Adams,George,NC,Cardiology,2022,116.00392578745115,1706.387041153256,3038.0,2372,14.71
1437169992,Zeller,Stacy,LA,Family Practice,2022,111.39040769868,1638.2,260.0,232,14.71
1801294772,Farrar,Donald,MS,Family Practice,2022,87.21862618292857,1283.3576279771428,1083.0,751,14.71
1891085148,Olson,Kristoff,CA,Cardiology,2022,55.2994719814,813.0980729514285,277.0,235,14.7
1811985443,Sukenik,Dmitry,IL,Cardiology,2023,91.73124336020769,1348.4648893442306,3613.0,2298,14.7
1083790083,Eppolito,John,NH,Family Practice,2022,113.60022838483333,1669.6666666666667,828.0,744,14.7
1578880449,Verlander,Leo,LA,Family Practice,2022,114.761366713,1686.75,221.0,210,14.7
1932149200,Malenka,David,NH,Cardiology,2023,27.892821278127272,409.8931808372727,705.0,667,14.7
1306885520,Martinez,Antonio,TN,Family Practice,2023,84.32612071524,1239.7422866302,957.0,842,14.7
1588907992,Spiel,Andrew,WI,Internal Medicine,2023,95.87660614577777,1408.8111111111111,241.0,216,14.69
1841631298,Dabbs,Kimberly,OK,Family Practice,2023,78.33500887126667,1150.499590488,106.0,103,14.69
1124231972,Rosen,Ruth,AZ,Family Practice,2023,109.338065549925,1606.0,301.0,297,14.69
1073668679,Garcia,Steven,NJ,Family Practice,2023,66.659612245,979.0795918599999,133.0,82,14.69
1740252345,Sutthiwan,Piraon,WI,Cardiology,2022,20.985796744966667,308.18088570388886,617.0,585,14.69
1285613323,Conklin,Donald,IA,Internal Medicine,2023,104.3837325236,1532.8737463825,844.0,776,14.68
1639178189,Ahmed,Mohamed,NY,Internal Medicine,2023,93.13239382636,1367.4,679.0,613,14.68
1700893393,Yetman,Sean,NY,Cardiology,2022,512.5427343097143,7525.714285714285,480.0,287,14.68
1972802858,Whittington,Mathew,LA,Family Practice,2022,100.3511521304,1473.607837398,488.0,459,14.68
1518901727,Leach,Richard,MN,Family Practice,2022,78.96060963264999,1158.64421801125,331.0,306,14.67
1437410115,Ghazy,Khalid,TX,Family Practice,2022,82.97217606783333,1217.200373555,520.0,472,14.67
1497073878,Worsham,Warren,TX,Family Practice,2022,89.74358920476001,1316.2889870044,444.0,417,14.67
1396772786,Tolstrup,Kirsten,CA,Cardiology,2023,53.902898231564706,790.7748616764706,1423.0,1346,14.67
1447367982,Kuttickat,George,WI,Cardiology,2023,57.75793037108333,847.2282151671428,6813.0,4143,14.67
1003847914,Coleman,Andrew,IL,Family Practice,2023,101.567363919,1490.100653224,425.0,411,14.67
1700858578,Bataglia-Hillman,Elizabeth,AL,Family Practice,2023,9.708805167846153,142.44230769230768,1014.0,701,14.67
1336286533,Jones,Charles,AR,Family Practice,2023,76.22067598933334,1117.4289044333334,147.0,138,14.66
1003017666,Nitzel,Cory,CA,Cardiology,2022,65.6853040149,962.169807475,296.0,255,14.65
1952312233,Cater,Grace,OH,Cardiology,2022,23.6044935213375,345.875,778.0,682,14.65
1407205156,Scott,Clifton,MS,Family Practice,2022,102.1860903818,1497.0,1672.0,1518,14.65
1902215759,Dwivedi,Sankalp,MI,Internal Medicine,2022,95.428191862975,1398.478288636,276.0,253,14.65
1114298916,Mcraven,Anthony,TN,Internal Medicine,2023,74.3595010965,1089.671697835,367.0,342,14.65
1285865154,Marlow,Kereem,AR,Family Practice,2022,105.56854852219999,1546.244190378,1092.0,943,14.65
1225490600,Piotter,Daniel,LA,Family Practice,2023,94.72752706598001,1387.960416666,421.0,342,14.65
1902226343,Mital,Rohit,AZ,Cardiology,2022,46.239575728675,677.153409090625,1062.0,951,14.64
1013964261,Mierez Bernard,Marcia,AL,Family Practice,2023,71.939,1052.910576923,102.0,98,14.64
1154362267,Easley,Seth,AR,Family Practice,2022,92.0174742214,1346.8496845,775.0,753,14.64
1477817914,Nwude,Ugochukwu,AR,Family Practice,2023,76.24540271471666,1115.1436013531668,667.0,631,14.63
1871594887,Turitto,Gioia,PA,Cardiology,2023,84.473368269272,1235.6,5517.0,1766,14.63
1295116119,Braun,Denielle,KY,Family Practice,2022,107.5885420377,1574.5,587.0,536,14.63
1043414097,Mohammad,Fazal,IL,Family Practice,2022,118.67672233475,1735.5,210.0,203,14.62
1629638572,Napier,David,KY,Internal Medicine,2022,96.41017685052,1409.0,204.0,188,14.61
1881953586,Myers,Rachel,TX,Family Practice,2022,67.471862171925,985.75,101.0,100,14.61
1326049420,Hassan,Mohammad,KS,Family Practice,2022,99.66488979342,1455.528617274,321.0,295,14.6
1316997943,Austin,Bryan,WI,Internal Medicine,2022,65.19418408864667,951.7871975224666,6033.0,4975,14.6
1093721847,Alsayegh,Laith,WI,Cardiology,2022,98.63154624857619,1439.9116913714286,6486.0,1901,14.6
1861887598,Charrier,Jason,LA,Internal Medicine,2022,127.30055797200001,1859.0,380.0,344,14.6
1427161538,Tolan,Daniel,TN,Family Practice,2022,96.52815290174,1409.0,166.0,163,14.6
1659422616,Nelson,Robert,GA,Family Practice,2022,97.06298397566667,1417.3333333333333,166.0,161,14.6
1609864750,Furry,Craig,IL,Family Practice,2023,107.86646167485,1574.5,422.0,397,14.6
1124516018,Colon,Christine,TN,Family Practice,2022,82.43900909843333,1202.6666666666667,101.0,91,14.59
1912056300,Ramirez,Anthony,TN,Family Practice,2022,96.55395640806,1409.0,608.0,584,14.59
1588606263,Khoury,Norma,SC,Cardiology,2023,48.7975968111375,712.0942075795833,4511.0,2765,14.59
1043653991,Ng,Anthony,TN,Family Practice,2022,107.9032326976,1574.5,179.0,173,14.59
1619959145,Zolkowski,Gregory,MO,Family Practice,2022,99.68848274521667,1454.0,400.0,362,14.59
1003869587,Kleiber,Benjamin,WI,Cardiology,2022,54.36455546226512,792.5680552455814,4067.0,3511,14.58
1881615516,Ahmad,Arif,WI,Cardiology,2022,27.98786006892,408.1798781869333,4534.0,3139,14.58
1689624850,Jung,Frank,WI,Cardiology,2022,50.373576898605,733.9053588955001,4255.0,3423,14.57
1962569210,Wind,Rebecca,CA,Internal Medicine,2022,46.05801903488333,671.1640151483333,139.0,132,14.57
1962962241,Shamim,Ainny,GA,Family Practice,2023,99.874878844725,1454.76310725275,326.0,310,14.57
1417243973,Faber,Christopher,MI,Family Practice,2023,141.78313782,2065.0,123.0,119,14.56
1598026304,Cowan,Cecil,AR,Family Practice,2022,98.85767895763999,1439.1806321600002,975.0,937,14.56
1104184100,Kaeppler,Mark,WI,Cardiology,2022,45.99027127164243,669.390725610909,5325.0,3896,14.56
1760486757,Barbaro,Salvatore,TX,Cardiology,2022,136.33560464402757,1984.3732883144826,7710.0,2533,14.56
1952765281,Sexton,Jonathon,AZ,Family Practice,2022,94.35631213446,1373.817531704,543.0,504,14.56
1215917430,Coolidge,Jonathan,TX,Family Practice,2022,95.53676064199999,1391.2249492380001,316.0,308,14.56
1073769915,Kulinski,Jacquelyn,WI,Cardiology,2022,57.43645706751667,835.9440338583332,496.0,477,14.55
1851492755,Thamilarasan,Maran,OH,Cardiology,2023,51.24830226864,745.7811578173333,1947.0,1800,14.55
1114344108,Farry,Kiera,NJ,Cardiology,2023,42.738655754782606,621.8460344845653,2806.0,2134,14.55
1114289873,Sloan,Joshua,MN,Family Practice,2023,114.91453782157143,1671.6720494371427,151.0,148,14.55
1871989244,Pratt,Justin,LA,Family Practice,2022,103.7915249177,1509.4,604.0,538,14.54
1922067768,Morris,Howard,MD,Internal Medicine,2023,92.83082320556,1349.738436542,1016.0,941,14.54
1831161611,Southworth,Jonathan,AL,Internal Medicine,2022,92.94808129712,1351.2488128402001,371.0,357,14.54
1528248572,Chaudhari,Archana,PA,Internal Medicine,2022,5.221276742566666,75.93333333233333,162.0,112,14.54
1225492952,Cook,Scott,PA,Family Practice,2022,92.68168455642001,1347.8,655.0,626,14.54
1104261924,Nakhasi,Atul,MD,Internal Medicine,2023,34.22418571425,497.75,114.0,92,14.54
1245225168,Fouts,David,MO,Family Practice,2023,96.32074574640001,1400.8,319.0,310,14.54
1730103763,Kass,Richard,PA,Cardiology,2023,139.46173470183334,2026.1679551988886,2185.0,1349,14.53
1952374373,Lindemann,John,TX,Family Practice,2023,100.663532111125,1461.75,492.0,435,14.52
1154717189,Nasser,Mohamed,OH,Internal Medicine,2022,29.342101293099997,426.0,132.0,113,14.52
1356752687,Bravo Jaimes,Katia Marisa,FL,Cardiology,2022,51.80663557283333,752.4166666666666,840.0,776,14.52
1336130111,Green,Daniel,GA,Family Practice,2022,96.5008862627,1401.293567742,390.0,372,14.52
1104964527,Chiu,Arva,AK,Internal Medicine,2022,123.32706746619999,1789.725,214.0,212,14.51
1205198272,Elizarraraz,Salvador,TX,Family Practice,2022,100.35450167956,1456.430223292,452.0,408,14.51
1912062001,Overby,Halline,CA,Internal Medicine,2023,25.27360911056087,366.8411928516087,2758.0,740,14.51
1790203461,Tisdale,Ronald,AL,Family Practice,2022,73.95344791675001,1073.0723090269998,114.0,113,14.51
1255335170,Garza,Reynaldo,TX,Family Practice,2023,91.152247316,1321.5,270.0,213,14.5
1922066083,Williams,Wesley,PA,Family Practice,2022,75.183636952175,1090.0295701925002,367.0,348,14.5
1710056130,Cowden,Arthur,FL,Family Practice,2023,102.75916531875001,1488.4675,222.0,213,14.49
1447271481,Pinon,Raul,WI,Family Practice,2022,112.642234577,1631.64280305,202.0,196,14.49
1003059874,Amos,Aaron,MS,Family Practice,2023,128.73427054725,1865.5,189.0,182,14.49
1235392788,Becker,Randi,MO,Family Practice,2023,111.0114064175,1608.701149425,327.0,318,14.49
1396772786,Tolstrup,Kirsten,CA,Cardiology,2022,56.32617409132778,815.3253771105556,1548.0,1423,14.48
1942460134,Jiwani,Noor Ali,LA,Family Practice,2022,116.4721625851,1686.75,163.0,158,14.48
1134141880,Baker,Charles,TN,Internal Medicine,2023,87.81058581304,1271.845662858,510.0,488,14.48
1063701076,Fadia,Ankur,VA,Internal Medicine,2022,97.2900025551,1409.0,697.0,633,14.48
1528267861,Hill,David,FL,Family Practice,2022,120.38555558224999,1743.25,337.0,318,14.48
1376781575,Gupta,Vipul,CA,Cardiology,2022,94.74082075604878,1371.9564789036585,5952.0,3341,14.48
1710212667,Harrington,Mark,NJ,Family Practice,2023,55.7801908333875,807.07817318075,1180.0,655,14.47
1578129847,Cerna Santos,Christian,TX,Family Practice,2023,99.4084183703,1438.75,429.0,400,14.47
1891878062,Kanj,Mohamed,OH,Cardiology,2022,106.61131444327742,1542.3789330380646,2421.0,1612,14.47
1851330070,Shah,Syed,LA,Internal Medicine,2022,98.9534427698,1431.297077494,384.0,376,14.46
1497117790,Vanmali,Atish,CA,Family Practice,2023,96.41668953439999,1393.8155019,462.0,453,14.46
1013164201,Bliagos,Dimitrios,NY,Cardiology,2023,277.28771254363636,4010.8377753145455,727.0,655,14.46
1184840175,Cohen,Scott,WI,Cardiology,2023,46.78480173323529,676.265123117647,1422.0,1226,14.45
1396189403,Moody,Bryce,TN,Family Practice,2023,84.70067934136,1223.841525002,842.0,825,14.45
1104140151,Rauch,Judah,NY,Cardiology,2023,267.6116571645,3863.3876222875,391.0,364,14.44
1225000748,Motiei,Arashk,MN,Cardiology,2023,113.51386350242103,1639.5080823189473,617.0,525,14.44
1598927543,Frost,Andrew,TX,Family Practice,2023,88.39130615054,1276.0136116706,1489.0,1408,14.44
1952364366,Farah,Naguib,NC,Family Practice,2023,76.48986184173333,1104.6215937273334,298.0,287,14.44
1013924695,Amporful,Sam,GA,Family Practice,2022,72.902367257425,1052.4010561625,250.0,230,14.44
1063603975,Rubenstein,Jason,WI,Cardiology,2022,57.53386387085217,830.3066477026086,1852.0,1318,14.43
1164462958,Sahay,Chandan,KY,Internal Medicine,2022,97.79973969001428,1411.5714285714287,1449.0,1259,14.43
1093374647,Gross,Arthur,PA,Family Practice,2023,123.853278004,1787.4976865,239.0,233,14.43
1538654355,Chen,William,CA,Family Practice,2023,17.47028409090909,252.0909090909091,329.0,259,14.43
1487065694,Chaffin,Adrian,KY,Family Practice,2022,96.12645953118,1386.618946906,485.0,449,14.42
1588840482,Maddikunta,Rajesh,WI,Cardiology,2022,51.683170048038775,745.2823532231429,4738.0,3374,14.42
1346257623,Holden,James,AR,Family Practice,2022,97.01687639555,1398.8333333333333,574.0,559,14.42
1295024081,Kaldas,Kirsten,CA,Internal Medicine,2022,47.124744549599995,679.4,269.0,170,14.42
1174962021,Rennie,Chad,IA,Internal Medicine,2022,98.2790139658,1417.1226583880002,604.0,571,14.42
1235133778,Mullins,Brenda,OK,Cardiology,2023,73.16657065988889,1055.031038311111,968.0,958,14.42
1942424403,Dessouki,Ahmed,WI,Family Practice,2023,72.06549487175,1038.184780819,145.0,140,14.41
1750776613,Prudhomme,Matthew,LA,Internal Medicine,2022,104.77214497693998,1509.4,552.0,526,14.41
1053798884,Bodker,Ariel,WI,Cardiology,2023,65.77384948362163,946.9146395181082,2821.0,2380,14.4
1922158542,Oberoi,Mandeep,PA,Internal Medicine,2023,93.24408196416,1342.8408522027999,619.0,608,14.4
1205866332,Naum,Efstathios,WI,Cardiology,2023,49.84813556638261,717.6086956521739,1227.0,1059,14.4
1003860743,Herrington,Bobby,GA,Internal Medicine,2022,96.7316806948,1393.3522572779998,390.0,370,14.4
1588975361,Merron,Laura,IA,Family Practice,2022,119.2789325575,1716.8326231175001,317.0,312,14.39
1447276365,Duru,Obidiugwu,CA,Internal Medicine,2022,47.449962121,683.0,143.0,85,14.39
1356722151,Khan,Imran,IL,Family Practice,2023,114.55123852874999,1648.5,390.0,355,14.39
1477635092,Ahmad,Homaa,MO,Cardiology,2022,27.02185576121579,388.933434528421,790.0,783,14.39
1285108910,Latib,Mohamed Azeem,NY,Cardiology,2023,428.3884167438572,6159.04658669,285.0,276,14.38
1407219967,Wu,Ambrose,OH,Family Practice,2023,92.74005327852,1333.85549328,750.0,713,14.38
1669562336,Horwitz,Lawrence,IA,Cardiology,2023,5.215726290999999,75.0,4728.0,3454,14.38
1881856532,Khan,Umar,KY,Internal Medicine,2022,115.15611218825,1656.25,398.0,373,14.38
1477040962,Almusawi,Hussain,LA,Internal Medicine,2023,109.1264663575,1569.595,435.0,418,14.38
1639307754,Hoffmeister- Becerra,Monica,AL,Family Practice,2022,119.40072605099999,1716.5,577.0,554,14.38
1487765848,Wurth,Denise,AK,Internal Medicine,2022,67.53900455289167,971.3054519075,644.0,544,14.38
1700879384,Kojoglanian,Samuel,CA,Cardiology,2023,119.02303313799999,1710.0,295.0,151,14.37
1396763777,Kadam,Ranjit,NY,Internal Medicine,2023,118.31566134833332,1700.1505443133335,1746.0,975,14.37
1114923901,Qureshi,Ghayas,LA,Internal Medicine,2022,105.02451396678,1509.4,906.0,812,14.37
1760402382,Nair,Ravi,OH,Cardiology,2023,111.57629213359999,1603.584736428,210.0,209,14.37
1649287988,Nguyen,Si,LA,Family Practice,2022,129.430231684,1859.0,313.0,306,14.36
1497761407,Lustbader,Ian,NY,Internal Medicine,2023,102.90105374173572,1477.4538551462142,1661.0,1249,14.36
1154383669,Dickey,Michael,TX,Family Practice,2023,72.87263756295,1046.537733565,435.0,415,14.36
1639667827,Horne,Logan,UT,Internal Medicine,2023,109.31649361500001,1569.595,177.0,168,14.36
1588758726,Humble,Stephanie,LA,Family Practice,2022,105.09662351136001,1509.4,463.0,433,14.36
1467786046,Chughtai,Haroon,WI,Cardiology,2022,67.62590331556,971.0405210519999,1377.0,1178,14.36
1588659197,Quilang,Leonardo,CA,Family Practice,2022,32.48349145438889,466.0,595.0,371,14.35
1548357387,Klein,Allan,OH,Cardiology,2023,58.341630874014285,837.2922220657143,1468.0,1413,14.35
1518298280,Sharma,Abhinav,WI,Cardiology,2022,52.093479855011765,747.4650932417647,644.0,610,14.35
1639365661,Silenzi,Anna,WI,Cardiology,2023,41.18636562927408,590.925925925926,3536.0,2747,14.35
1740540236,Lemma,Kewakebt,VA,Internal Medicine,2023,128.921426055,1850.0,296.0,149,14.35
1831142355,Samudia,Ricardo,LA,Family Practice,2022,105.24189766325999,1509.4,448.0,387,14.34
1982018826,Gundapuneni,Satish Babu,NJ,Internal Medicine,2022,101.41262736046,1454.675624768,686.0,656,14.34
1780618868,Desai,Bankimchandra,NJ,Internal Medicine,2023,100.80659179300001,1445.43289985,395.0,300,14.34
1962543496,Miller,Kenneth,WI,Internal Medicine,2023,95.41221360133333,1367.9433333333334,460.0,426,14.34
1700807609,So,Dora,CA,Internal Medicine,2022,40.05369694964,574.4,147.0,131,14.34
1346326246,Desta,Taddese,CA,Internal Medicine,2023,102.12829233055555,1463.3155555555556,475.0,469,14.33
1063708006,Urhuogo,Awharitefe,GA,Family Practice,2023,96.75876157105999,1386.2003240853999,363.0,330,14.33
1558511519,Wang,John,IL,Family Practice,2022,98.34137602786,1409.0,518.0,475,14.33
1033406574,Bera,Sagir,CA,Family Practice,2023,38.920825048000005,557.1813186816667,220.0,196,14.32
1497719959,Bachhuber,Brian,WI,Cardiology,2022,54.74234395326136,783.9533872386364,3789.0,3221,14.32
1306089024,Prange,Jessica,IL,Cardiology,2023,73.37249748290952,1050.7374488811904,3610.0,3148,14.32
1457430175,Siddiqui,Mohammed,IL,Internal Medicine,2023,122.0117918245,1747.02105265,207.0,194,14.32
1386618908,Dial,Daniel,LA,Internal Medicine,2022,129.80431185,1859.0,401.0,376,14.32
1346246162,Konstantinou,Chris,WI,Cardiology,2022,46.839664158675994,670.28693835308,1348.0,1214,14.31
1629041991,Smith,Scott,FL,Family Practice,2023,83.5816647385,1196.13596692,487.0,463,14.31
1376966184,Kodakandla,Narsimha Reddy,OH,Internal Medicine,2023,109.7377954025,1569.595,298.0,288,14.3
1770899346,Bermon,David,CA,Family Practice,2022,35.537720133657146,508.14285714285717,388.0,274,14.3
1871583880,Le,Minh,TX,Family Practice,2022,72.569287105425,1037.03936101475,340.0,323,14.29
1801870084,Chaliki,Hari,AZ,Cardiology,2023,41.500269453754996,593.1164235680001,1551.0,1486,14.29
1710046636,Murray,Wayne,TN,Internal Medicine,2022,98.6465893762,1409.0,609.0,583,14.28
1760912646,Leija,Laura,NM,Family Practice,2023,69.817400432,997.32279197425,235.0,227,14.28
1518975762,Heflick,Scott,WA,Family Practice,2022,6.95113493975,99.0988755035,158.0,70,14.26
1861463879,Neal,Paul,MI,Family Practice,2022,79.009139196425,1126.44994868,227.0,221,14.26
1750600896,Glover,Brent,WV,Family Practice,2023,92.04998408741999,1312.502856395,624.0,581,14.26
1356537344,Anwasi,Francis,TX,Family Practice,2022,74.035260657675,1055.053188905,415.0,397,14.25
1891919395,Punukollu,Sumanth,LA,Family Practice,2022,122.67382609250001,1748.06179148,187.0,175,14.25
1619944980,Runnels,James,LA,Internal Medicine,2022,105.90994546863999,1509.4,284.0,270,14.25
1659437960,Uptergrove,Kevin,TX,Family Practice,2023,76.80916382016666,1094.2777777716667,235.0,182,14.25
1164401832,Dias,David,AR,Internal Medicine,2023,73.10366916262,1041.0,571.0,521,14.24
1659364024,Collins,Ricky,KY,Family Practice,2022,76.46757168615,1088.75,247.0,229,14.24
1851897110,Lukose,Siju,NY,Family Practice,2023,102.20996564285714,1455.6726472371429,2102.0,1069,14.24
1962729442,Monti,Jennifer,ME,Cardiology,2023,101.0915734599091,1438.5761686636363,412.0,382,14.23
1467430215,Yohannes,Dawit,DC,Family Practice,2022,110.63835810167501,1574.5,181.0,173,14.23
1164482162,Cotner,James,AR,Family Practice,2022,98.99639310555999,1409.0,498.0,456,14.23
1326076407,Franks,James,AR,Family Practice,2022,98.9815241971,1409.0,211.0,206,14.23
1457799512,Harris,William,OK,Family Practice,2022,101.05583772266668,1437.6666666666667,596.0,540,14.23
1710243670,Rosero,Mauricio,FL,Family Practice,2023,113.53258889050001,1615.0,267.0,250,14.22
1487605861,Lee,Peter,WI,Cardiology,2022,59.88743061511136,850.9627546363637,4046.0,3384,14.21
1831214287,Harris,Carolyn,KY,Internal Medicine,2023,40.86465690628571,580.7483141071428,346.0,341,14.21
1114977451,Mullen,Paul,MS,Cardiology,2023,71.85118101864315,1020.9683337018823,9723.0,6971,14.21
1346502531,Abd El Kader,Akram,TX,Family Practice,2022,94.583210469,1343.18899815,133.0,131,14.2
1790799807,Wilson,Charles,TX,Family Practice,2022,76.323785040375,1084.0,228.0,213,14.2
1023025855,Rafi,Mohammed,FL,Internal Medicine,2023,96.87848009166667,1375.2688171999998,257.0,229,14.2
1114285475,Giddings,Adam,FL,Family Practice,2022,103.77491526555,1473.1473303566665,629.0,608,14.2
1639149859,Schwartz,Todd,FL,Internal Medicine,2023,119.28340802075,1692.25,351.0,326,14.19
1033180245,Nsima-Obot,Eno,IL,Internal Medicine,2022,91.33076769533334,1295.6666666666667,671.0,365,14.19
1477114643,Raikovskii,Evgenii,IL,Internal Medicine,2022,90.124,1278.6,223.0,123,14.19
1326556150,Amir,Fatima,VA,Internal Medicine,2023,110.7132160255,1569.595,111.0,109,14.18
1295947083,Mongwa,Mbu,IL,Cardiology,2023,116.65617623657273,1654.0306286269697,2485.0,2045,14.18
1841631298,Dabbs,Kimberly,OK,Family Practice,2022,72.373632843625,1026.189252785,135.0,133,14.18
1215994397,Landry,Robert,TX,Family Practice,2023,96.17590870100001,1363.5805280333334,259.0,250,14.18
1164510186,Todd,Timothy,TN,Internal Medicine,2022,67.44921438567499,956.1349027374999,181.0,169,14.18
1972752954,Pemberton,Wesley,TX,Family Practice,2022,71.360453955575,1011.0763581475,248.0,240,14.17
1528291218,Jean-Jacques,Jims,ME,Cardiology,2023,45.629451332189475,646.4419754319999,2226.0,1879,14.17
1407408073,Ranjit,Deepika,IL,Internal Medicine,2022,85.035,1205.0,151.0,68,14.17
1235659087,Reynolds,Daniel,NC,Family Practice,2023,53.11478726207999,752.2274097036,225.0,205,14.16
1245351055,Welch,Terrence,NH,Cardiology,2023,51.33335619522174,726.9854882314348,2169.0,1887,14.16
1093721847,Alsayegh,Laith,WI,Cardiology,2023,98.43858849605238,1392.875397352381,5059.0,1663,14.15
1194702787,Gonzalez,Nestor,WA,Family Practice,2023,99.86655498274999,1413.1486633905,432.0,391,14.15
1861923732,Pabba,Swathi,GA,Internal Medicine,2022,85.14252450999999,1205.0,160.0,68,14.15
1902994825,Ghalchi,Michael,NY,Cardiology,2023,169.13692963637502,2391.29643434125,632.0,384,14.14
1902223217,Gonzales,Albert,TX,Family Practice,2022,64.77768372364001,916.0295166912001,144.0,130,14.14
1386646842,Glicksman,Frances,FL,Cardiology,2023,6.7205448718,95.0,312.0,257,14.14
1003847914,Coleman,Andrew,IL,Family Practice,2022,123.45746779575,1743.913043475,378.0,360,14.13
1851344428,Nixon,Christopher,IN,Family Practice,2022,81.91583926248,1157.7065245837998,287.0,274,14.13
1689795007,Frazier,Elaine,TN,Internal Medicine,2022,123.431683005,1743.4742647,529.0,480,14.13
1407167323,Negatu,Yihenew,WI,Internal Medicine,2023,102.87631678,1453.3610730574999,294.0,134,14.13
1912959453,Uchendu,Chukwudi,LA,Family Practice,2022,102.84022948153999,1453.333307574,537.0,498,14.13
1346293214,Pieters,Philip,VA,Internal Medicine,2023,117.85065425444118,1664.8382352941176,617.0,538,14.13
1548234750,Beams,Kelly,UT,Internal Medicine,2023,111.0627731685,1569.595,277.0,265,14.13
1386698462,Thaljeh,Faisal,LA,Internal Medicine,2022,93.64131181286,1323.5266907398,648.0,571,14.13
1386698462,Thaljeh,Faisal,LA,Internal Medicine,2023,89.85356871996001,1269.5991291779999,699.0,622,14.13
1265875686,Williams,Leah,LA,Family Practice,2022,119.48863576779999,1686.75,148.0,138,14.12
1063671147,Stanton,Kristopher,WA,Family Practice,2023,77.13520341035,1089.5,545.0,544,14.12
1588656730,Anderson,Toby,TN,Family Practice,2022,99.76304303708,1409.0,279.0,264,14.12
1982267944,Cuevas,Marvin,KY,Internal Medicine,2022,99.76761222972,1409.0,236.0,223,14.12
1083630214,Cresci,Sharon,MO,Cardiology,2023,24.020113662460002,338.96870253193333,930.0,798,14.11
1518904796,Manz,Daniel,OH,Internal Medicine,2023,111.25229166849999,1569.595,162.0,151,14.11
1285861989,Servin-Obert,Shannon,WA,Family Practice,2023,90.75024418633335,1280.54200541,554.0,495,14.11
1477572022,Mehta,Sanjay,IL,Cardiology,2023,165.90738524152272,2341.2818885312727,1611.0,1444,14.11
1124480405,Licon,Allexa,WI,Cardiology,2023,45.913647902685184,647.8594444811112,1546.0,1404,14.11
1942255112,Belkowski,George,MI,Family Practice,2022,133.65965360325,1885.75,214.0,197,14.11
1902809536,Khanolkar,Kiran,IL,Family Practice,2023,92.690383275,1307.1447851199998,234.0,232,14.1
1134141195,Naydenov,Tzvetan,IA,Family Practice,2023,111.63,1574.3333333333333,317.0,173,14.1
1811975550,Peter,Carl,SC,Family Practice,2022,77.20113989767499,1088.75,234.0,228,14.1
1578537189,Ivanov,Ruslan,FL,Family Practice,2022,95.92439811665714,1352.7053878628572,3041.0,2888,14.1
1427096080,Emborgo,Edwin,TX,Family Practice,2022,99.6288619271,1404.6465029679998,585.0,544,14.1
1922502327,Morgan,Courtney,LA,Family Practice,2022,101.584236715,1430.934753,277.0,274,14.09
1871640599,Hussain,Zakir,NH,Family Practice,2022,98.78999273799998,1392.32211,400.0,342,14.09
1467707182,Singh,Smita,IL,Internal Medicine,2022,90.6203134436,1277.0,678.0,346,14.09
1588606826,Sztyber,Gerard,NC,Family Practice,2022,123.28202938875,1735.5,306.0,295,14.08
1528158060,Ryan,Joseph,LA,Family Practice,2023,69.44380849876667,978.0,143.0,129,14.08
1700878352,Thyen,Andrew,OK,Family Practice,2022,48.906515929,688.796621622,109.0,106,14.08
1871594887,Turitto,Gioia,PA,Cardiology,2022,79.45878842863333,1118.4074074074074,5391.0,1910,14.08
1134141195,Naydenov,Tzvetan,IA,Family Practice,2022,111.829156129,1574.142857142857,643.0,347,14.08
1952747446,Hennessey,Kerrilynn,NH,Cardiology,2023,58.30836350305185,820.490365004074,3831.0,3384,14.07
1942529615,Thordsen,Sarah,WI,Cardiology,2023,44.22180705423684,621.947179428421,1279.0,1164,14.06
1255918157,Haynes,Jackson,AR,Family Practice,2023,72.98249427285715,1025.1466753857144,278.0,275,14.05
1174552210,Palczynski,Karol,AR,Family Practice,2023,69.60471814566667,978.0,161.0,160,14.05
1851827471,Opene,Michael,CA,Internal Medicine,2023,50.709093777999996,711.75,161.0,127,14.04
1841652724,Mitchell,Perry,LA,Internal Medicine,2022,107.49290856489999,1509.4,229.0,222,14.04
1205299922,Okoye,Michael,TX,Internal Medicine,2022,7.66328912465,107.5,142.0,84,14.03
1831426477,Burns,Chantel,LA,Family Practice,2023,90.742100697,1273.19979559,312.0,291,14.03
1174625990,Ogbo,Rita,CA,Internal Medicine,2023,72.4418047238,1016.6,168.0,117,14.03
1689633596,Zarich,Stuart,CT,Cardiology,2022,38.28307050688,537.1788387096,198.0,189,14.03
1558507178,Tsenovoy,Petr,NJ,Internal Medicine,2022,76.83968572953334,1077.8436776593335,890.0,682,14.03
1942261821,Savani,Paresh,FL,Internal Medicine,2022,100.85520760828001,1413.5547632680002,2026.0,1952,14.02
1497794606,Croasdell,John,IN,Family Practice,2022,71.42643269755,1001.74493435,717.0,618,14.02
1275986390,Khan,Hafiz,WI,Internal Medicine,2023,46.15183959203684,646.3642224894737,1051.0,861,14.01
1265550040,Miyasaka,Rhonda,CO,Cardiology,2023,55.83057916716428,782.1475881264286,1523.0,1466,14.01
1558598250,Weimar,Ashlee,WA,Family Practice,2023,91.52175027366667,1281.3333333333333,665.0,650,14.0
1700227949,Johannesen,Justin,NY,Cardiology,2023,40.0085714285,560.25,206.0,170,14.0
1114118676,Martinez-Moreno,Juan,NV,Family Practice,2022,137.23767156225,1921.4399999999998,357.0,167,14.0
1376628149,Greenberg,Mark,NY,Cardiology,2023,247.761057455,3467.4525584000003,277.0,245,14.0
1184856312,Khan,Mohsin,WI,Cardiology,2023,62.122814903665,869.9128503879999,2188.0,1550,14.0
1881668861,Litman,Eliahu,NV,Family Practice,2023,110.26316608775,1542.6313462675,233.0,222,13.99
1114977311,Dong,Sheng-Jing,WI,Cardiology,2022,54.91665567069524,768.0197166611904,5019.0,4183,13.99
1740676956,Atzenhoefer,Marc,WI,Cardiology,2023,51.765574483825,724.32188552375,2122.0,1845,13.99
1528382199,May,William,GA,Family Practice,2022,112.57061704425,1574.420779325,610.0,580,13.99
1396739892,Rosenzweig,Barry,NY,Cardiology,2022,25.078122389314284,350.85714285714283,539.0,532,13.99
1386823995,Adedapo,Raymond,TX,Family Practice,2023,58.69499182838,820.31469698,356.0,328,13.98
1356320808,Bandel,Geraldo,FL,Internal Medicine,2023,104.53017351975,1461.75,292.0,252,13.98
1215956677,Kahn,Katherine,CA,Internal Medicine,2023,48.858754699,683.0,149.0,72,13.98
1033291711,Hamirani,Kamran,NJ,Cardiology,2022,53.92541382649999,753.8969040628666,1980.0,1648,13.98
1538262076,Meloelain,Jamil,AL,Internal Medicine,2022,102.77001341171429,1436.6507531685713,791.0,599,13.98
1134479629,Abdelghany,Mahmoud,MA,Cardiology,2023,67.37595765850476,942.2108843538094,890.0,851,13.98
1619003860,Lee,David,CA,Cardiology,2023,131.7861410859846,1842.8826693653848,762.0,667,13.98
1235512922,Koppurapu,Vikas,WI,Internal Medicine,2023,41.099067481672726,574.471612627091,517.0,459,13.98
1770788036,Mortada,Mohammad,WI,Cardiology,2022,86.26798740188109,1205.8214505081082,4642.0,3225,13.98
1639224074,Locknane,Timothy,WA,Family Practice,2023,79.86000494813,1115.6798319329998,1841.0,199,13.97
1962436329,Parks,Christopher,GA,Internal Medicine,2022,57.14807621645556,798.2463768111111,285.0,264,13.97
1710100474,Garzon,Mark,MD,Family Practice,2023,246.65228951024997,3444.696384804167,678.0,468,13.97
1851330070,Shah,Syed,LA,Internal Medicine,2023,128.81927188466668,1800.2466716666668,460.0,423,13.97
1285130914,Sandoz,Jacob,LA,Family Practice,2022,91.56185919691666,1278.8333333333333,324.0,314,13.97
1972167492,Richardson,James,VA,Internal Medicine,2023,77.59775113033332,1083.7666666666667,754.0,704,13.97
1285738468,Westbrook,Toikus,TN,Family Practice,2023,68.03440384625,949.7584249025,132.0,131,13.96
1487610564,Roller,Richard,AL,Family Practice,2022,100.22673579458335,1398.8333333333333,685.0,602,13.96
1205817996,Hazelrigg,Stephen,IL,Cardiology,2023,340.5444981229231,4753.016317016154,490.0,435,13.96
1699779348,Hubbard,Jason,TX,Family Practice,2023,86.02120035472,1200.95425794,375.0,319,13.96
1962962241,Shamim,Ainny,AR,Family Practice,2022,95.66108996418,1334.57439078,230.0,229,13.95
1306007091,Nehme,Elie,NY,Internal Medicine,2022,71.69191946211112,1000.1600928044443,826.0,441,13.95
1538434733,Bernauer,Robert,LA,Family Practice,2022,85.74283455818333,1195.8080418653333,478.0,465,13.95
1184685703,Browning,Benjamin,KY,Family Practice,2022,100.28136019658332,1398.8333333333333,1057.0,883,13.95
1487759064,Roberts,Victor,OK,Family Practice,2023,85.94209701246,1197.6400273555998,580.0,545,13.94
1700877537,Tah-Clayton,Bridget,MS,Internal Medicine,2023,86.65086586800001,1207.6,131.0,110,13.94
1659314748,Skarda,John,NC,Family Practice,2022,101.1525913546,1409.0,291.0,274,13.93
1043264955,Singh,S. Dalip,WI,Cardiology,2022,44.9309433163125,626.05979707125,707.0,465,13.93
1215077094,Chaudry,Kusum,CA,Internal Medicine,2023,75.72899914466667,1054.8333333333333,214.0,161,13.93
1073587945,Safarian,Edmond,FL,Family Practice,2022,101.08335521235999,1408.475,293.0,269,13.93
1073715702,Varghese,Betty,MO,Family Practice,2023,133.64700387666667,1862.3333333333333,181.0,179,13.93
1205094687,Sonnier,Jessica,LA,Family Practice,2022,72.21540316245,1006.230235729,346.0,333,13.93
1780625269,Foster,Michael,SC,Cardiology,2023,87.30689903724736,1215.9869064586842,3864.0,2539,13.93
1598765091,Aldape,Adolfo,TX,Internal Medicine,2023,84.61156143338333,1178.4746654903333,819.0,809,13.93
1649222738,Rimmey,Jill,CO,Family Practice,2022,5.169749601266667,72.0,104.0,69,13.93
1407871882,Duncan,George,IL,Internal Medicine,2023,86.38317460333333,1202.6666666666667,124.0,118,13.92
1841524824,Khan,Mahbuba,CA,Family Practice,2023,19.175346535,267.0,101.0,100,13.92
1316110927,Spencer,Jason,TN,Internal Medicine,2022,90.16359924612,1254.7816541480001,369.0,356,13.92
1467651539,Tanaka-Esposito,Christine,OH,Cardiology,2023,108.089460219215,1504.6692127975,1981.0,1369,13.92
1992750947,Dove,Erin,VA,Family Practice,2022,100.45527473661667,1398.8333333333333,612.0,527,13.92
1346339678,Palma,Eugen,NY,Cardiology,2023,81.6544409403125,1136.814263614375,787.0,688,13.92
1760465165,Malench,Peter,IL,Family Practice,2023,105.02473652252499,1461.75,322.0,296,13.92
1336227297,Latorre,Juan,NJ,Family Practice,2022,53.949262002333334,751.0,188.0,92,13.92
1922094085,Wade,Larry,AL,Internal Medicine,2023,87.95634137988,1223.259124716,798.0,767,13.91
1154471944,Mitchell,Thomas,KS,Family Practice,2022,101.26451927634,1409.0,237.0,231,13.91
1962628594,Carrellas,Joan,NM,Family Practice,2023,130.15371444866665,1810.2316296666668,315.0,295,13.91
1275582991,Khan,Daud,MO,Internal Medicine,2022,64.943916377675,903.6512604975001,116.0,116,13.91
1891353082,Friger,Osvaldo,FL,Family Practice,2023,68.84059139752,957.8750149956,374.0,373,13.91
1356334494,Lesage,Francois,TX,Family Practice,2022,100.0291995942,1391.696938006,252.0,247,13.91
1063672863,Xie,Edward,OH,Family Practice,2022,101.28797187118,1409.0,291.0,272,13.91
1598924136,Luan,Aiping,KY,Internal Medicine,2022,101.39174104868,1409.0,350.0,295,13.9
1952898173,Gibson,Darren,VA,Family Practice,2022,101.37442876371999,1409.0,372.0,354,13.9
1376574863,Mudrey,Michael,GA,Family Practice,2023,102.37780892705001,1422.81362773525,348.0,341,13.9
1407408073,Ranjit,Deepika,IL,Internal Medicine,2023,99.8715753425,1388.0,410.0,214,13.9
1104288257,Sharpe,Griffen,MS,Family Practice,2023,68.20089674003333,947.3333333333334,112.0,106,13.89
1962485854,Meyers,Michael,WI,Cardiology,2023,40.559748719541176,563.5115239076471,1783.0,1630,13.89
1407885031,Rings,Sudhakar,OH,Family Practice,2022,100.20501587753999,1391.6783441257999,449.0,442,13.89
1710056130,Cowden,Arthur,FL,Family Practice,2022,107.13466175170001,1488.4675,217.0,207,13.89
1154344604,Parker,Neil,CA,Internal Medicine,2023,49.1694942525,683.0,190.0,144,13.89
1942206016,Hagler,Donald,MN,Cardiology,2022,109.36098430435,1517.5732270880003,216.0,215,13.88
1043698111,Goyal,Kamal,FL,Family Practice,2022,97.8713106486,1358.142965465,591.0,569,13.88
1093153645,Parker,Michelle,TX,Family Practice,2022,72.878675391775,1011.456979756,213.0,208,13.88
1083659304,Kadam,Sejal,NY,Internal Medicine,2023,110.14,1527.27596598,810.0,474,13.87
1023033578,Hanko,Rodger,IL,Internal Medicine,2022,101.5598975474,1409.0,306.0,291,13.87
1477635092,Ahmad,Homaa,MO,Cardiology,2023,26.96681983175,374.102859258625,934.0,893,13.87
1013470574,Montgomery,Lawson,KS,Family Practice,2023,95.621164287575,1326.25,730.0,649,13.87
1700878352,Thyen,Andrew,OK,Family Practice,2023,75.71237396875,1050.1412477325,131.0,124,13.87
1720242498,Haveman,Jessica,MI,Family Practice,2023,21.7160340465,301.0,188.0,73,13.86
1235224718,Blake,Steven,FL,Internal Medicine,2022,77.9258996337,1080.0,149.0,141,13.86
1770511487,Dong,Jennifer,TX,Family Practice,2023,16.2066704545,224.64000000000001,262.0,258,13.86
1356769640,Kollar,Rebekah,MS,Family Practice,2023,97.17883158859999,1346.242886175,248.0,238,13.85
1104890995,Allman,Jeffrey,AL,Family Practice,2022,72.81500972360001,1008.43874867175,329.0,318,13.85
1952538464,Spangenberg,Daniel,NY,Family Practice,2022,76.290694326425,1056.5,245.0,231,13.85
1083055453,Adewumi,Olumide,MO,Family Practice,2022,98.15100792999999,1359.429600088,490.0,465,13.85
1477114643,Raikovskii,Evgenii,IL,Internal Medicine,2023,100.3375,1390.0,392.0,187,13.85
1740573260,Duenes,Aristeo,TX,Family Practice,2023,71.17481351375,985.75,501.0,478,13.85
1265480800,Williams,Eric,NH,Cardiology,2022,46.58018747172308,644.8534638253847,4261.0,3703,13.84
1255360673,Rodriguez-Maldonado,Jose,SC,Internal Medicine,2022,99.31056270033332,1374.4895857066667,240.0,230,13.84
1538315221,Muthukumar,Lakshmi,WI,Cardiology,2022,101.04678702221251,1398.6666666666667,12258.0,2625,13.84
1851373542,Wilansky Markowitz,Susan,AZ,Cardiology,2023,47.077883150236005,651.3713011159999,2158.0,2040,13.84
1194755702,O'connell,Kevin,WI,Family Practice,2023,10.125454545333334,140.14242424333332,267.0,196,13.84
1821437229,Johannes,Andrew,WI,Internal Medicine,2022,126.39412844409092,1748.9481011445453,340.0,321,13.84
1689752636,Garrison,Allen,GA,Internal Medicine,2022,78.72749845955,1088.75,132.0,127,13.83
1225072234,Gillett,David,TX,Family Practice,2023,58.5988306801,810.2254544330001,846.0,814,13.83
1992190789,Purtell,Christopher,WI,Cardiology,2023,26.5184796001,366.75,472.0,413,13.83
1033522610,Waring,Ashley,SC,Cardiology,2023,46.56335704687059,643.8235294117648,1422.0,1366,13.83
1114150257,Ibrahim,Homam,MD,Cardiology,2023,214.09566182133332,2961.9970893555555,294.0,277,13.83
1922066083,Williams,Wesley,PA,Family Practice,2023,76.337944667,1055.9810905000002,183.0,179,13.83
1083938708,Gutierrez,Luis,FL,Internal Medicine,2023,123.79321946600001,1711.75,229.0,199,13.83
1235260696,Singh,Inder,GA,Family Practice,2022,72.669261904,1004.007936515,155.0,150,13.82
1588618664,Quattrone,Timothy,LA,Family Practice,2023,109.389142395,1512.1084142,412.0,376,13.82
1730422643,Garster,Noelle,WI,Cardiology,2022,54.57957114812273,754.3120073436363,1714.0,1449,13.82
1538524723,Campbell,Kelly,TX,Internal Medicine,2022,95.49339162062,1319.5040612668,400.0,387,13.82
1760613319,Mcabee,Bradley,NC,Family Practice,2022,125.5424663945,1735.5,1113.0,995,13.82
1508896788,Marowski,Christopher,WI,Cardiology,2022,80.65148669525999,1114.3064842575,2732.0,2151,13.82
1033195771,Castaner,Angel,IL,Cardiology,2022,21.87512629364,302.0,1519.0,1324,13.81
1134227135,Malcott,John,IL,Family Practice,2023,13.913625000000001,192.2,218.0,193,13.81
1467426825,Nakasato,Karen,KY,Internal Medicine,2023,85.1149555011,1175.0160085924,377.0,352,13.81
1497719959,Bachhuber,Brian,WI,Cardiology,2023,67.70448797267908,934.7462135744187,3939.0,3425,13.81
1730422643,Garster,Noelle,WI,Cardiology,2023,48.22830678052632,666.0992274121053,1379.0,1151,13.81
1710980404,Tarkin,Howard,NY,Cardiology,2023,107.50963660988,1484.7973829787002,2597.0,2029,13.81
1619311610,Shekar,Anshula,CA,Internal Medicine,2022,26.997705734025,372.75,231.0,138,13.81
1487099974,Ko,Myung,CA,Internal Medicine,2022,108.23857624873125,1494.5625,384.0,357,13.81
1164741146,Kashani,Nasser,TX,Family Practice,2023,57.719066447399996,796.9918206066,239.0,231,13.81
1760798797,Patel,Naresh,NJ,Family Practice,2023,96.60572916666668,1334.4756944333333,102.0,66,13.81
1558347286,Jacobs,Robert,AR,Family Practice,2023,83.49082425233333,1152.6666666666667,416.0,371,13.81
1649475120,Bort,Ermita,UT,Internal Medicine,2023,92.379813955,1274.8056976500002,241.0,236,13.8
1578129847,Cerna Santos,Christian,TX,Family Practice,2022,104.240666944825,1438.75,222.0,208,13.8
1326094145,Niemann Royer,Nancy,MO,Internal Medicine,2022,97.03857192033333,1339.3333333333333,144.0,143,13.8
1831610930,Mckeehen,James,OK,Family Practice,2022,96.78067071176667,1336.050648863,1188.0,1059,13.8
1417309337,Sandhu,Ravneet,PA,Internal Medicine,2022,82.61013364899999,1139.8769981333332,598.0,335,13.8
1902005234,Corpus,Michael,AR,Family Practice,2022,94.04651402033333,1297.3807341966667,316.0,300,13.8
1164656823,Aycock,Ryan,FL,Internal Medicine,2022,100.61729133086001,1388.97429433,794.0,747,13.8
1861554743,Bortin,Kenneth,WI,Cardiology,2023,28.523816887454544,393.3256636168182,1443.0,1203,13.79
1538194535,Turner,Jordan,AL,Family Practice,2023,87.04584513456,1200.7908980460002,620.0,602,13.79
1164510186,Todd,Timothy,TN,Internal Medicine,2023,73.4326515139,1012.4242424,134.0,122,13.79
1750797494,Gwinn,Sky,AL,Internal Medicine,2022,102.17743918126,1409.0,214.0,197,13.79
1124118005,Sandness,Kathleen,KS,Internal Medicine,2022,7.380233552649999,101.75,339.0,300,13.79
1568724045,Njopang,Collette,KY,Internal Medicine,2022,102.19881350128,1409.0,756.0,624,13.79
1871554915,Borges-Young,Simone,IL,Internal Medicine,2022,95.08992587828,1310.383208119,424.0,391,13.78
1477996775,Khan,Asma,TX,Family Practice,2022,128.05728547225002,1765.1927323549999,242.0,230,13.78
1629384581,Giuffreda,Leonard,MD,Family Practice,2022,134.93920644625,1859.0,263.0,229,13.78
1467711374,Barakat,Monique,CA,Internal Medicine,2023,117.50931282116154,1619.3212979492307,390.0,319,13.78
1154378073,Anand,Desh,MO,Internal Medicine,2022,94.17700219928,1297.7128693,287.0,284,13.78
1285016311,Grover,Stanley,VA,Family Practice,2022,102.3232822884,1409.0,595.0,552,13.77
1306861844,Goulet,Karen,MI,Family Practice,2022,126.01940997775,1735.5,330.0,304,13.77
1801874094,Guigauri,Pavel,WI,Cardiology,2022,76.2663848750174,1050.1258943765652,1800.0,1081,13.77
1528599107,Salerno,Nicholas,LA,Family Practice,2023,130.70442583233333,1799.2010503000001,420.0,402,13.77
1356735823,Sholty,Rodney,NV,Family Practice,2022,72.01907478785,991.1806163725,426.0,415,13.76
1972659241,Shah,Waseem,AR,Family Practice,2022,124.3711791405,1711.8691870325001,671.0,622,13.76
1942675764,Choi,Jacob,FL,Family Practice,2023,131.2017482088739,1805.8260869565217,2344.0,1000,13.76
1417930827,Khandheria,Bijoy,WI,Cardiology,2022,34.50474612694615,474.6923076923077,2773.0,2578,13.76
1942529615,Thordsen,Sarah,WI,Cardiology,2022,38.49923207902222,529.7227524583334,2087.0,1770,13.76
1497940753,Adams,James,KY,Family Practice,2022,102.39655355176,1409.0,319.0,297,13.76
1154703254,Mcgee,Lauren,VA,Family Practice,2022,102.3783579369,1409.0,450.0,405,13.76
1578502365,Grodman,Richard,NY,Cardiology,2022,37.567378951500004,517.0,518.0,493,13.76
1083900559,Youssef,Amr,WI,Cardiology,2023,50.155622860655555,689.9090449618518,2391.0,1994,13.76
1679936637,Akl,Karim,NJ,Internal Medicine,2022,112.24549999999999,1544.332681725,139.0,94,13.76
1598765091,Aldape,Adolfo,TX,Internal Medicine,2022,106.21043358156668,1460.6891706899999,1609.0,1572,13.75
1538160536,Madasu,Ravi,TN,Internal Medicine,2023,66.940354722525,920.662026702,463.0,442,13.75
1104893296,Malik,Ijaz,WI,Cardiology,2022,59.89887612686129,823.5031117867742,4951.0,4130,13.75
1134488893,Perrin,Falon,LA,Family Practice,2022,102.58963340067999,1409.802103782,472.0,453,13.74
1114298916,Mcraven,Anthony,TN,Internal Medicine,2022,94.82090787599999,1302.9580324233332,364.0,330,13.74
1588646145,Tijerina,Oscar,TX,Family Practice,2022,104.819059480325,1438.75,542.0,482,13.73
1104446103,Lockhart Wright,Tracey,AR,Family Practice,2023,115.85537554,1590.6666666666667,163.0,155,13.73
1417190703,Keeley,Phillip,KY,Family Practice,2023,65.04325880035,893.132305175,157.0,154,13.73
1881668861,Litman,Eliahu,NV,Family Practice,2022,96.04519087262,1317.63977778,330.0,321,13.72
1952355653,Waller,Jason,MS,Family Practice,2022,101.9335577961,1398.8333333333333,1482.0,1341,13.72
1619917275,Waldrup,Phillip,TN,Internal Medicine,2023,96.64723969675,1326.25,1418.0,1223,13.72
1144337544,Roshe,Ronald,NY,Internal Medicine,2023,98.12383818999999,1345.770603604,461.0,443,13.72
1083068936,Ghasem,Wesley,CA,Cardiology,2023,96.1550378432,1318.8,544.0,305,13.72
1639149859,Schwartz,Todd,FL,Internal Medicine,2022,123.38513917325,1692.25,480.0,423,13.72
1376957068,Cutlip,Aaron,MI,Family Practice,2023,115.8039776305,1589.375,297.0,275,13.72
1568452696,Avery,Shane,IN,Family Practice,2022,91.43740959358,1253.60177778,560.0,502,13.71
1053872309,Korsun,Philip,CA,Internal Medicine,2023,120.344143911,1650.0,375.0,168,13.71
1194020164,Kocia,Orjeta,NJ,Internal Medicine,2022,67.1055418414,919.790384616,256.0,130,13.71
1770513723,Dev,Vishva,CA,Cardiology,2022,380.504961268108,5212.5099292392,9162.0,5887,13.7
1164785457,Risner,Benjamin,KY,Family Practice,2022,102.82951338315999,1409.0,426.0,365,13.7
1033180245,Nsima-Obot,Eno,IL,Internal Medicine,2023,93.28399999999999,1277.8,438.0,227,13.7
1750398293,Dillon,Gerard,NH,Cardiology,2023,35.92214984536667,492.2138526205556,2805.0,2347,13.7
1013013721,Ellison,Nicole,TX,Family Practice,2022,78.8295706847,1079.725980185,267.0,250,13.7
1316020456,Gutierrez Garcia,Francisco,TX,Family Practice,2022,63.39746078654,868.3595093079999,206.0,192,13.7
1629025895,Sabowitz,Brian,WA,Internal Medicine,2023,86.92822298911999,1190.8,486.0,441,13.7
1184632127,Taveras,Maria,WI,Cardiology,2022,29.70512723386364,406.87759684090906,558.0,529,13.7
1124231972,Rosen,Ruth,AZ,Family Practice,2022,117.28179911309999,1606.0,263.0,258,13.69
1275585788,Schiller,Nelson,CA,Cardiology,2022,54.821459270058334,750.5665535941666,868.0,818,13.69
1962675462,Gray,James,CA,Cardiology,2023,56.78640117376944,777.1766645961388,3954.0,2959,13.69
1376574863,Mudrey,Michael,GA,Family Practice,2022,102.19477673866668,1398.8333333333333,629.0,573,13.69
1073773834,Ludden,David,WI,Cardiology,2023,332.94193282816667,4556.771270193333,138.0,137,13.69
1518298280,Sharma,Abhinav,WI,Cardiology,2023,53.04297137190714,726.3898098642858,611.0,555,13.69
1144482951,Mata,Henry,FL,Internal Medicine,2023,125.3720191375,1714.4631445999999,247.0,229,13.68
1255827614,Cha,Ming Han,OH,Internal Medicine,2023,126.88557862999998,1735.2766666666666,510.0,489,13.68
1962485854,Meyers,Michael,WI,Cardiology,2022,45.645812459305,624.2862055525,1810.0,1649,13.68
1336286533,Jones,Charles,AR,Family Practice,2022,74.6091821934,1021.01585915175,168.0,158,13.68
1821437229,Johannes,Andrew,WI,Internal Medicine,2023,115.02587198014285,1573.4341119992857,392.0,364,13.68
1104893296,Malik,Ijaz,WI,Cardiology,2023,56.07169692483714,767.0254330122857,4918.0,4064,13.68
1891895256,Brooks,Katherine,MN,Internal Medicine,2022,87.93819430186666,1202.6666666666667,164.0,138,13.68
1427102557,Kumaresan,Arulnangai,NY,Internal Medicine,2022,94.28935192725,1289.1145004324999,206.0,117,13.67
1699083154,Gutierrez,Noah,TX,Internal Medicine,2023,92.96135082194,1270.398237394,733.0,641,13.67
1013229509,Mccracken,Rachael,OK,Family Practice,2023,69.646511111,952.2044444333333,160.0,158,13.67
1497861827,Lirette,Edward,LA,Internal Medicine,2022,187.32654483,2559.5,282.0,273,13.66
1720267081,Howard,Brandon,NJ,Internal Medicine,2023,102.4494456374,1399.91236904,8408.0,2439,13.66
1295914299,Likness,Lincoln,WI,Family Practice,2022,57.101851901321055,780.2162923602631,2193.0,972,13.66
1396150413,Lee,Carlton,KY,Family Practice,2023,61.67676346794,842.2634953720001,398.0,374,13.66
1386823995,Adedapo,Raymond,TX,Family Practice,2022,86.12643368888332,1175.603816542,463.0,431,13.65
1619140639,Humphreys,Jonathan,AL,Family Practice,2023,86.84511267956,1185.4,550.0,526,13.65
1710947031,Hornung,Joel,KS,Family Practice,2023,86.98670411746,1187.0,579.0,551,13.65
1073715702,Varghese,Betty,MO,Family Practice,2022,117.926313483,1609.75,201.0,196,13.65
1245225168,Fouts,David,MO,Family Practice,2022,98.22585440133332,1339.3333333333333,312.0,297,13.64
1558642751,Sagar,Dipti,CA,Internal Medicine,2022,102.40521499757143,1396.6685521799998,173.0,161,13.64
1790032530,Petersen,Kyle,FL,Family Practice,2023,107.17777175745,1461.75,293.0,282,13.64
1114912557,Maduakolam,Chinedu,IN,Internal Medicine,2023,95.87987286252,1307.9600825224,611.0,569,13.64
1952832735,Miller,Danielle,KS,Family Practice,2023,91.75571117967999,1250.493799376,562.0,542,13.63
1760445894,Duke,Frances,AR,Family Practice,2023,71.77805158666666,978.0,160.0,147,13.63
1922230135,Abdalla,Majdi,NJ,Internal Medicine,2022,95.13481795279999,1296.029408328,220.0,123,13.62
1801277363,O'banner,Jeffrey,TN,Family Practice,2023,69.2413037227,942.6313773500001,584.0,538,13.61
1033102918,Barnett,Robert,OH,Family Practice,2022,127.51492677875,1735.5,422.0,388,13.61
1649479494,Khalil,George,TX,Internal Medicine,2023,86.48291581674,1176.6907118424,383.0,355,13.61
1922162114,Khan,Gauhar,CA,Cardiology,2023,120.42781643452443,1639.0679203613336,5849.0,4048,13.61
1003852211,Dickson,Kurt,AZ,Internal Medicine,2023,87.23193152154,1187.0,610.0,579,13.61
1275556235,Makanbhai,Hetendra,TX,Internal Medicine,2022,94.82111041822222,1290.0923838333333,549.0,405,13.61
1457371585,Wong,Mitchell,CA,Internal Medicine,2023,50.1812839675,683.0,142.0,115,13.61
1508109869,Yashar,Nooshin,CA,Internal Medicine,2023,34.393490142266664,468.0,163.0,117,13.61
1518969468,Burch,William,TN,Family Practice,2023,100.99431102455,1373.8077477625,551.0,532,13.6
1669562336,Horwitz,Lawrence,IA,Cardiology,2022,5.3228800872,72.414880501,5697.0,3949,13.6
1306089024,Prange,Jessica,IL,Cardiology,2022,78.911992026845,1072.7079683080499,3176.0,2736,13.59
1114389541,Welch,Jo'el,MS,Family Practice,2023,87.31591635196,1187.0,632.0,570,13.59
1881644177,Adoni,Naveed,IL,Internal Medicine,2022,128.81313941970555,1751.1467635535,1624.0,1445,13.59
1619963915,Attubato,Michael,NY,Cardiology,2023,178.02460898985714,2418.974182442857,921.0,827,13.59
1851344980,Yang,Dae,MN,Family Practice,2022,97.4276249621,1323.5846510112858,1499.0,1457,13.59
1215280805,Mega,Joseph,CA,Family Practice,2023,49.64279174733334,674.8396072076667,126.0,117,13.59
1447394812,Khan,Shahid,CA,Internal Medicine,2022,28.382653696083334,385.6666666666667,274.0,205,13.59
1083668271,Faldon,Salih,GA,Family Practice,2022,103.6823094744,1409.0,342.0,329,13.59
1417243973,Faber,Christopher,MI,Family Practice,2022,127.793424526,1735.5,303.0,285,13.58
1770671455,Fearon,William,CA,Cardiology,2022,183.50311134799,2492.008988091,627.0,598,13.58
1063709962,Guan,Henry,CA,Family Practice,2022,47.43995369126666,644.2043010766666,183.0,125,13.58
1538352604,Phillips,Paul,VA,Family Practice,2022,103.25395984812,1401.9157142857998,445.0,380,13.58
1366599987,Sanchez,Susan,CA,Internal Medicine,2022,36.741502647175,498.5,475.0,238,13.57
1407219967,Wu,Ambrose,OH,Family Practice,2022,100.58707789412,1364.597319276,685.0,662,13.57
1770671455,Fearon,William,CA,Cardiology,2023,149.78206550827272,2032.1105785427271,589.0,556,13.57
1538262076,Meloelain,Jamil,AL,Internal Medicine,2023,96.96875262466666,1316.0319851316667,1098.0,805,13.57
1912999699,Diaz,Horacio,TX,Family Practice,2023,103.308016556,1401.8206662,317.0,305,13.57
1063671147,Stanton,Kristopher,WA,Family Practice,2022,80.27304563886666,1089.5,619.0,609,13.57
1003871658,Okpon Onabajo,Catherine,TX,Family Practice,2023,65.32213420777501,885.5,380.0,349,13.56
1881648087,Lindsey,Casaundra,NV,Internal Medicine,2023,75.4271638353,1022.5,354.0,346,13.56
1366892606,Terhark,Matthew,TX,Family Practice,2023,84.20544293214,1142.1971756568,441.0,382,13.56
1922278126,Thomas,Michael,TN,Family Practice,2022,90.7323800129,1230.31198641,311.0,251,13.56
1689603714,Way,Peter,TX,Internal Medicine,2023,53.64168927830001,726.6,410.0,388,13.55
1639178189,Ahmed,Mohamed,NY,Internal Medicine,2022,100.88354149259999,1367.4,534.0,494,13.55
1285999318,Penagaluri,Ashritha,LA,Internal Medicine,2023,44.673422646,605.4693232612727,535.0,370,13.55
1891711677,Pesch,Theodor,TX,Family Practice,2022,95.073720142,1288.2773460184,216.0,215,13.55
1174549851,Singleton,Joseph,LA,Family Practice,2023,72.958880725,988.4260465333333,288.0,270,13.55
1780618868,Desai,Bankimchandra,NJ,Internal Medicine,2022,103.7678265165,1406.3333333333333,148.0,136,13.55
1265728893,Nelson,Kenneth,OH,Cardiology,2023,44.703114346005,605.8863636365,2304.0,1891,13.55
1568411403,Rizk,Antoine,MS,Cardiology,2023,75.72931408383333,1026.0751276137844,11019.0,7221,13.55
1659513158,Buelow,Matthew,WI,Cardiology,2022,55.477409945775,751.28125,166.0,150,13.54
1023070067,Alford,Timothy,MS,Family Practice,2022,101.47197406341999,1374.33333334,610.0,560,13.54
1760793244,Wilson,Aaron,CO,Family Practice,2023,64.48294841412499,873.0369248192501,365.0,355,13.54
1497792402,Wicks,Allan,WY,Cardiology,2022,77.38934227852572,1047.3204655308284,6701.0,4399,13.53
1598183402,Wenhold,John,TX,Family Practice,2023,72.09164724125,975.4568108675,530.0,510,13.53
1659398279,Patel,Ketan,MO,Internal Medicine,2022,97.39324593233334,1317.6666666666667,134.0,129,13.53
1396848354,Raghavan,Chakravarthy,FL,Cardiology,2022,53.069308177258065,718.0002591009355,2919.0,2090,13.53
1174622153,Marchetti,Anthony,GA,Internal Medicine,2022,104.15577698288,1409.0,391.0,372,13.53
1689037376,Yau,Stephen,CA,Cardiology,2023,44.583523452923075,603.2307692307693,2086.0,1759,13.53
1255390472,Tate,Crystal,MS,Family Practice,2022,20.9282347031,283.245,124.0,78,13.53
1639442213,Sutherland,Michael,TN,Internal Medicine,2022,94.76623995473334,1282.5,334.0,318,13.53
1447276365,Duru,Obidiugwu,CA,Internal Medicine,2023,50.498106796,683.0,153.0,87,13.53
1295227015,Neuwirth,Jacob,GA,Internal Medicine,2022,108.231503634,1464.536429508,393.0,190,13.53
1861553406,Jeffery,Maren,PA,Cardiology,2023,26.52339154546956,358.62798903860875,3671.0,3359,13.52
1659531200,Lee,Anna,AL,Internal Medicine,2023,89.94404498766666,1215.8004662033334,163.0,158,13.52
1497756654,Bungo,Michael,TX,Cardiology,2022,10.9263564664,147.75,743.0,515,13.52
1811450356,Porter,Drew,TN,Internal Medicine,2022,98.17099359260001,1326.25,324.0,313,13.51
1821085176,Martinez,Angel,TX,Family Practice,2023,5.7380967035,77.51417142849999,116.0,76,13.51
1720422165,Demers,Maxime,LA,Family Practice,2022,100.90901508508,1362.6,1028.0,952,13.5
1164629135,Warholic,Christopher,KS,Family Practice,2023,75.16842576596667,1014.6666666666666,460.0,416,13.5
1457378994,Lanza,Gregory,MO,Cardiology,2023,24.24950316114,327.270169185,653.0,596,13.5
1376693317,Guiney,Benjamin,NC,Family Practice,2022,128.5896356045,1735.5,422.0,409,13.5
1063853570,Buzzinotti,Zachri,PA,Internal Medicine,2022,132.914086215,1794.5540574000001,149.0,140,13.5
1912062001,Overby,Halline,CA,Internal Medicine,2022,30.2996740647,408.99429179566664,1625.0,619,13.5
1508972308,Edwards,James,PA,Internal Medicine,2022,72.5801084114375,979.88566600375,1012.0,585,13.5
1740320670,Cooke,Richard,CA,Family Practice,2023,52.715006740250004,711.75,171.0,142,13.5
1962477935,Cunningham,Paul,WA,Family Practice,2022,3.1606186978000004,42.666666666666664,223.0,182,13.5
1376782201,Wong,Michael,MD,Family Practice,2023,93.2643742623,1259.2017698171999,540.0,524,13.5
1740634740,Gaddis,Meghan,LA,Family Practice,2022,107.16485034033333,1447.1138024733334,165.0,162,13.5
1508896788,Marowski,Christopher,WI,Cardiology,2023,78.10668542245588,1054.0186651588235,2468.0,1947,13.49
1376905901,Juakali,Ebony,LA,Family Practice,2022,75.33601533635,1016.5532307347501,306.0,293,13.49
1811331804,Watts,Joshua,KY,Family Practice,2022,113.34693238692,1529.2,1035.0,920,13.49
1326381468,Keleshian,Hagop,MS,Family Practice,2023,90.50821077677142,1221.024620817143,661.0,634,13.49
1437503380,Tymchuk,Bradley,OR,Internal Medicine,2023,6.1004081633,82.306122449,196.0,124,13.49
1598731960,Page,Gregory,TX,Internal Medicine,2022,93.415774788,1259.18304601125,579.0,419,13.48
1962480368,Thota,Suresh,TN,Internal Medicine,2023,86.31176868824,1163.4600971526002,1104.0,1023,13.48
1194702787,Gonzalez,Nestor,WA,Family Practice,2022,107.766240275375,1452.299242425,540.0,480,13.48
1467707182,Singh,Smita,IL,Internal Medicine,2023,99.20733536575,1337.165548775,323.0,190,13.48
1477526515,Bellissimo,Joseph,WI,Cardiology,2023,54.891977368705,739.1411517425,955.0,854,13.47
1649774175,Bedrossian,Nora,CA,Internal Medicine,2023,122.495,1650.0,178.0,58,13.47
1730176991,Blackshear,Joseph,FL,Cardiology,2022,30.95772963884286,417.0,226.0,221,13.47
1598785669,Ruman,Angela,CA,Internal Medicine,2022,44.880659790799996,604.6,409.0,364,13.47
1003059874,Amos,Aaron,MS,Family Practice,2022,112.75161760680001,1518.4,220.0,205,13.47
1205031390,Bowman,Benjamin,TN,Internal Medicine,2023,88.10808650528,1187.0,1294.0,1247,13.47
1770554446,Ngone,Ewane,GA,Family Practice,2023,69.137991748775,930.55377435275,337.0,330,13.46
1326089277,Teran,Lucero,CA,Family Practice,2022,63.536444212542854,855.2004870128573,363.0,256,13.46
1093759417,Yang,John,IL,Cardiology,2022,50.832058353995656,684.2993967668261,2099.0,1468,13.46
1457396434,Schriever,Paul,FL,Family Practice,2022,77.450125215225,1042.213352275,198.0,195,13.46
1760912646,Leija,Laura,NM,Family Practice,2022,73.430574805075,987.40450662675,249.0,242,13.45
1952508087,Dobrow,Michael,NJ,Family Practice,2023,61.252519357991666,823.9566849691668,832.0,487,13.45
1740383637,Minix,David,KY,Family Practice,2022,100.9088329003,1357.0937766266002,763.0,702,13.45
1326049420,Hassan,Mohammad,KS,Family Practice,2023,102.9296829392,1384.2885916275,313.0,293,13.45
1508286030,Molina,Raul,FL,Family Practice,2023,108.70538253765,1461.75,944.0,837,13.45
1295782563,Duff,Thomas,GA,Family Practice,2022,104.78515636847999,1409.0,327.0,293,13.45
1134325426,Adelman,Christopher,TN,Internal Medicine,2023,98.589963863075,1326.25,846.0,815,13.45
1831115328,Babb,Eric,TX,Family Practice,2023,74.70418623466666,1004.8387033333333,283.0,274,13.45
1790993897,Alfakir,Maria,NJ,Internal Medicine,2023,57.283674836124995,769.875,905.0,526,13.44
1275533804,Curd,Bryan,KY,Internal Medicine,2023,90.80872779533333,1220.6666666666667,208.0,201,13.44
1790993897,Alfakir,Maria,NJ,Internal Medicine,2022,47.81390413919375,642.75,680.0,389,13.44
1023078623,Rico,Shannelle,SD,Family Practice,2022,23.443311431599998,315.0,185.0,163,13.44
1619234937,Harland,Daniel,WI,Cardiology,2022,105.2167855748875,1412.928267046875,16968.0,2282,13.43
1740286814,Filardo,Steven,VA,Cardiology,2023,59.80954593431667,803.0555555555555,1539.0,967,13.43
1043671571,Sass,Eric,TX,Internal Medicine,2022,93.9306642838,1261.3504857242,664.0,634,13.43
1790842870,Topinka,Marcus,OH,Family Practice,2022,129.23456918875,1735.5,465.0,440,13.43
1497710461,Tak,Tahir,MN,Cardiology,2023,36.47127273089375,489.92651879375,1405.0,1340,13.43
1851465520,Livingston,Robert,FL,Family Practice,2023,102.169967898975,1371.75,1091.0,1033,13.43
1033485057,Kang,Guson,CA,Cardiology,2023,165.65823568399998,2222.549052878,195.0,188,13.42
1144797101,Zhang,Mary,MO,Family Practice,2022,92.55248062,1241.9005548,106.0,106,13.42
1871708446,Baker,Penny,OH,Family Practice,2022,105.02886362972,1409.0,287.0,259,13.42
1336382548,Tyson,Jeremiah,CT,Internal Medicine,2023,68.63064622339999,921.0281735589999,283.0,253,13.42
1568516896,Lim,Jocelyn,NJ,Internal Medicine,2022,71.666306764,961.4851883,296.0,166,13.42
1083068936,Ghasem,Wesley,CA,Cardiology,2022,100.5913593082,1350.3773585,344.0,190,13.42
1316995087,Alamuri,Isaac,NY,Family Practice,2022,101.11114647857143,1357.2815533985715,2124.0,970,13.42
1083055453,Adewumi,Olumide,MO,Family Practice,2023,90.3404725940625,1211.875,443.0,393,13.41
1902038375,Edwards,Marjorie,AR,Family Practice,2022,95.16049862986667,1276.076995441,227.0,211,13.41
1447237029,Click,Roger,MN,Cardiology,2023,22.973195176242857,308.15282392,724.0,723,13.41
1982768255,Aona,Francis,OH,Family Practice,2022,105.68846189266667,1417.3333333333333,105.0,98,13.41
1912369919,Shalaby,Michael,LA,Internal Medicine,2022,123.81309579192,1660.2,408.0,400,13.41
1033645189,Soleimani,Mina,IA,Family Practice,2022,93.39815319266665,1252.7848594999998,194.0,183,13.41
1679516918,Mangat,Jagjit,WA,Family Practice,2023,94.6339431117,1268.6478879884,828.0,783,13.41
1245474410,Ortiz,Ronnie,WI,Internal Medicine,2023,92.31155398996364,1237.4079953458483,2560.0,1896,13.4
1922067768,Morris,Howard,MD,Internal Medicine,2022,105.21978662686001,1409.0,1260.0,1165,13.39
1417268186,Akalonu,Kenneth,GA,Family Practice,2023,75.0187996949,1004.1971943333333,258.0,252,13.39
1801870084,Chaliki,Hari,AZ,Cardiology,2022,45.272009253625,605.578588324,1360.0,1284,13.38
1194882613,Rangasamy,Ajantha,NY,Internal Medicine,2022,93.561703926,1251.58244457,300.0,170,13.38
1245324581,Herrera,Saturnino,NJ,Internal Medicine,2022,97.53030402271429,1305.0331825028572,219.0,155,13.38
1508866302,Hyde,David,OH,Family Practice,2022,104.57014044699999,1398.8333333333333,158.0,141,13.38
1639665367,Lobo,Christopher,MO,Family Practice,2022,26.999045196692066,361.18786073857143,10768.0,4425,13.38
1760423461,Awofadeju,Ayoola,IL,Internal Medicine,2022,92.57125586655715,1238.6840276928572,685.0,635,13.38
1326604851,Herman,Allan,NM,Family Practice,2023,114.52074967025,1530.75,375.0,330,13.37
1063456630,Martin,Joseph,OH,Cardiology,2023,56.196967291135294,751.51919101,2385.0,2165,13.37
1932393147,Sana,Wajeeh,NY,Family Practice,2022,102.2366568123,1367.4,737.0,688,13.37
1649767450,Grillo,Nicholas,ME,Family Practice,2023,94.93627361355,1268.8333333333333,536.0,504,13.37
1588126668,Hultgren,Britt,MO,Family Practice,2023,83.2924935735,1113.81,259.0,208,13.37
1033406574,Bera,Sagir,CA,Family Practice,2022,41.4905546655,554.8333333333334,193.0,169,13.37
1063444644,Weisenfeld,Shelly,AL,Family Practice,2022,76.104376109425,1016.9234712882501,227.0,223,13.36
1952832735,Miller,Danielle,KS,Family Practice,2022,94.1376165895,1257.278197746,645.0,618,13.36
1558314252,Emerole,Obinnaya,GA,Cardiology,2022,70.35996109915455,939.9289458640909,2212.0,1254,13.36
1477726412,Smith,Charles,CA,Cardiology,2023,62.3128501862889,832.4484235816667,2178.0,1684,13.36
1902994825,Ghalchi,Michael,NY,Cardiology,2022,179.856408183025,2401.5200396825,575.0,360,13.35
1558723577,Thomas,Justin,FL,Family Practice,2023,93.41231119844,1247.4,1131.0,1093,13.35
1295935161,Huggins,Kimberly,MO,Family Practice,2023,105.35204834775,1406.4629604625,275.0,270,13.35
1356359855,Nishio,Masako,TX,Internal Medicine,2022,105.78149959999999,1412.56118674,205.0,204,13.35
1720187933,Patlolla,Vishnu Vardhan,WI,Cardiology,2023,35.9237268088381,479.16981436619045,1671.0,1504,13.34
1831263458,Mohammed,Richard,FL,Family Practice,2022,95.84178391316668,1278.7711558216668,336.0,315,13.34
1447363585,Bailey,Shawn,IL,Family Practice,2022,110.16373773575,1470.0,242.0,230,13.34
1417908401,Rucker,Mark,AR,Family Practice,2023,105.76728198175,1411.4330797,187.0,187,13.34
1841336658,Reddington,Michael,MI,Internal Medicine,2023,87.65837493136,1169.0079694098,653.0,627,13.34
1639442213,Sutherland,Michael,TN,Internal Medicine,2023,102.60072492825002,1369.1666666666667,368.0,341,13.34
1063494979,Lucus,Dale,TX,Family Practice,2023,86.64051231133334,1154.95416159,105.0,103,13.33
1184688806,Haman,David,TX,Family Practice,2022,102.12434603797999,1360.821219518,260.0,246,13.33
1801994983,Akbar,Muhammad,AL,Family Practice,2022,82.00905585829999,1093.019218055,221.0,200,13.33
1164600235,Nadipalli,Koteshwara,TX,Family Practice,2023,71.1290080062,948.3884393987998,278.0,275,13.33
1477817914,Nwude,Ugochukwu,AR,Family Practice,2022,83.28678170831667,1110.3646259513334,783.0,733,13.33
1558328161,Bastnagel,William,TN,Internal Medicine,2023,68.904305596025,918.5,612.0,589,13.33
1992738397,Dowler,Kenneth,VA,Family Practice,2023,80.53566676361667,1073.2545931833333,352.0,335,13.33
1497912273,Pechenko,Irina,MI,Family Practice,2022,96.62917045850001,1288.0537923783334,649.0,558,13.33
1881618205,Bender,Jeffrey,MI,Family Practice,2022,129.60810828225,1726.5769833250001,381.0,369,13.32
1538111810,Rauhut,Medda,TX,Internal Medicine,2023,112.33586279299999,1496.1828546000002,267.0,262,13.32
1427472182,Tiwari,Tajdhary,NY,Internal Medicine,2022,56.00340286268332,745.74029466,507.0,492,13.32
1215133087,Piverger,Yves-Mario,WI,Family Practice,2023,89.85372388623334,1197.2622211666667,173.0,166,13.32
1881089993,Bullon,Tony,GA,Family Practice,2023,81.44495521231666,1085.1744504551668,743.0,704,13.32
1295752822,Gregory,James,PA,Family Practice,2023,62.252011598500005,828.94,120.0,110,13.32
1558822379,Allen,Tausha,ID,Internal Medicine,2023,85.945895605,1144.1460000000002,1326.0,722,13.31
1659721736,Mitchell,Kristin,MS,Family Practice,2022,70.33076573036668,936.3430400495,855.0,781,13.31
1326572280,Akkari,Riad,OH,Internal Medicine,2022,87.3275,1162.48,110.0,71,13.31
1326509324,Mclaine,Eric,SC,Family Practice,2023,88.22966768479999,1173.9279999999999,176.0,171,13.31
1912179946,Litinski,Mikhail,NY,Internal Medicine,2023,101.5253878044,1350.213541368,240.0,160,13.3
1891716460,Abebefe,David,TX,Internal Medicine,2022,105.33685683716665,1401.0485372,1496.0,1411,13.3
1518997329,Maples,Donald,MO,Family Practice,2022,98.0822351164,1304.5517579060001,544.0,508,13.3
1326068370,Ho,An,TX,Internal Medicine,2022,99.06448931318,1317.9533539899999,804.0,764,13.3
1023120615,Deendyal,Yoganand,NJ,Internal Medicine,2023,115.00132315350001,1529.666666675,558.0,542,13.3
1770826612,Mcquillen,Ryan,IL,Internal Medicine,2022,91.33505584699999,1214.854446195,262.0,196,13.3
1780688317,Tordzro,William,WI,Family Practice,2023,94.10875790799999,1251.9157509,201.0,186,13.3
1548496185,May,Caleb,TN,Family Practice,2023,84.6715177473,1125.9518293276,426.0,401,13.3
1699726430,Kleczka,James,WI,Cardiology,2023,57.84948936476842,769.4082859878948,2777.0,2317,13.3
1376568782,Karlsson,Jonas,VA,Internal Medicine,2023,76.18111159475,1012.3166666674999,258.0,252,13.29
1477572022,Mehta,Sanjay,IL,Cardiology,2022,169.77618936595653,2255.9440773049564,1776.0,1624,13.29
1902809536,Khanolkar,Kiran,IL,Family Practice,2022,84.59936836425,1123.9657478375,308.0,292,13.29
1790769966,Lester,Steven,AZ,Cardiology,2022,43.13195258785,573.0409089068181,2099.0,2013,13.29
1548249238,Evans,Jeffry,MO,Family Practice,2022,33.035407645456665,438.63237636376664,9757.0,4221,13.28
1427391465,Pita,Rafael,FL,Family Practice,2022,100.44172457978571,1334.0,1227.0,1038,13.28
1508180183,Zamber,Jon,TN,Family Practice,2023,105.8969822235,1405.787184875,440.0,400,13.28
1215210083,Padilla,Rachelle,CA,Internal Medicine,2022,36.00597132025,478.0,126.0,102,13.28
1760793244,Wilson,Aaron,CO,Family Practice,2022,71.068199589125,943.5778107154999,476.0,457,13.28
1750796009,Jangangari,Swetha Reddy,TX,Internal Medicine,2022,6.232476465366666,82.77666666666666,144.0,100,13.28
1700182581,Oliver,Warren,FL,Internal Medicine,2022,142.26838562,1888.7051353999998,292.0,283,13.28
1699769141,Nathan,Julia,TX,Internal Medicine,2022,109.0324328964,1447.5,538.0,493,13.28
1205031390,Bowman,Benjamin,TN,Internal Medicine,2022,89.44880205246,1187.0,1324.0,1232,13.27
1861659625,Din,Nizam,MA,Internal Medicine,2023,113.48470532,1505.8944574500001,213.0,209,13.27
1912380536,Bidwell,Katrina,SC,Cardiology,2022,60.062200000000004,797.1,289.0,245,13.27
1740208867,Romaguera,Michael,LA,Family Practice,2022,98.67205570246,1309.7872525799999,490.0,446,13.27
1114977311,Dong,Sheng-Jing,WI,Cardiology,2023,63.84374594278974,846.5797002458974,5325.0,4351,13.26
1750578779,Gujja,Usha,TX,Internal Medicine,2023,122.71198157,1626.69,217.0,206,13.26
1164861159,Wical,Todd,KY,Family Practice,2023,94.37208460025,1251.071260275,163.0,159,13.26
1134530454,Hillerson,Dustin,MN,Cardiology,2023,47.460441958889476,629.4787368421053,1349.0,1299,13.26
1134325426,Adelman,Christopher,TN,Internal Medicine,2022,100.00803947489999,1326.25,902.0,866,13.26
1386696987,Huth,Glenn,WI,Internal Medicine,2022,50.99701595017143,676.2143691857572,2934.0,193,13.26
1629263454,Brooks,Burton,KY,Family Practice,2023,87.64728201568,1162.63387162,837.0,786,13.26
1790056984,Deano,Roderick,WI,Cardiology,2023,36.19695064501364,479.84264069272723,1565.0,1504,13.26
1134145675,Duchamp,Lisa,TX,Internal Medicine,2022,76.344558082,1011.25,107.0,105,13.25
1639167976,West,Harold,FL,Family Practice,2023,89.18208796942,1181.6136423804,401.0,393,13.25
1730661828,Gehling,Christopher,AL,Family Practice,2023,95.28458650350001,1262.5131097155,485.0,479,13.25
1306885520,Martinez,Antonio,TN,Family Practice,2022,93.05804168558,1233.4186814608001,1238.0,1081,13.25
1386686343,Gupta,Ruchi,TN,Internal Medicine,2023,93.30016290734,1234.9703994008,339.0,321,13.24
1417018045,Rollins,Daniel,NV,Family Practice,2023,73.918427879575,979.0,194.0,185,13.24
1770513723,Dev,Vishva,CA,Cardiology,2023,409.6540621436667,5423.749256562857,10433.0,6582,13.24
1528291218,Jean-Jacques,Jims,ME,Cardiology,2022,44.125252345255,584.11168694715,2615.0,2170,13.24
1366457129,Oneka,Michael,MI,Family Practice,2023,9.52,126.0,105.0,62,13.24
1467480558,Zuehlke,David,MO,Cardiology,2023,33.61010289258636,445.1285279057727,1886.0,1440,13.24
1225069461,Odoo Wani,Fredrick,NE,Family Practice,2023,76.4436472845,1012.4456279,374.0,371,13.24
1295116564,Chaltry,Justin,KY,Family Practice,2023,93.89429141275,1243.0104156,147.0,141,13.24
1174047245,Katragadda,Kartik,KY,Family Practice,2022,95.370033591,1262.4148320333334,141.0,138,13.24
1629432471,Jang,Woo Jong,OH,Internal Medicine,2023,141.54692308,1873.7,429.0,419,13.24
1336580273,Patel,Preeti,IL,Internal Medicine,2022,65.50280066461579,867.0613179602105,1386.0,1072,13.24
1982672507,Faour,Muhamed,TN,Internal Medicine,2023,85.81585631028,1136.074383668,323.0,315,13.24
1073668679,Garcia,Steven,NJ,Family Practice,2022,45.42306190025,600.75,177.0,117,13.23
1033131289,Smith,Michael,FL,Family Practice,2022,77.28640104375,1022.57830762,236.0,233,13.23
1497073878,Worsham,Warren,TX,Family Practice,2023,84.53901745304,1118.160930086,367.0,348,13.23
1841393840,Adamcryk,Timothy,FL,Family Practice,2022,79.49999476625,1051.446049665,422.0,408,13.23
1740573260,Duenes,Aristeo,TX,Family Practice,2022,74.50653005077501,985.75,358.0,351,13.23
1609801109,Qasim,Atif,CA,Cardiology,2023,58.40013263833529,772.9143054188235,1559.0,1471,13.23
1851393961,Patel,Rameshbhai,KY,Internal Medicine,2023,85.0979494236,1125.740359468,315.0,297,13.23
1811951676,Constante,Benjamin,TX,Family Practice,2023,100.03271296925,1323.757244419,292.0,271,13.23
1003083759,Browning,Brian,FL,Family Practice,2022,106.97710239666667,1415.6666666666667,407.0,389,13.23
1578671525,O'brien,Terrence,SC,Cardiology,2023,62.657244530545455,828.0909090909091,1762.0,1493,13.22
1679991202,Williams,Joshua,AL,Family Practice,2022,104.7167184895375,1383.9464438712498,783.0,743,13.22
1639790983,Kareem,Olufadejimi,AR,Family Practice,2023,83.7753544286,1107.3401817600002,305.0,301,13.22
1184035818,Baser,Hatice,WI,Cardiology,2023,33.9128821357,448.3768537485714,1531.0,1335,13.22
1306030481,Chokesuwattanaskul,Warangkana,WI,Internal Medicine,2022,105.5953256014625,1394.76396761275,466.0,426,13.21
1982135000,Robins,Larry,AR,Family Practice,2023,105.938296331,1399.1907154025,489.0,477,13.21
1205850310,Reddy,Nischal,FL,Internal Medicine,2022,112.05071952100002,1480.6666666666667,281.0,268,13.21
1982720348,Henderson,Colin,CO,Family Practice,2023,137.10590465266668,1811.1459566,249.0,228,13.21
1154333771,Montoya,Alberto,KS,Family Practice,2023,65.707038868925,867.9296887202499,318.0,305,13.21
1205882834,Childress,David,TN,Family Practice,2023,88.99531092466667,1175.3358788333333,180.0,172,13.21
1093785974,Hook,Matthew,NC,Cardiology,2022,78.9630903156186,1043.3350375013954,2656.0,2289,13.21
1396940979,Sulemanjee,Nasir,WI,Cardiology,2023,79.50070469554545,1049.1849529781819,681.0,426,13.2
1679516918,Mangat,Jagjit,WA,Family Practice,2022,102.72944158611666,1355.6153344921665,1055.0,992,13.2
1467433342,Johnson,Thomas,NH,Cardiology,2023,41.02263779419,541.535527471,212.0,200,13.2
1831144666,Pepper,Jeremy,AL,Internal Medicine,2023,87.07976334243334,1149.5401823875,825.0,779,13.2
1316026016,Irfan,Mohammad,KY,Internal Medicine,2022,76.3273597148,1007.416666666,203.0,123,13.2
1598757312,Mcintosh,Marguerite,AK,Family Practice,2022,8.0160535645,105.75,219.0,128,13.19
1487017653,Julian,Ryan,ID,Family Practice,2023,86.7377858868,1144.1460000000002,625.0,363,13.19
1730156993,Bolla,Ravisankar,OH,Cardiology,2023,47.09004904999474,621.3157894736842,2035.0,1723,13.19
1902215759,Dwivedi,Sankalp,MI,Internal Medicine,2023,96.503182452875,1272.49885025775,300.0,288,13.19
1235627027,Singh,Reema,ID,Internal Medicine,2023,83.61315910142856,1102.8257142857144,460.0,256,13.19
1356721955,Chamberlain,Sean,TX,Family Practice,2023,86.40465537566666,1139.7297682666667,138.0,129,13.19
1104890995,Allman,Jeffrey,AL,Family Practice,2023,88.20178023614001,1162.8323774316,272.0,265,13.18
1881080273,Goldgar,Sarah,CA,Internal Medicine,2023,56.47882861539999,744.323809524,607.0,399,13.18
1689835225,Martin,Kristin,AR,Family Practice,2022,52.004516793840004,685.5773584860001,215.0,201,13.18
1427409317,Bykowski,Adam,WI,Cardiology,2023,62.96211343653845,829.6153846153846,283.0,274,13.18
1548216419,Bruno-De La Mata,Kimberly,FL,Internal Medicine,2022,106.04665025566668,1397.7077541709998,1298.0,1264,13.18
1467632372,Stone,Mary,AL,Internal Medicine,2023,98.64770090805,1300.25,204.0,191,13.18
1043269194,Enayati,Ali,CA,Internal Medicine,2023,53.10587214823714,700.0445903170096,25133.0,18059,13.18
1043401821,Pradhan,Mihir,AL,Family Practice,2022,72.66808524875,958.0720521275,421.0,399,13.18
1114055845,Campfield,Brett,TN,Family Practice,2022,90.16571762384,1187.0932629925999,581.0,560,13.17
1952443848,Trisal,Vijay,PA,Internal Medicine,2023,86.8536775998,1144.1460000000002,309.0,192,13.17
1790043131,Perry,Edward,CA,Family Practice,2022,106.30059178802,1400.268199418,353.0,331,13.17
1427346444,Abualsuod,Amjad,IL,Cardiology,2022,85.54303016557297,1126.2879350126218,3422.0,2569,13.17
1619917796,Spurlin,Barton,KY,Family Practice,2023,69.025694217125,908.9987352075,402.0,397,13.17
1417976028,Moore,Danny,MS,Internal Medicine,2023,90.65333333333332,1194.3333333333333,160.0,90,13.17
1952663122,Aquino,Eugene,CA,Family Practice,2023,82.11747188574,1081.06,478.0,404,13.16
1154582799,Louvring,Soren,AR,Family Practice,2023,84.12366387446667,1107.1666666666667,598.0,514,13.16
1770536583,Amjad,Mohammad,WV,Internal Medicine,2022,107.07738830451999,1409.0,339.0,326,13.16
1710945514,Ravelo,Cesar,AL,Internal Medicine,2023,90.52255279030001,1191.2043333400002,706.0,652,13.16
1952443848,Trisal,Vijay,PA,Internal Medicine,2022,86.62193599183333,1139.662374405,376.0,192,13.16
1427430644,Phelps,Nathaniel,KY,Family Practice,2023,70.2791918715,925.1135878,275.0,265,13.16
1013957844,Abernethy,Don,GA,Family Practice,2023,90.1816315402,1187.0,607.0,560,13.16
1720422165,Demers,Maxime,LA,Family Practice,2023,102.12631404288,1342.563679692,837.0,786,13.15
1316987860,Devlin,Charlie,SC,Cardiology,2023,53.32721186279583,701.2873842591666,4065.0,2765,13.15
1386624112,Syed,Qarab,OH,Cardiology,2023,47.74895868308276,627.8112073093104,3356.0,3140,13.15
1609851849,English,Darrell,TX,Family Practice,2023,59.02930260262857,776.4134940828571,4774.0,825,13.15
1558328161,Bastnagel,William,TN,Internal Medicine,2022,69.840984337225,918.5,560.0,544,13.15
1801390299,Kinsley,Stephanie,AL,Family Practice,2023,92.71615713051999,1219.6,386.0,370,13.15
1932197076,Ajit,Malvinder,FL,Internal Medicine,2023,72.550664850225,954.0329749800001,259.0,248,13.15
1710243670,Rosero,Mauricio,FL,Family Practice,2022,100.87958625433333,1326.6666666666667,243.0,237,13.15
1649252057,Mchenry,Jackie,MS,Family Practice,2023,90.80449757766667,1193.3333333333333,280.0,168,13.14
1972719292,Rosado,Jose,FL,Family Practice,2023,94.95697167431999,1247.4,1150.0,1079,13.14
1003815390,Burnette,George,KY,Family Practice,2022,107.23011532782,1409.0,767.0,614,13.14
1265481923,Erney,Trent,CA,Family Practice,2022,57.33254153225,753.3470238,153.0,91,13.14
1336580273,Patel,Preeti,IL,Internal Medicine,2023,61.07524277061765,802.3714285711765,1331.0,1029,13.14
1053748236,Borker,Sonia,NJ,Family Practice,2022,73.11375,960.8347701150001,198.0,70,13.14
1326572280,Akkari,Riad,OH,Internal Medicine,2023,72.7940538948,956.798,356.0,219,13.14
1174756241,Hill,Tiffany,CA,Family Practice,2023,23.217433447500003,305.07142857142856,513.0,399,13.14
1942373980,Woodard,Charles,LA,Cardiology,2023,34.32447128875,451.125,295.0,196,13.14
1710988357,Patterson,David,TX,Family Practice,2022,95.59100291933333,1254.6722951666668,151.0,140,13.13
1730196072,Rogers,William,MS,Internal Medicine,2022,76.75245581074999,1008.0,837.0,451,13.13
1841517844,Keener,Janel,FL,Family Practice,2022,107.83013245233333,1415.6666666666667,134.0,133,13.13
1982647665,Pressley,Mark,TN,Family Practice,2023,75.96803776786666,997.5850523183334,627.0,570,13.13
1770716938,Slack,Leigh-Anne,NC,Family Practice,2023,86.37693968260001,1133.9594603199998,220.0,218,13.13
1629071451,Shin,Yoon,CA,Internal Medicine,2023,24.882726894636367,326.5319704204545,1287.0,870,13.12
1386757979,Bhargava,Mandeep,OH,Cardiology,2023,109.78468317638097,1440.1848331509525,1302.0,947,13.12
1346326246,Desta,Taddese,CA,Internal Medicine,2022,111.21291212444444,1459.148888888889,496.0,464,13.12
1477874154,Abed,Aziz,IL,Family Practice,2023,104.7822719,1374.3333333333333,264.0,259,13.12
1467984161,Krumsick,Zachary,TN,Internal Medicine,2023,97.80347402225,1283.606378175,295.0,277,13.12
1144473661,Lott,Noah,AL,Family Practice,2023,95.7159211673,1254.680709275,428.0,403,13.11
1811931603,Enenmoh,Anthony,CA,Internal Medicine,2023,142.17827715,1863.7146067,267.0,259,13.11
1487698809,Jain,Sudhir,MO,Cardiology,2022,112.83358134663332,1479.3877416853334,6641.0,4085,13.11
1174054415,Smith,Jantsen,NM,Internal Medicine,2022,83.67160453230001,1096.7242798333334,184.0,167,13.11
1275800708,Ahmad,Shawn,NH,Cardiology,2022,64.23566383112382,842.2929232923809,2538.0,2188,13.11
1487092888,Grant,Rochelle,PA,Family Practice,2022,90.52674882082,1187.0,413.0,410,13.11
1518969468,Burch,William,TN,Family Practice,2022,90.5442524398,1187.0,387.0,369,13.11
1235659087,Reynolds,Daniel,NC,Family Practice,2022,64.65077349254,847.8258366826001,168.0,156,13.11
1780624809,De Boer,Michael,TN,Family Practice,2023,95.937712309425,1256.308553425,873.0,813,13.1
1861463879,Neal,Paul,MI,Family Practice,2023,79.11537193106666,1036.4576608083332,309.0,285,13.1
1659393601,Rotich,Mark,IL,Internal Medicine,2023,83.60427818373334,1095.2571122544998,580.0,554,13.1
1194809590,Woods,Roger,TN,Family Practice,2023,90.619717214,1187.0244079000001,296.0,273,13.1
1033311188,Keshav,Joti,FL,Family Practice,2023,124.1305593045,1624.97058825,129.0,120,13.09
1053381335,Hillis,Thomas,AR,Family Practice,2023,125.07700293133333,1637.1939550999998,458.0,444,13.09
1093377764,Wang,Tom Kai Ming,OH,Internal Medicine,2023,56.608365389250004,740.7220228140001,1396.0,1331,13.09
1235659335,Briggs,Kemberly,IL,Family Practice,2022,87.0230505265,1139.3320660125,153.0,145,13.09
1609864750,Furry,Craig,IL,Family Practice,2022,107.65588052116,1409.0,516.0,481,13.09
1659721736,Mitchell,Kristin,MS,Family Practice,2023,71.56925849958334,936.5086193606667,900.0,815,13.09
1578641155,Broihier,Thomas,WI,Cardiology,2023,38.65469551054706,505.6965944294118,1162.0,1092,13.08
1962450908,Grosser,Mayer,NY,Internal Medicine,2022,103.79846548493333,1357.5,412.0,398,13.08
1588611545,Shulman,Robert,MA,Cardiology,2023,27.424832156866668,358.83,300.0,289,13.08
1326124124,Schwechten,Kevin,MS,Family Practice,2022,97.32538529833334,1273.41277096,212.0,203,13.08
1477528065,Ammar,Khawaja,WI,Cardiology,2023,68.47454035596552,895.4938105803449,1201.0,978,13.08
1811315369,Sandoval,Eduardo,TX,Family Practice,2023,111.342596007,1455.9078341,125.0,123,13.08
1295712784,Rachedi,Martha,OH,Internal Medicine,2022,98.44910194235999,1288.137301592,374.0,335,13.08
1952627184,Mendoza,Manuel,CA,Family Practice,2023,48.07102900933334,629.0,166.0,131,13.08
1366497182,Kadian,Sudhir,CT,Internal Medicine,2022,81.91410432707143,1071.0900784585715,520.0,396,13.08
1528026515,Guard,Gregory,IL,Internal Medicine,2023,90.9548744054,1190.0,158.0,151,13.08
1548898059,Lodhra,Rabeea,WI,Family Practice,2023,92.40731111,1208.2649999999999,132.0,131,13.08
1407237233,Hoopes,Adam,WY,Family Practice,2023,98.86723415433333,1292.1611724050001,1122.0,650,13.07
1902834690,Archer,Brian,MS,Internal Medicine,2023,76.96130933028,1006.00655738,1314.0,1284,13.07
1124033642,Atherton,Lawrence,IL,Cardiology,2023,30.732371396810525,401.712451861579,3257.0,2268,13.07
1942615562,Kasundra,Shyam,MN,Family Practice,2023,88.9998631578,1163.0,141.0,101,13.07
1679540207,Ballantyne,Ford,WI,Cardiology,2023,38.412168092827784,502.0444444444444,3935.0,3322,13.07
1689086928,Moulton,Jason,TX,Family Practice,2022,124.92746761800001,1632.7954656749998,576.0,533,13.07
1306045331,Dechenne,Kari,KY,Family Practice,2023,88.97988270233334,1161.6666666666667,173.0,161,13.06
1679576789,Loman,Chris,IN,Family Practice,2023,93.19145771933334,1217.0,195.0,186,13.06
1255369286,Stock,Vance,AR,Family Practice,2023,124.61665433600001,1627.0478917333332,371.0,369,13.06
1033370077,Armbruster,Adam,MN,Family Practice,2023,73.0472452338,953.2,282.0,193,13.05
1518927193,Andreu,Erick,FL,Family Practice,2023,123.019048006,1605.19417475,121.0,117,13.05
1245309806,Harrison,Steven,CA,Family Practice,2022,23.93091574975714,312.3942857142857,178.0,139,13.05
1497860746,Timm,Don,TX,Internal Medicine,2022,100.382852989,1309.622450116,323.0,303,13.05
1700807609,So,Dora,CA,Internal Medicine,2023,45.3172767026,591.6,191.0,157,13.05
1376573162,Royse,John,TX,Family Practice,2022,77.1070413719,1006.46007137325,673.0,629,13.05
1306895081,Khan,Akhter,KY,Internal Medicine,2023,70.89754573900001,925.139813405,349.0,320,13.05
1710905989,Daniels,Ruth,TN,Internal Medicine,2023,69.73422877835,909.628177975,496.0,464,13.04
1801855960,Mccaulley,Mark,CO,Internal Medicine,2022,105.8176811654125,1379.685344825,468.0,467,13.04
1962402461,Durocher,Steven,GA,Family Practice,2023,71.72589092197501,935.0781802,551.0,515,13.04
1508857426,Jundi,Samer,FL,Internal Medicine,2023,97.80287994166666,1275.5333333333333,670.0,449,13.04
1770716938,Slack,Leigh-Anne,NC,Family Practice,2022,96.19475932914,1254.8093656639999,364.0,341,13.04
1710980404,Tarkin,Howard,NY,Cardiology,2022,108.73663102202856,1417.4285714285713,2263.0,1776,13.04
1407930332,Gardiner,Stacey,WI,Cardiology,2022,47.281920771466666,616.4522696905556,1961.0,1721,13.04
1184626053,Logemann,Timothy,WI,Internal Medicine,2022,47.16436305412631,615.1252207737368,1951.0,1355,13.04
1285658377,Quan,Martin,CA,Family Practice,2023,43.99184023066667,573.3333333333334,166.0,113,13.03
1053536078,Marwali,Muhammad,WI,Cardiology,2023,58.52802818758096,762.6810052914285,838.0,702,13.03
1811276587,Sharma,Abhishek,WI,Cardiology,2022,111.37992138833333,1450.8333333333333,192.0,127,13.03
1013470574,Montgomery,Lawson,KS,Family Practice,2022,70.89601695,924.0,112.0,107,13.03
1093798134,Anderson,Blake,MO,Family Practice,2023,87.68490002814,1142.5755810957999,471.0,433,13.03
1770546178,Price,Gerald,UT,Internal Medicine,2023,92.831410173,1208.2457142857145,1056.0,584,13.02
1508137050,Elias,Jude,PA,Internal Medicine,2023,100.2139170054,1304.376,694.0,465,13.02
1477655918,Reno,Dale,OH,Family Practice,2022,5.757872066833333,74.94005143166667,142.0,137,13.02
1962680793,Greenwood,Ryan,UT,Internal Medicine,2023,89.39507266933333,1163.5333333333335,268.0,138,13.02
1013369123,Dhanoa,Komal,NV,Family Practice,2022,52.244442543925,680.126506024,492.0,287,13.02
1962480368,Thota,Suresh,TN,Internal Medicine,2022,92.46694772316,1204.0604076455998,1275.0,1167,13.02
1114979572,Gonzalez,Jose,TX,Family Practice,2023,68.9657929615,897.75,195.0,182,13.02
1538160536,Madasu,Ravi,TN,Internal Medicine,2022,70.45202839765,917.1128583049999,550.0,534,13.02
1154315661,Angel,Mark,OH,Cardiology,2023,51.54557973054706,670.8991239047059,1639.0,1436,13.02
1659697555,Nielson,Nathan,AR,Family Practice,2023,94.4198327489,1229.181818175,187.0,182,13.02
1982265344,Eubanks,Travis,MS,Family Practice,2023,70.352052808,915.1482576574999,369.0,365,13.01
1982672507,Faour,Muhamed,TN,Internal Medicine,2022,93.25912211632001,1213.1625551172,644.0,616,13.01
1619007697,Bangalore Puttaiah,Mohan,NM,Family Practice,2022,107.72896946318001,1401.638030756,452.0,416,13.01
1396944104,Agarwal,Anushree,WI,Cardiology,2022,42.108601521725,548.0307308975,151.0,137,13.01
1053396242,Noreuil,Todd,WI,Cardiology,2022,54.416801884204354,707.7882447652174,1984.0,1732,13.01
1194761437,Costa,Salvatore,NH,Cardiology,2023,54.47074442474616,708.4060885865384,3992.0,3489,13.01
1962436329,Parks,Christopher,GA,Internal Medicine,2023,58.01757038931,754.801774689,333.0,296,13.01
1851752307,Murphy,Timothy,TX,Internal Medicine,2023,77.30275047106,1006.0,1162.0,1135,13.01
1922596410,Faour,Ahmad,TN,Family Practice,2023,71.01468223025,923.3207475424999,199.0,192,13.0
1861666281,Lai,Andrew,CA,Internal Medicine,2022,96.66186931842857,1256.857142857143,557.0,280,13.0
1780003061,Wightman,Daniel,UT,Internal Medicine,2023,98.48005973685714,1280.0311053171429,3041.0,1210,13.0
1235542739,Jones,Jermey,AR,Family Practice,2023,87.8242879818,1141.9559907748,638.0,587,13.0
1093150708,Ghani,Mohammad,FL,Family Practice,2022,128.3359099875,1668.68646045,247.0,240,13.0
1831577626,Van Niekerk,Christoffel,FL,Cardiology,2023,87.62975281623,1139.15,1480.0,1361,13.0
1689037376,Yau,Stephen,CA,Cardiology,2022,46.39736811792307,603.2307692307693,884.0,825,13.0
1437350600,Saul,Jeremy,AR,Family Practice,2023,85.7387739,1113.3274254,236.0,228,12.99
1427210533,Polzin,David,MN,Family Practice,2022,59.363085660375,771.2046814812501,209.0,144,12.99
1437199205,Stasney,Kevin,TN,Family Practice,2022,70.405627089725,914.2446272024999,386.0,380,12.99
1831426477,Burns,Chantel,LA,Family Practice,2022,99.50320006433333,1292.9026951366666,398.0,380,12.99
1508353640,Ellis,Catherine,NY,Family Practice,2023,78.51461778228334,1020.0,834.0,332,12.99
1467982181,Mazzone,Steven,WI,Cardiology,2023,40.643030037075,527.86334908625,387.0,326,12.99
1619234937,Harland,Daniel,WI,Cardiology,2023,103.3767234245375,1343.36808608055,17485.0,2211,12.99
1174969927,Sacher,Vikas,PA,Internal Medicine,2022,86.3072811738,1121.5504902119999,1840.0,1120,12.99
1922094085,Wade,Larry,AL,Internal Medicine,2022,93.42004019763999,1212.98754432,908.0,861,12.98
1255309878,Falbo,Francis,VA,Family Practice,2023,95.56741900417501,1240.5,133.0,125,12.98
1053420760,Ghazal,Joul,FL,Internal Medicine,2022,110.3020905322857,1431.5714285714287,1161.0,688,12.98
1275628935,Schmidt,Matthew,WI,Cardiology,2023,53.83168611367858,698.9285714285714,907.0,820,12.98
1265642508,Erickson,Mathew,LA,Family Practice,2022,68.288304883025,886.4060221725,336.0,316,12.98
1760788061,Rizvi,Anwar,NJ,Internal Medicine,2022,87.8691524058,1139.6579109099998,244.0,129,12.97
1457371585,Wong,Mitchell,CA,Internal Medicine,2022,44.189709047,573.3333333333334,145.0,119,12.97
1215142310,Frankel,Douglas,IL,Internal Medicine,2023,67.14923050939998,870.6442493000001,455.0,413,12.97
1831536333,Petty,George,MS,Family Practice,2023,96.8613895055,1256.25,455.0,425,12.97
1528026515,Guard,Gregory,IL,Internal Medicine,2022,91.77126875670001,1190.0,293.0,286,12.97
1366678211,Howard,Thomas,MI,Family Practice,2022,74.3300038308,963.0788961075,145.0,131,12.96
1437364676,Gandhi,Mihirkumar,WI,Internal Medicine,2023,109.817314216,1423.3333333333333,166.0,98,12.96
1386686343,Gupta,Ruchi,TN,Internal Medicine,2022,93.26318224362001,1208.416245163,479.0,461,12.96
1336117431,Le,My-Anh,ME,Internal Medicine,2023,125.34666667,1625.0,159.0,149,12.96
1932197076,Ajit,Malvinder,FL,Internal Medicine,2022,74.28455890504999,963.0662914333334,166.0,154,12.96
1912341579,Sonier,Michael,TX,Family Practice,2023,106.2456148062,1375.69838946,197.0,184,12.95
1225039118,Johnson,Douglas,KS,Family Practice,2023,83.4534042924,1080.3664045,479.0,435,12.95
1134785827,Byrd,Aricia,TX,Family Practice,2023,97.74634505949999,1266.25,178.0,170,12.95
1508811217,Balch,Michael,TX,Internal Medicine,2022,99.64488631933334,1290.3765455233333,174.0,159,12.95
1639585722,Berryman,Eric,FL,Family Practice,2023,106.58382779017691,1380.4615384615386,725.0,455,12.95
1831414358,Mize,Evans,AL,Internal Medicine,2022,90.33272584524,1170.1045616406,677.0,605,12.95
1003854738,Beaird,Brent,CA,Family Practice,2023,88.23107898343333,1142.2373930536667,360.0,337,12.95
1083942338,Shives,Jason,MS,Family Practice,2023,95.688442516275,1239.06579828775,883.0,839,12.95
1730507955,Gonzales,James,NM,Family Practice,2023,13.311390909,172.2,133.0,110,12.94
1194285478,Rasheed,Anum,TX,Family Practice,2023,89.07775956333334,1152.6666666666667,153.0,149,12.94
1265937486,Nelson,Darien,AZ,Internal Medicine,2023,84.85768738955557,1098.2633333333333,709.0,487,12.94
1174579908,Sasinouski,John,TN,Family Practice,2022,98.59905683806001,1275.857191457,414.0,393,12.94
1851385371,Morsch,James,TX,Family Practice,2023,67.98681035275,880.05399585,223.0,218,12.94
1669817656,Patel,Raj,NV,Family Practice,2023,62.8031961982,812.5004986060001,738.0,710,12.94
1114926797,Phillips,J,SC,Cardiology,2023,75.225465284522,973.52,7349.0,4940,12.94
1598780942,Burns,Michelle,IL,Family Practice,2023,81.3730341435,1052.0,296.0,290,12.93
1366784670,Omer,Mohamed,FL,Cardiology,2023,73.94128483851364,956.2603891481817,1757.0,1556,12.93
1134414196,Nakhla,Shadi,VA,Internal Medicine,2023,82.39504904937999,1065.2,291.0,254,12.93
1548308117,Hirudayaraj,Purnima,TX,Cardiology,2023,16.7011589405,215.9,205.0,203,12.93
1912249814,Porter,Joshua,TN,Family Practice,2022,71.579995293375,925.6771336649999,420.0,395,12.93
1184111908,Sabri Hamid,Yusef,NJ,Family Practice,2023,86.92272024484001,1124.075080994,611.0,557,12.93
1417128208,Beloud,Brett,AZ,Internal Medicine,2022,69.24901041585,894.75,286.0,261,12.92
1235124207,Florendo,Randy,TN,Internal Medicine,2023,74.39494455840001,961.2605682540001,163.0,156,12.92
1861572232,Tanglao,Emmanuel,FL,Internal Medicine,2023,69.24519002895,894.9652159045,184.0,171,12.92
1124112727,Nelson,Michael,TN,Family Practice,2023,88.20249601854,1139.7407951199998,733.0,671,12.92
1912560327,Acharya,Pratibha,OH,Internal Medicine,2023,88.5778280862,1144.1460000000002,708.0,423,12.92
1134414196,Nakhla,Shadi,VA,Internal Medicine,2022,85.35979389837999,1103.2,228.0,218,12.92
1710484530,Martin,Kevin,CA,Internal Medicine,2022,75.0564774342,969.874,399.0,204,12.92
1457669228,Gupta,Saurabh,CA,Internal Medicine,2022,119.18184742630768,1539.6923076923076,374.0,329,12.92
1457330052,Johnson,Lent,MO,Family Practice,2022,11.776666666666667,152.0,332.0,317,12.91
1548487929,Hadzic,Daniel,TX,Family Practice,2023,68.61035275227499,885.5,262.0,238,12.91
1649259300,Bartlett,Roderick,MO,Internal Medicine,2022,12.3580443547875,159.5,274.0,271,12.91
1396233250,Stanford,Paul,ID,Internal Medicine,2023,86.28539453375001,1113.81,1107.0,632,12.91
1407885031,Rings,Sudhakar,OH,Family Practice,2023,74.6415043951,963.628193564,409.0,395,12.91
1356348213,Jarboe,Charles,KY,Family Practice,2023,86.6633606052,1118.25424242,370.0,336,12.9
1891986287,Zarrinkelk,Trevin,AZ,Internal Medicine,2022,117.289867442,1513.5,159.0,158,12.9
1093764482,Mccarter,Warren,VA,Family Practice,2023,91.72024997276,1183.18841056,478.0,452,12.9
1093800906,Mcleod,Jamaal,FL,Family Practice,2022,77.933225658,1005.5,117.0,114,12.9
1659711950,Nguyen,Mai,IL,Family Practice,2023,106.574453059,1374.3333333333333,259.0,256,12.9
1144226697,Jaeger,Kevin,WI,Cardiology,2022,36.76787371979524,474.2383364155238,935.0,889,12.9
1205179223,Urquhart,Laurie,GA,Family Practice,2023,94.63504777566668,1220.3333333333333,552.0,529,12.9
1548315062,Rogers,John,NC,Family Practice,2022,71.9200400856,927.6226003674999,141.0,126,12.9
1720187933,Patlolla,Vishnu Vardhan,WI,Cardiology,2022,39.07947370831764,503.83940332117646,1109.0,1035,12.89
1982644027,Fruge,Nicholas,LA,Family Practice,2023,111.94523098650001,1443.374754325,686.0,646,12.89
1124226238,Holmes,Matthew,VA,Family Practice,2023,93.77485615033333,1208.5491621066667,487.0,465,12.89
1477596104,Ashraf,Syed,VA,Internal Medicine,2023,93.02993027500001,1198.705,711.0,348,12.89
1821016361,White,Molly,FL,Family Practice,2022,100.73710495354001,1298.5695378320002,302.0,302,12.89
1952369209,Reibschied,Nalan,PA,Family Practice,2022,74.76126039775,963.912113965,183.0,181,12.89
1417148891,Alfaris,Mohamed,KY,Family Practice,2023,68.40697833045,881.8012095822501,288.0,281,12.89
1417908401,Rucker,Mark,AR,Family Practice,2022,109.537193387,1411.9398968,194.0,192,12.89
1255595823,Dakkak,Habib,FL,Internal Medicine,2022,100.37929973016666,1294.1714735333333,1231.0,780,12.89
1245274281,Glisson,James,MS,Internal Medicine,2022,93.07512575770589,1199.97376454,1009.0,853,12.89
1447694351,Flint,Danette,NH,Cardiology,2022,52.21678252127,672.9534266365,4107.0,3275,12.89
1255369286,Stock,Vance,AR,Family Practice,2022,101.56351961599998,1308.323594558,255.0,245,12.88
1073873147,Anderson,William,GA,Family Practice,2023,70.6616887165,910.366346475,400.0,376,12.88
1740260413,Hershey,Jeffrey,OH,Cardiology,2023,34.600668136075,445.6787436615,2665.0,2406,12.88
1881671949,Freeman,William,AZ,Cardiology,2023,52.05942035821154,670.7115384615385,2428.0,2281,12.88
1073579314,Twyman,Carol,LA,Internal Medicine,2023,69.83248478801667,899.1048677235,220.0,212,12.88
1447367982,Kuttickat,George,WI,Cardiology,2022,59.96002114282857,772.5595552807143,7260.0,4380,12.88
1285601856,Dreyer,Kristi,KY,Family Practice,2023,74.95527066695,965.5498007716666,419.0,410,12.88
1710901848,Kostraba,Andrew,OH,Internal Medicine,2023,31.2094213045,401.71904184333334,860.0,737,12.87
1457371627,Girgis,Michael,FL,Family Practice,2023,88.30642451176922,1136.3989769823077,2919.0,1608,12.87
1801944277,Baheri,Mehran,CA,Internal Medicine,2023,103.04219987935,1326.25,828.0,772,12.87
1083670277,Sabourin,Mary,WI,Family Practice,2023,10.15,130.58187126250002,112.0,68,12.87
1114285475,Giddings,Adam,FL,Family Practice,2023,112.36986506,1445.972823985,379.0,370,12.87
1346224532,Fullin,Kevin,WI,Cardiology,2022,35.81017557835862,460.86206896551727,3655.0,2801,12.87
1669594438,Solorzano,Sergio,TX,Family Practice,2023,89.0711954906,1146.07256864,252.0,222,12.87
1952312233,Cater,Grace,OH,Cardiology,2023,27.413500126771428,352.42857142857144,679.0,604,12.86
1508857426,Jundi,Samer,FL,Internal Medicine,2022,106.35280494225,1367.321428575,734.0,492,12.86
1699238147,Turay,Achmed,AR,Family Practice,2023,86.06505087724,1106.3956898996,537.0,479,12.86
1790346302,Ahmed,Munis,OH,Internal Medicine,2023,88.94966500000001,1144.1460000000002,872.0,620,12.86
1265456206,Johnston,William,MS,Family Practice,2022,107.07847298228334,1376.5578231333332,659.0,620,12.86
1235450412,Dew,Dawn,DC,Internal Medicine,2023,145.67128395,1873.7,405.0,385,12.86
1407891468,Tomey,Dave,GA,Family Practice,2023,79.28058444850001,1019.25,531.0,504,12.86
1922391440,Pedigo,Joshua,KY,Family Practice,2023,98.16575868165,1262.26740135,294.0,286,12.86
1205240520,Fohtung,Raymond,AZ,Cardiology,2022,44.47289687444211,572.054419396842,1085.0,1010,12.86
1144370206,Connell,Winston,GA,Family Practice,2023,113.4896546895,1457.7792599,222.0,219,12.85
1518279173,Jolly,David,MS,Internal Medicine,2022,85.9362454716,1104.3,506.0,402,12.85
1780247460,Parisi De Gaetano,Carlos,TX,Family Practice,2022,112.61283558315,1447.5,208.0,201,12.85
1891891636,Heim,Dennis,IL,Family Practice,2023,24.456767744666667,314.3333333333333,555.0,448,12.85
1457763559,Hurley,Katherine,TX,Family Practice,2023,100.174404762,1287.6986069519999,111.0,109,12.85
1801817432,Wolf,Francis,WI,Cardiology,2023,30.996043164675,397.9166666666667,817.0,783,12.84
1720435233,Ali,Shihab,TX,Internal Medicine,2022,147.35145098,1892.3333333333333,175.0,170,12.84
1164109021,Nahar,Shamsun,NY,Internal Medicine,2023,69.095,887.166718405,151.0,72,12.84
1194882613,Rangasamy,Ajantha,NY,Internal Medicine,2023,98.02245976625001,1258.5983805625,278.0,132,12.84
1669823423,Hamidi,Emrys,SC,Family Practice,2023,110.60866794,1419.7305343500002,181.0,172,12.84
1053381335,Hillis,Thomas,AR,Family Practice,2022,110.3411281615,1416.4180009225,537.0,513,12.84
1952833311,Weeks,Daniel,KY,Family Practice,2023,90.50245415766666,1161.3654071433332,277.0,268,12.83
1396763777,Kadam,Ranjit,NY,Internal Medicine,2022,102.8618211878,1320.0,931.0,568,12.83
1679576789,Loman,Chris,IN,Family Practice,2022,94.87973965766666,1217.0,209.0,204,12.83
1629178462,Kiser,Kylend,KY,Family Practice,2023,109.288949577,1402.562058195,484.0,455,12.83
1629041991,Smith,Scott,FL,Family Practice,2022,105.67031235660002,1355.4,468.0,429,12.83
1366401903,Gulliver,Eugene,WI,Cardiology,2022,174.37850997397499,2237.238081699125,422.0,409,12.83
1184612863,Bailey,William,PA,Internal Medicine,2022,95.9278208256,1230.355117946,414.0,252,12.83
1710926860,Douglas,David,KY,Family Practice,2023,70.17850040155,900.64861111,278.0,275,12.83
1851886113,Martinez Barrera,Daniel,TN,Family Practice,2023,89.02120769998,1141.7533692926,1605.0,1435,12.83
1861553406,Jeffery,Maren,PA,Cardiology,2022,26.859105695,344.43752821878263,3356.0,3064,12.82
1053790238,Wu,Weber,PA,Family Practice,2023,5.295096073533333,67.90101598066667,144.0,111,12.82
1356722151,Khan,Imran,IL,Family Practice,2022,120.53647171140001,1545.4,412.0,377,12.82
1538500590,Lee,Justin,AZ,Cardiology,2023,102.12422816616667,1309.53681955,1193.0,882,12.82
1417442880,Anderson,Travis,ND,Family Practice,2023,68.66016800475,879.93804087725,549.0,453,12.82
1912249814,Porter,Joshua,TN,Family Practice,2023,66.52988463425001,852.8488104075,386.0,370,12.82
1295399400,Khan,Muhammad,OH,Internal Medicine,2023,79.8920070914,1023.8120000000001,447.0,367,12.81
1598956971,Bunch,Christopher,KY,Family Practice,2023,69.69264549775,892.94590425,817.0,748,12.81
1780632190,Crawford,Michael,CA,Cardiology,2023,53.64853584227333,687.0246798593332,725.0,696,12.81
1407930332,Gardiner,Stacey,WI,Cardiology,2023,48.598428893475,622.4371406165,1533.0,1379,12.81
1255309837,Kahn,Sandy,NY,Cardiology,2022,106.18816853780625,1359.877403846125,2308.0,1513,12.81
1174687180,Zaky,Joseph,CA,Internal Medicine,2022,32.9921147472,422.75,153.0,81,12.81
1649256322,Chandra,Jeevaratnam,TX,Cardiology,2022,33.106717211319996,424.0493333333333,2812.0,1609,12.81
1902335698,Holler,Benjamin,OK,Family Practice,2023,78.82349135328333,1009.1541987766667,1082.0,984,12.8
1417392622,Yasmeh,Babak,CA,Cardiology,2023,80.1617179548087,1026.0869565217392,1249.0,894,12.8
1922054048,Schabauer,Alexander,SD,Cardiology,2022,32.142709440378574,411.2726747442857,3051.0,2763,12.8
1649443607,Willis,Amber,SC,Family Practice,2023,108.11861886650001,1383.83260425,319.0,297,12.8
1083909857,Wilson,Benjamin,NM,Family Practice,2023,92.12597686019998,1179.477790004,591.0,549,12.8
1669667952,Mba,Farley,TX,Family Practice,2023,87.94525461219999,1125.934552722,644.0,558,12.8
1962945014,Batley,Nicholas,ZZ,Family Practice,2023,87.54521853566666,1120.4649237666665,305.0,298,12.8
1013922533,Colver,Kevin,FL,Internal Medicine,2023,101.8816131958,1304.376,604.0,455,12.8
1144337544,Roshe,Ronald,NY,Internal Medicine,2022,105.32213501615999,1347.603420762,725.0,682,12.8
1689846156,Gilkey,Kara,KY,Family Practice,2023,91.000458735,1163.5288175533333,366.0,316,12.79
1841460144,Patel,Amish,NJ,Cardiology,2023,81.69232290556957,1045.0070649330435,2897.0,1624,12.79
1609287341,Baser,Kazim,WI,Cardiology,2023,37.418755948729164,478.43321290750004,1563.0,1444,12.79
1104205343,Randdolf,Derrick,TX,Family Practice,2023,86.4047322976,1104.723115088,597.0,516,12.79
1366636235,Nwabuko,Onyekachi,IN,Family Practice,2022,111.17663816459999,1421.777728444,154.0,154,12.79
1558598250,Weimar,Ashlee,WA,Family Practice,2022,91.28371494777141,1167.2390773861428,819.0,796,12.79
1336404896,Riaz,Mahrukh,MD,Internal Medicine,2023,106.25719655833335,1359.2266666666667,559.0,526,12.79
1114906468,Castillo,Sergio,FL,Internal Medicine,2022,106.02636497274,1355.4,690.0,626,12.78
1164401832,Dias,David,AR,Internal Medicine,2022,75.90770489826667,969.7579401666667,538.0,513,12.78
1396766176,Jackson,James,TX,Internal Medicine,2023,51.0473288776,652.53692896,124.0,110,12.78
1760465165,Malench,Peter,IL,Family Practice,2022,103.54489606356,1323.0,417.0,367,12.78
1306134986,Roe,Benjamin,TN,Family Practice,2022,111.09869499575,1419.3904960324999,472.0,454,12.78
1962627000,Pocta,Melissa,FL,Family Practice,2022,103.84770681066668,1326.6666666666667,168.0,166,12.78
1083938708,Gutierrez,Luis,FL,Internal Medicine,2022,133.9085926845,1711.75,212.0,207,12.78
1073567988,Tseng,Angela,TX,Internal Medicine,2023,76.53039191036666,978.0,527.0,486,12.78
1427410505,Gilmore,Wyman,TX,Internal Medicine,2023,108.13619255325,1380.8894981400001,375.0,352,12.77
1982644027,Fruge,Nicholas,LA,Family Practice,2022,112.757742702,1439.5,663.0,615,12.77
1932384377,Tatah,Andrew,TX,Family Practice,2023,59.2259055354,756.25,421.0,388,12.77
1629298740,Banks,Richard,CA,Internal Medicine,2023,142.84487179,1823.5682051,195.0,182,12.77
1548301187,Garcia,Gildita,CA,Family Practice,2022,49.1948076610375,628.136078595,431.0,315,12.77
1952612103,Kessler,Herschel,GA,Family Practice,2022,46.96130300636667,599.6282051281667,1133.0,887,12.77
1750701793,Rosenfeld,Nicholas,AK,Family Practice,2023,103.5189994236625,1320.5509381675,541.0,485,12.76
1093825317,Kruithoff,Keith,OH,Cardiology,2023,68.59077863488484,875.4265877444849,4784.0,3787,12.76
1275762320,Wood,Arthur,MS,Family Practice,2022,98.2360127286,1253.181913674,444.0,420,12.76
1851557375,Hall,Duane,NY,Family Practice,2023,85.18319843725,1087.01625387,194.0,153,12.76
1134682941,Patel,Aakash,OH,Internal Medicine,2022,87.35924319475001,1113.81,245.0,148,12.75
1962490508,Sawlani,Purshotam,IL,Cardiology,2022,98.7077487600353,1258.5161005470588,8476.0,4435,12.75
1942675764,Choi,Jacob,FL,Family Practice,2022,148.65780830218097,1894.7892271666667,2046.0,825,12.75
1508136276,Beheshtian,Azadeh,NY,Cardiology,2023,119.53495526008334,1524.2516502725,467.0,320,12.75
1225039290,Richter,Robert,TN,Family Practice,2022,90.02728180538,1147.984067528,453.0,421,12.75
1760798797,Patel,Naresh,NJ,Family Practice,2022,101.867804714,1299.0271284166668,187.0,70,12.75
1336301043,Paun,Mark,GA,Family Practice,2022,110.85975152466665,1413.0,120.0,118,12.75
1821042151,Buckwalter,David,IL,Family Practice,2023,285.70287835889997,3640.1522811299997,478.0,362,12.74
1710947031,Hornung,Joel,KS,Family Practice,2022,93.13812219984001,1187.0,714.0,670,12.74
1013910116,Amory,Robert,OH,Cardiology,2023,57.191602625615,728.5536997885,1461.0,1332,12.74
1629023924,Churbaji,Hicham,MI,Internal Medicine,2023,72.29390142015001,921.282563386,1336.0,1197,12.74
1700239654,Ohlson,David,WA,Internal Medicine,2023,95.21206662757142,1212.5828571428572,531.0,411,12.74
1396189403,Moody,Bryce,TN,Family Practice,2022,92.45625623064,1177.79075898,881.0,854,12.74
1902006257,Lamsen,Leonard,TN,Family Practice,2023,124.85278388433333,1590.5858586000002,345.0,336,12.74
1538194535,Turner,Jordan,AL,Family Practice,2022,94.76045531294001,1207.4972444,683.0,647,12.74
1144482951,Mata,Henry,FL,Internal Medicine,2022,132.87915922,1693.4892515024999,305.0,285,12.74
1295757573,Blanch,Jonathan,UT,Internal Medicine,2023,83.643534306,1065.18,355.0,255,12.73
1376957068,Cutlip,Aaron,MI,Family Practice,2022,110.43258933033333,1406.0299474333333,385.0,356,12.73
1225070907,Moya,Rummel,OH,Internal Medicine,2023,40.273542565999996,512.83472422,600.0,373,12.73
1225291883,Ilodi,George,OH,Internal Medicine,2023,89.8843565704,1144.1460000000002,672.0,424,12.73
1275623191,Woodruff,Nathaniel,CA,Cardiology,2022,57.8721703772,736.78118160675,2974.0,2203,12.73
1295364313,Hoebee,Shelby,AZ,Internal Medicine,2023,80.4157347826,1023.6217279790001,344.0,339,12.73
1811379118,Streeter,Jennifer,IA,Cardiology,2022,88.5391542389,1126.8629386,111.0,111,12.73
1558467043,Jackson,Ralph,GA,Internal Medicine,2023,65.1001950145625,828.375,984.0,521,12.72
1851616031,Agaiby,Sheremaria,OH,Internal Medicine,2023,28.24298149988,359.281188118,476.0,424,12.72
1356334494,Lesage,Francois,TX,Family Practice,2023,92.3498063362,1174.7701491960001,226.0,222,12.72
1740740877,Vaughn,Ariel,CA,Internal Medicine,2023,112.71202772566666,1433.3333333333333,267.0,139,12.72
1275762320,Wood,Arthur,MS,Family Practice,2023,95.1595305763,1210.73355753725,249.0,233,12.72
1902872930,Moncher,Karen,WI,Cardiology,2023,26.206470791157894,333.4056737273684,590.0,546,12.72
1306289608,Boyd,Dusty,AR,Family Practice,2023,74.50470259771667,947.589233915,522.0,466,12.72
1417148891,Alfaris,Mohamed,KY,Family Practice,2022,71.372972485475,907.8530896100001,207.0,203,12.72
1558625814,Clervil,Andersen,PA,Internal Medicine,2023,102.55985257120001,1304.376,682.0,462,12.72
1871892117,Rao,Vijaya,IL,Internal Medicine,2022,105.49571819844444,1341.383934218889,167.0,165,12.72
1396724431,Jafferi,Ghulam,FL,Internal Medicine,2023,114.89769246595,1461.75,509.0,471,12.72
1023025855,Rafi,Mohammed,FL,Internal Medicine,2022,108.13441882233333,1375.6666666666667,284.0,265,12.72
1134357726,Gulyanich,Taras,NY,Internal Medicine,2023,88.43030131114,1124.7658714919999,442.0,404,12.72
1548582547,Zafarani,Moe,WI,Internal Medicine,2023,37.222817520704,473.0,5230.0,3904,12.71
1578903662,Muneer,Salmaan,TX,Family Practice,2023,106.31665343725,1351.40140415,468.0,447,12.71
1972678639,Fernandez-Becker,Nielsen,CA,Internal Medicine,2022,95.16720461969231,1209.132278553077,401.0,374,12.71
1265669352,Wiltse,Richard,FL,Internal Medicine,2023,74.4857510439,946.3549380714286,1275.0,1127,12.71
1508211913,Saleem,Omar,PA,Internal Medicine,2022,97.226285257625,1234.440588505,626.0,379,12.7
1629045638,Mcgill,Michael,WI,Cardiology,2022,33.508598849685,425.583440044,5625.0,4256,12.7
1245474410,Ortiz,Ronnie,WI,Internal Medicine,2022,94.39636606071667,1199.1219137502333,2043.0,1670,12.7
1659477792,Senigala,Radharani,CA,Internal Medicine,2023,23.181837999789998,294.36288659795,2232.0,1465,12.7
1598008948,Nazir,Habib,NJ,Internal Medicine,2023,133.48084388333334,1694.8362926,245.0,144,12.7
1982267944,Cuevas,Marvin,KY,Internal Medicine,2023,69.692211512425,884.79775388825,624.0,582,12.7
1356395974,Nimo,Ricardo,MS,Internal Medicine,2022,89.51290437496668,1137.1215815583334,914.0,831,12.7
1396787867,Tchou,Patrick,OH,Cardiology,2023,30.725779030833333,390.3571428566667,136.0,134,12.7
1245276633,Hinedi,Kareem,PA,Internal Medicine,2022,87.51416711625,1110.56922927,138.0,103,12.69
1972651214,Stewart,Deshawn,TX,Family Practice,2023,95.39183673459999,1210.9110399714,124.0,114,12.69
1609262989,Melgren,Kevin,TX,Family Practice,2023,69.89170816635,886.93379416,289.0,266,12.69
1639790983,Kareem,Olufadejimi,AR,Family Practice,2022,90.83006313133335,1152.6666666666667,120.0,117,12.69
1902193493,Biggs,Andrew,KS,Internal Medicine,2022,76.42735224625,969.89285715,114.0,60,12.69
1912165788,Mcdowell,Mark,CA,Family Practice,2023,83.910737723,1065.07798077,300.0,222,12.69
1154344604,Parker,Neil,CA,Internal Medicine,2022,53.8765157005,683.0,174.0,133,12.68
1578545968,Shrock,Michael,MS,Family Practice,2022,13.48541566137143,171.0,2259.0,1727,12.68
1952481236,Lynch,Patrick,TX,Internal Medicine,2022,130.17520894100002,1650.6666666666667,376.0,374,12.68
1205081320,Smith,John,LA,Internal Medicine,2022,132.22377386,1676.2423433,491.0,424,12.68
1609037654,Morales,Julie-Lee,PA,Family Practice,2022,77.699199460675,985.4484953625,195.0,190,12.68
1124079611,Jones,John,TX,Family Practice,2023,100.273397482875,1271.9227654705,173.0,162,12.68
1780694539,Verel,Philip,FL,Family Practice,2022,122.80232571020001,1557.22127058,825.0,801,12.68
1831192194,Ailiani,Raju,WI,Cardiology,2023,35.82542031895455,454.22835727266664,3120.0,2677,12.68
1326055435,Blend,Timothy,FL,Internal Medicine,2022,97.42678753278,1235.2,209.0,209,12.68
1699726430,Kleczka,James,WI,Cardiology,2022,60.47305639542632,766.8267390352632,2694.0,2221,12.68
1558625814,Clervil,Andersen,NY,Internal Medicine,2022,97.365176864875,1234.8152306525,727.0,490,12.68
1396740882,Phillips,Douglas,MS,Family Practice,2023,74.6574125815,946.7479795256249,3823.0,1893,12.68
1568508448,Soyinka,Olufemi,TN,Family Practice,2022,80.0739794499,1014.6666666666666,182.0,166,12.67
1508211913,Saleem,Omar,PA,Internal Medicine,2023,102.6124236566,1300.479544304,566.0,338,12.67
1689603714,Way,Peter,TX,Internal Medicine,2022,70.168728178275,888.7715820175,275.0,263,12.67
1306291315,Thangam,Bebit,NC,Internal Medicine,2022,84.71779547242856,1073.1000268914286,784.0,474,12.67
1649382540,Costomiris,Robert,NJ,Internal Medicine,2023,12.209737003066666,154.66666666666666,569.0,391,12.67
1285713792,Reimer,Lanny,WY,Family Practice,2023,7.17860522876,90.93312499940001,190.0,148,12.67
1699302174,Kos,Audrey,AL,Family Practice,2023,95.75433102882499,1212.3876912215,163.0,159,12.66
1144326570,Chowdhury,Mostaque,TX,Family Practice,2023,76.76318084857999,971.8243084797999,146.0,143,12.66
1144285594,Hulsman,Laurie,NC,Family Practice,2023,76.573122363,969.6666666666666,227.0,208,12.66
1205497633,D'entremont,Nicholas,OH,Internal Medicine,2022,87.98223840899999,1113.81,237.0,128,12.66
1942229810,Khan,Naeem,IL,Cardiology,2022,76.60639197636765,970.1331509007941,6807.0,4019,12.66
1003870932,Harper,Don,TX,Family Practice,2022,76.54253948861667,969.0603550961665,752.0,631,12.66
1326425463,Raval,Kavi,MI,Internal Medicine,2022,49.868705105480956,630.8416453061905,5733.0,1511,12.65
1891986287,Zarrinkelk,Trevin,AZ,Internal Medicine,2023,133.1133720933333,1684.0,230.0,230,12.65
1255335170,Garza,Reynaldo,TX,Family Practice,2022,88.97540894125,1125.4521454625,159.0,113,12.65
1265773055,Burchill,Luke,MN,Cardiology,2022,21.330607509,269.85714285714283,244.0,244,12.65
1265753743,Edwards,William,SC,Cardiology,2022,50.06299073857037,633.2858197737037,5152.0,4329,12.65
1649252057,Mchenry,Jackie,MS,Family Practice,2022,78.6589507942,995.4,154.0,144,12.65
1083721401,Caroe,Carl,TX,Family Practice,2023,76.40720930233333,966.8516057570001,127.0,123,12.65
1982135000,Robins,Larry,AR,Family Practice,2022,111.92666842725,1415.4598476725,493.0,473,12.65
1912533878,Baker,Marie,AL,Family Practice,2023,125.257122041,1584.86,110.0,108,12.65
1174545461,Ortiz,Francisco,TX,Family Practice,2023,69.54186733955001,879.33922881525,350.0,305,12.64
1093764482,Mccarter,Warren,VA,Family Practice,2022,75.37263039780001,952.38637899575,507.0,476,12.64
1063414324,Meyer,Thomas,GA,Cardiology,2023,115.59154682472223,1461.1666666666667,4162.0,2730,12.64
1891045837,Di Biase,Luigi,NY,Cardiology,2023,179.89274367833335,2274.303461266,3188.0,1503,12.64
1164840872,Sommer,Arielle,CA,Internal Medicine,2022,50.68777388516667,639.9629629633333,662.0,428,12.63
1023120615,Deendyal,Yoganand,NJ,Internal Medicine,2022,119.925448687,1515.0139791249999,629.0,603,12.63
1376924472,Brannum,John,VA,Family Practice,2023,97.89821536085715,1236.097142857143,292.0,263,12.63
1124185103,Andersen,Christian,ME,Family Practice,2023,90.12896249900001,1138.3333333333333,140.0,139,12.63
1417976028,Moore,Danny,MS,Internal Medicine,2022,93.947795923,1186.75,397.0,193,12.63
1457795502,Wehbe,Ramsey,SC,Cardiology,2023,48.18392987574375,608.5,1686.0,1485,12.63
1801023155,Maclean,Wendy,CO,Family Practice,2023,140.90770309666667,1778.0585101,427.0,412,12.62
1164474037,Parker,Alma,UT,Family Practice,2023,89.35176925128572,1127.5785714285714,336.0,270,12.62
1710979349,Kendrick,Roy,TX,Family Practice,2023,69.680369037775,879.39125739,220.0,201,12.62
1285726232,Pelstring,Mark,SC,Family Practice,2022,9.167092592433333,115.66666666666667,138.0,137,12.62
1750802823,Brecheisen,James,MO,Family Practice,2022,70.19251567615001,885.5,609.0,555,12.62
1245644012,Pardun,Joanne,AR,Internal Medicine,2023,88.28143318975,1113.81,248.0,148,12.62
1609371954,Okoli,Ogochukwu,MD,Internal Medicine,2023,141.08407407,1780.3875,432.0,417,12.62
1033204623,Grimm,Richard,OH,Cardiology,2022,51.47319325523889,649.6100776950001,1651.0,1589,12.62
1225026768,Maulfair,Mitchell,FL,Family Practice,2023,93.97940393680001,1186.0842105259999,411.0,391,12.62
1578539672,Braxton,Thomas,KY,Family Practice,2023,92.20072288566666,1162.9938451666667,504.0,490,12.61
1982199519,George,Kyle,OK,Family Practice,2022,72.779304675,917.7125374999999,226.0,214,12.61
1588126668,Hultgren,Britt,UT,Family Practice,2022,100.14237183966667,1262.7233333333334,128.0,77,12.61
1417156274,Shaw-Berrocal,Sharonda,IL,Family Practice,2023,129.749243655,1636.088972,111.0,109,12.61
1972036630,Alakkam,Anas,NY,Internal Medicine,2023,112.8029761915,1422.6863889,177.0,175,12.61
1407836356,Goldberg,David,TN,Internal Medicine,2022,68.33852511032501,861.6269779567501,512.0,491,12.61
1275694374,Sleeth,David,AL,Internal Medicine,2022,91.17414213633333,1149.3206710933334,301.0,264,12.61
1437178001,Hekman,James,OH,Internal Medicine,2023,28.4641017052,358.914285714,218.0,170,12.61
1720001621,Mills,Richard,SC,Family Practice,2023,57.87660212086,729.2519016059999,428.0,404,12.6
1871543447,Silbert,Agnieszka,WI,Cardiology,2022,43.24138245987778,544.6657407405555,1122.0,1022,12.6
1003997768,Hudson,Charles,TX,Family Practice,2023,75.50337777776666,951.2822222333334,110.0,105,12.6
1730718420,Curtis,Jared,UT,Internal Medicine,2023,103.5224362706,1304.376,392.0,266,12.6
1700015658,Galazka,Patrycja,WI,Cardiology,2022,103.76333965700303,1307.741980639394,14104.0,2282,12.6
1255747945,Tate,Paul,FL,Family Practice,2022,76.96541072268,970.0,120.0,119,12.6
1508137050,Elias,Jude,NY,Internal Medicine,2022,97.8996846345,1233.7404316225,776.0,513,12.6
1508973561,Welka,Stephen,WI,Cardiology,2023,48.305866271166664,608.550724637037,4902.0,4054,12.6
1528449097,Mondino,Kristen,CA,Family Practice,2023,39.059950909,492.3333333333333,107.0,97,12.6
1366691016,Grant,Nakash,WI,Cardiology,2022,49.82825945011579,627.6315789473684,1699.0,1483,12.6
1861426975,Karam,Jebran,WV,Cardiology,2022,46.81374958434667,589.7062638434667,5067.0,3980,12.6
1760489389,Paik-Nicely,Timothy,CA,Family Practice,2023,67.9624681129,856.28606496775,563.0,534,12.6
1609011287,Gunturu,Srinivas Guptha,NM,Internal Medicine,2022,84.08974471460715,1059.142857142857,782.0,727,12.6
1235427568,Patel,Sajan,CA,Internal Medicine,2023,107.23999999999998,1351.2,236.0,131,12.6
1255390472,Tate,Crystal,MS,Family Practice,2023,18.29519623726,230.47835294120006,134.0,92,12.6
1992759856,Ruiz,Ricardo,TX,Family Practice,2023,99.51291964192501,1252.7950144985,1353.0,1262,12.59
1295935161,Huggins,Kimberly,MO,Family Practice,2022,112.02838380450001,1409.975800725,338.0,332,12.59
1306134986,Roe,Benjamin,TN,Family Practice,2023,103.3500015458,1301.280467064,512.0,498,12.59
1851393961,Patel,Rameshbhai,KY,Internal Medicine,2022,110.03954156,1385.8463178450002,382.0,345,12.59
1841819794,Forbes,Jacob,UT,Family Practice,2023,103.6665002278,1304.376,185.0,129,12.58
1437472941,Ahmad,Tariq Ali,PA,Internal Medicine,2022,189.42481695490667,2382.800761958467,805.0,708,12.58
1164712550,Lowe,Eddie,TX,Family Practice,2023,76.19269093690001,958.418353999,175.0,166,12.58
1477970853,Cadena,Javier,TX,Family Practice,2022,103.17009175553999,1297.2,922.0,866,12.57
1629263454,Brooks,Burton,KY,Family Practice,2022,90.5200211457,1137.5884173443999,808.0,758,12.57
1750701561,Binkley,Mckellan,UT,Family Practice,2023,84.7172223275,1065.18,600.0,452,12.57
1396784419,Martinez,Marwin,TN,Family Practice,2022,93.96653307394,1181.592256714,353.0,343,12.57
1396150413,Lee,Carlton,KY,Family Practice,2022,72.542835020975,911.56016898775,507.0,468,12.57
1508972308,Edwards,James,PA,Internal Medicine,2023,70.734656981,889.016,1062.0,579,12.57
1649219130,Rayson,Thomas,HI,Family Practice,2022,30.040288889,377.71,244.0,170,12.57
1063964666,Sanchez,Michael,FL,Family Practice,2023,104.63320017855999,1314.8587415784,746.0,709,12.57
1548402084,Bedi,Harmeet,CA,Internal Medicine,2022,91.57633339802858,1151.1285039485715,1138.0,970,12.57
1043264955,Singh,S. Dalip,WI,Cardiology,2023,37.138049679125004,466.79398750625,834.0,579,12.57
1558592360,Vaughn,Ginger,OR,Family Practice,2023,67.62941823234999,849.88847303525,233.0,221,12.57
1215210083,Padilla,Rachelle,CA,Internal Medicine,2023,38.014905303,478.0,116.0,93,12.57
1568606085,Nepal,Pramod,OH,Internal Medicine,2023,90.992715335,1144.1460000000002,505.0,297,12.57
1306895081,Khan,Akhter,KY,Internal Medicine,2022,72.52661499300001,911.3933387750001,411.0,381,12.57
1457547697,Mahmoud,Zainab,CA,Family Practice,2022,101.60875851025,1277.5862068975,273.0,91,12.57
1730147315,Mccarthy,Justin,TX,Internal Medicine,2022,91.11077946125,1144.626316725,170.0,146,12.56
1861426975,Karam,Jebran,WV,Cardiology,2023,41.11898656284,516.4103009928,5729.0,4282,12.56
1104836113,Weslow,Scott,WI,Cardiology,2023,48.63147500706842,611.0526315789474,1052.0,892,12.56
1003852211,Dickson,Kurt,AZ,Internal Medicine,2022,94.48921388068,1187.0,616.0,590,12.56
1679552681,Perkins,Terry,IN,Family Practice,2023,97.17563715994,1220.9008022864,521.0,480,12.56
1851752307,Murphy,Timothy,TX,Internal Medicine,2022,74.64236309961666,936.5,1424.0,1358,12.55
1508813700,Zurosky,Jeffrey,TN,Family Practice,2023,91.002089859,1141.728544376,697.0,679,12.55
1568407781,Schocken,Douglas,NC,Cardiology,2022,5.814064311875,72.9635826775,4286.0,3021,12.55
1952374373,Lindemann,John,TX,Family Practice,2022,110.53609291518,1387.2036253475999,602.0,532,12.55
1093374134,Akinbamijo,Kasopefoluwa,OH,Internal Medicine,2023,91.1311740524,1144.1460000000002,339.0,193,12.55
1467632372,Stone,Mary,AL,Internal Medicine,2022,103.640549951925,1300.25,234.0,220,12.55
1780650135,Wood,Bradley,IL,Family Practice,2022,94.82136210624,1190.0,152.0,143,12.55
1922155357,Sivaraj,Thamotharampillai,FL,Internal Medicine,2023,147.044466,1845.1138211333334,268.0,248,12.55
1487667481,Alaoua,Mohammad,WI,Cardiology,2022,49.3514454185025,619.272547727,7296.0,5367,12.55
1689024945,Reddy,Pavan,OH,Internal Medicine,2023,91.1766243226,1144.1460000000002,511.0,405,12.55
1689057127,Benedict,Darcy,CA,Family Practice,2023,70.40390126116667,883.8333333333334,205.0,160,12.55
1013916931,Fuqua,Joseph,KY,Internal Medicine,2022,29.7724580537,373.460536913,322.0,276,12.54
1548487929,Hadzic,Daniel,TX,Family Practice,2022,70.68938689584999,886.1471572,280.0,250,12.54
1760788061,Rizvi,Anwar,NJ,Internal Medicine,2023,100.43791499700001,1259.9657619033333,291.0,120,12.54
1790337574,Williams,Michael,OH,Internal Medicine,2023,88.805721155,1113.81,428.0,232,12.54
1205809522,Harsh,Karen,TN,Family Practice,2023,90.33998745758,1132.737472054,331.0,312,12.54
1467514539,Jones,Lindy,AK,Family Practice,2023,128.02496234698,1605.757600222,312.0,296,12.54
1700886926,Rayder,Robert,TN,Family Practice,2023,85.91148596633333,1077.017155,354.0,333,12.54
1861666281,Lai,Andrew,CA,Internal Medicine,2023,91.634708834125,1149.14423076875,451.0,230,12.54
1467984161,Krumsick,Zachary,TN,Internal Medicine,2022,73.254637129,918.5,343.0,319,12.54
1841724846,Lee,Daniel,CA,Internal Medicine,2022,111.17489882571428,1392.8885400314284,1249.0,655,12.53
1952364366,Farah,Naguib,NC,Family Practice,2022,99.43345665922,1246.0912003596,388.0,371,12.53
1558347286,Jacobs,Robert,AR,Family Practice,2022,92.03398806899999,1153.0690058333332,428.0,381,12.53
1154684355,Rust,Stefanie,TX,Family Practice,2022,72.9229610628,913.8,659.0,622,12.53
1902072077,Diab,Ashraf,NY,Internal Medicine,2022,88.48095943771666,1108.6749466214999,318.0,296,12.53
1356769640,Kollar,Rebekah,MS,Family Practice,2022,98.61051974225,1235.554121907,235.0,224,12.53
1356320808,Bandel,Geraldo,FL,Internal Medicine,2022,105.62963765484001,1323.0,284.0,258,12.52
1225238504,Nwakudu,Obidike,IL,Family Practice,2023,92.7536392794,1161.693761484,272.0,248,12.52
1952680423,Calhoun,Robert,LA,Family Practice,2022,70.48292648555,882.4601613,151.0,147,12.52
1730196072,Rogers,William,MS,Internal Medicine,2023,89.55527178324999,1121.6176470625,843.0,450,12.52
1952651382,Fernando,Rajeev,IL,Cardiology,2023,39.31848224319428,492.4471102567171,7169.0,5903,12.52
1164083192,Allen,Eli,PA,Family Practice,2023,107.35760919500001,1343.97,112.0,110,12.52
1114295805,Yousaf,Shahbaz,FL,Internal Medicine,2022,102.4675570706,1282.4,218.0,207,12.52
1245274281,Glisson,James,MS,Internal Medicine,2023,94.4445370568,1182.869789197,944.0,763,12.52
1598757312,Mcintosh,Marguerite,AK,Family Practice,2023,8.229203296683332,103.0,258.0,149,12.52
1265483366,Hutchins,Jeffrey,TX,Family Practice,2023,88.1176935232,1103.229653612,432.0,404,12.52
1235145145,Friend,Jennifer,KY,Family Practice,2022,92.40523224866668,1155.5477025933333,105.0,99,12.51
1225266133,Borland,Cary,OH,Family Practice,2023,32.6982341768,408.944444444,442.0,302,12.51
1033311188,Keshav,Joti,FL,Family Practice,2022,109.95136074300001,1375.6666666666667,171.0,164,12.51
1841336658,Reddington,Michael,MI,Internal Medicine,2022,92.43847973622,1156.7261279308,805.0,781,12.51
1154882702,Fondong,Azingala,MS,Family Practice,2023,77.71782280786,972.5761403631999,321.0,317,12.51
1609011287,Gunturu,Srinivas Guptha,NM,Internal Medicine,2023,89.9500270747,1124.0581717172222,800.0,744,12.5
1184111908,Sabri Hamid,Yusef,NJ,Family Practice,2022,100.08931073225,1251.05224775125,390.0,375,12.5
1255309878,Falbo,Francis,VA,Family Practice,2022,89.32109779462,1116.1887971111998,299.0,275,12.5
1780625269,Foster,Michael,SC,Cardiology,2022,85.86604519576315,1073.6045491095788,3074.0,2365,12.5
1184644213,Woo,Hawkin,CA,Internal Medicine,2023,42.910068060142855,536.5658263309999,526.0,359,12.5
1265642508,Erickson,Mathew,LA,Family Practice,2023,92.20343768766666,1152.6666666666667,299.0,266,12.5
1336550094,Diruzza,Leslie,OH,Internal Medicine,2023,28.664728596600003,358.185714286,483.0,414,12.5
1114979572,Gonzalez,Jose,TX,Family Practice,2022,70.56136288475,881.917228925,231.0,219,12.5
1700861481,Abdeen,Ziad,TX,Internal Medicine,2022,99.1566569132,1239.2,670.0,651,12.5
1659364263,Wilson,Gregory,TX,Family Practice,2023,111.530040566,1394.3644354500002,109.0,106,12.5
1932384377,Tatah,Andrew,TX,Family Practice,2022,58.17905388502,727.1375,398.0,362,12.5
1497066625,Diaz De Leon,Alberto,TX,Family Practice,2023,42.214030147222225,527.8307581951667,645.0,631,12.5
1841752649,Halperin,Jeffrey,CA,Internal Medicine,2023,101.94304878,1274.103139025,331.0,174,12.5
1861802563,Rizkallah,Alain,WI,Cardiology,2022,35.873006240928,448.270647996,1550.0,1386,12.5
1376064246,Thomas,Kafi,NY,Internal Medicine,2022,58.44735016725,730.2285514125,262.0,150,12.49
1689056541,Amoakwa,Kojo,MD,Internal Medicine,2022,89.13868248257143,1113.2248130457142,1679.0,784,12.49
1851327738,Ferner,Gregory,OH,Internal Medicine,2023,91.6044087292,1144.1460000000002,456.0,285,12.49
1982692687,Oakley,Angela,FL,Family Practice,2023,115.30833705500001,1440.6427924475,264.0,258,12.49
1114333721,Beachey,Joel,MN,Cardiology,2022,40.767568788237504,509.2005940308333,2033.0,1849,12.49
1366691016,Grant,Nakash,WI,Cardiology,2023,34.83429080203043,435.0,4388.0,3263,12.49
1659720944,Horak,Jeremy,TX,Family Practice,2023,57.016295901825,712.009707242,215.0,191,12.49
1033406236,Wise,Marshall,SC,Family Practice,2023,76.90879815825,960.4075306474999,1123.0,1066,12.49
1760579023,Burnett,William,WY,Family Practice,2023,22.780542380934886,284.58350211253486,2648.0,1637,12.49
1356735823,Sholty,Rodney,NV,Family Practice,2023,94.47378531,1180.0683948333333,184.0,179,12.49
1225033863,Irwin,Jesse,DC,Family Practice,2023,106.06526231014999,1324.3375,938.0,905,12.49
1861461949,Lindsey,Jacqueline,FL,Family Practice,2022,128.80186704,1609.181818175,150.0,143,12.49
1710484530,Martin,Kevin,CA,Internal Medicine,2023,80.57955291183333,1006.2879352233334,1087.0,671,12.49
1588001143,Landis,Scott,TN,Family Practice,2023,89.39942828333334,1116.9072005666667,356.0,319,12.49
1043431406,Fleming,Ronald,WV,Internal Medicine,2023,99.10126081014286,1238.0,246.0,213,12.49
1689648966,Wilson,Cory,CA,Family Practice,2022,103.74139299254,1295.40964577,400.0,384,12.49
1821436247,Sharma,Navneet,OH,Cardiology,2023,54.1370243779625,676.067897725,1067.0,912,12.49
1295399400,Khan,Muhammad,OH,Internal Medicine,2022,89.2490401785,1113.81,207.0,127,12.48
1215133087,Piverger,Yves-Mario,WI,Family Practice,2022,87.22303446629999,1088.75,219.0,206,12.48
1770554941,Dodd,Kathleen,TN,Family Practice,2022,87.91566365204001,1097.6,482.0,478,12.48
1881759595,Kuprianowicz,Cezary,TX,Internal Medicine,2023,70.2087050595,875.98140933025,280.0,251,12.48
1366602294,Soth,Layhong,OK,Internal Medicine,2023,91.6831751154,1144.1460000000002,937.0,541,12.48
1801277363,O'banner,Jeffrey,TN,Family Practice,2022,73.676656326975,919.32481764,674.0,606,12.48
1669497434,Teka,Samson,WV,Internal Medicine,2023,126.94180904,1584.86,104.0,104,12.48
1760453211,Huntley,Mark,SC,Family Practice,2023,88.06314889410001,1099.05468354,442.0,402,12.48
1326255142,Revilla,Ricardo,FL,Family Practice,2022,108.44793275538,1353.2283857774,356.0,348,12.48
1740267103,Shapiro,Brian,FL,Cardiology,2023,50.43556625397368,629.1838969,1849.0,1520,12.48
1760445894,Duke,Frances,AR,Family Practice,2022,70.95184475800001,885.5,170.0,149,12.48
1649599317,Alimi,Adebisi,WI,Internal Medicine,2022,86.21418119094,1075.3,455.0,423,12.47
1285658377,Quan,Martin,CA,Family Practice,2022,45.977044912,573.3333333333334,174.0,116,12.47
1477726412,Smith,Charles,CA,Cardiology,2022,36.24976616651176,451.9709504935295,1328.0,1152,12.47
1619933181,George,James,LA,Family Practice,2022,106.0026738829,1322.025139875,211.0,208,12.47
1902335565,Awad,Khaled,MD,Internal Medicine,2022,89.47386672371428,1115.3787517142857,1256.0,648,12.47
1982657391,Ghazal,Elie,OH,Internal Medicine,2023,89.309363582,1113.81,426.0,241,12.47
1588816300,Trifa,Diana,WI,Cardiology,2022,37.49848405113182,467.4288401018182,1923.0,1692,12.47
1811139306,Mangel,Ryan,FL,Family Practice,2022,101.28996549294,1263.4925949138,415.0,392,12.47
1518490705,Backer,Chelsea,DE,Family Practice,2022,50.88123427627857,633.8906196195143,781.0,498,12.46
1972167492,Richardson,James,VA,Internal Medicine,2022,129.86827209333333,1618.6466666666668,305.0,292,12.46
1588197867,Barrick,Joshua,MI,Family Practice,2023,86.7659994336,1081.06,343.0,330,12.46
1689748261,Lackey,Susan,OH,Internal Medicine,2023,40.4134444445,503.49329502,119.0,118,12.46
1225072234,Gillett,David,TX,Family Practice,2022,80.93581613423333,1008.4770640305001,1158.0,1092,12.46
1235392788,Becker,Randi,MO,Family Practice,2022,119.77258566875,1492.1844074824999,286.0,282,12.46
1841502267,Harb,Serge,OH,Cardiology,2023,53.94234367291739,672.0909090908696,1237.0,1171,12.46
1053538736,Hwangpo,Inkil,AL,Internal Medicine,2023,85.21888729812,1061.6141618903998,636.0,604,12.46
1477040962,Almusawi,Hussain,LA,Internal Medicine,2022,144.089743475,1795.225,123.0,121,12.46
1326465691,Mckinzie,Travis,TN,Family Practice,2023,132.12443171733332,1646.6639785,183.0,181,12.46
1669529459,Rhodes,Troy,IA,Internal Medicine,2022,27.808013829954543,346.35404504,776.0,723,12.46
1013957844,Abernethy,Don,GA,Family Practice,2022,95.37021431938001,1187.0,759.0,691,12.45
1952745036,Atore,Carlos,TX,Family Practice,2022,69.098336760325,860.20673075825,260.0,256,12.45
1255534079,Majdalany,David,AZ,Cardiology,2022,47.42557616481111,590.2212668107408,3258.0,2960,12.45
1346220076,Annett,Thomas,TX,Family Practice,2023,103.84600366949999,1293.131062725,340.0,329,12.45
1619945060,Mitchell,William,TX,Family Practice,2023,71.3799702265,888.6703089002499,372.0,347,12.45
1184688806,Haman,David,TX,Family Practice,2023,98.874732293875,1230.5336379545001,357.0,347,12.45
1326008905,Sobredo,Sergio,FL,Family Practice,2022,70.04631640305,872.35696361,212.0,203,12.45
1326283532,Athouriste,Olphabine,PA,Family Practice,2023,112.125471705525,1396.2656282,190.0,178,12.45
1720471824,Al-Dabbagh,Haydar,VA,Internal Medicine,2023,104.25749255533333,1297.895,1141.0,751,12.45
1184035818,Baser,Hatice,WI,Cardiology,2022,37.304409030545,464.288329159,1365.0,1239,12.45
1922096262,Christensen,Nikki,AL,Family Practice,2023,68.98887121245,859.0,148.0,146,12.45
1609260728,Bybee,Sara,OR,Family Practice,2023,7.3104976958400005,90.955197132,152.0,134,12.44
1205290293,Kopecky,Kathleen,MN,Cardiology,2023,28.049161751922224,349.0,362.0,359,12.44
1184655268,Portilla,Luis,TN,Internal Medicine,2023,93.80452127666668,1167.129078,107.0,107,12.44
1881675544,Vagias,Louis,FL,Family Practice,2022,125.35505692725002,1560.0,664.0,619,12.44
1992778005,Low,Elizabeth,AL,Family Practice,2023,29.146371714215785,362.72590567305264,1619.0,1116,12.44
1104867381,Fortich,Jairo,TN,Family Practice,2023,87.34908949861999,1086.9409398174,603.0,589,12.44
1174969927,Sacher,Vikas,PA,Internal Medicine,2023,88.69848215799999,1102.58625,1576.0,915,12.43
1114055845,Campfield,Brett,TN,Family Practice,2023,88.25614129898,1096.7585492980002,682.0,649,12.43
1588199889,Snell,Jordan,WA,Family Practice,2022,65.3206111545,812.1666666666666,600.0,327,12.43
1083908172,Bheemreddy,Suchitha,NM,Internal Medicine,2022,151.49766073,1882.8417702999998,274.0,261,12.43
1578514998,Austin,Mary,TN,Family Practice,2023,91.0008322678,1131.4,592.0,555,12.43
1215169511,Del Castillo,Mark,MI,Internal Medicine,2023,89.58410907000001,1113.81,392.0,283,12.43
1659626026,Rao,Ehsen,OH,Internal Medicine,2022,77.27838333333334,960.7966666666667,130.0,68,12.43
1477612075,Lin,Chingkai,CA,Family Practice,2022,28.803207141077777,357.6666666666667,439.0,306,12.42
1295932176,Calvin,Andrew,WI,Cardiology,2022,37.308329425061906,463.38403339666667,2034.0,1844,12.42
1134160740,Olson,Charles,OK,Family Practice,2023,91.13250145362,1132.1954774298,724.0,681,12.42
1073535381,Parker,Steven,OH,Internal Medicine,2023,89.696613138,1113.81,439.0,262,12.42
1265424741,Barnes,Layne,ID,Family Practice,2023,89.69293086875,1113.81,270.0,216,12.42
1659437960,Uptergrove,Kevin,TX,Family Practice,2022,88.44776239928571,1098.2968171500002,158.0,128,12.42
1336157692,Hanna,Laila,MO,Internal Medicine,2023,10.028333333333334,124.50652885333334,265.0,172,12.42
1518907815,Mumpower,Kenneth,TN,Family Practice,2023,73.76435939875,915.9853397425,368.0,358,12.42
1851465520,Livingston,Robert,FL,Family Practice,2022,100.49191180956,1247.4,1174.0,1109,12.41
1588618664,Quattrone,Timothy,LA,Family Practice,2022,100.00454138100001,1241.3333333333333,474.0,420,12.41
1457744211,Zrenda,S,OK,Family Practice,2023,75.97527013051666,943.0922734598333,427.0,412,12.41
1316026016,Irfan,Mohammad,KY,Internal Medicine,2023,87.00739244466666,1079.8462651133334,242.0,115,12.41
1285298422,Kunwar,Kabir,OH,Internal Medicine,2023,85.85950188049999,1065.18,729.0,449,12.41
1457302937,Olusanya,Oluyomi,MO,Internal Medicine,2023,102.51954709239999,1271.2308399839999,466.0,434,12.4
1235403999,Landon,James,TN,Internal Medicine,2023,68.2959867975,847.050510935,329.0,291,12.4
1033650031,Kurtzweil,Miju,MS,Family Practice,2022,95.38794062666,1182.442637492,1157.0,1116,12.4
1881033694,Northup,Amanda,SC,Cardiology,2022,49.38471616773846,612.2972235746154,1735.0,1581,12.4
1477556900,Solis,Roberto,TX,Cardiology,2023,75.77528321459167,939.2776984127777,5253.0,3960,12.4
1346795705,Al Moussawi,Hassan,NY,Internal Medicine,2023,99.82963990225,1236.625,323.0,270,12.39
1558422337,Demier,Sergio,OK,Family Practice,2022,72.87921310774999,902.75,326.0,315,12.39
1194162180,Alakshar,Hassan,AR,Family Practice,2023,83.54837645837999,1035.1033835980002,745.0,674,12.39
1255338984,Bray,Gina,MS,Internal Medicine,2022,80.11963818423334,992.9004756236667,254.0,235,12.39
1881778140,Siscu,Haralambie,OH,Family Practice,2023,34.5453893255,428.01171360875003,988.0,644,12.39
1811951676,Constante,Benjamin,TX,Family Practice,2022,81.62914236593333,1011.5291004999999,158.0,152,12.39
1689769739,Boyington,Roger,AL,Family Practice,2022,74.42076984242499,921.3700396725001,108.0,104,12.38
1689866543,Mukkamalla,Mahaveer,OH,Family Practice,2023,92.38552292680001,1144.1460000000002,565.0,339,12.38
1437350600,Saul,Jeremy,AR,Family Practice,2022,92.47969605521999,1145.0397561,472.0,450,12.38
1235124207,Florendo,Randy,TN,Internal Medicine,2022,71.284018196075,882.722796359,377.0,349,12.38
1932738598,Wahid,Faridoon,OH,Internal Medicine,2023,102.03797498349999,1263.415,206.0,179,12.38
1285913996,Shah,Neeraj,NC,Cardiology,2023,107.62208592893913,1331.8397564135653,875.0,819,12.38
1417442880,Anderson,Travis,ND,Family Practice,2022,70.801269543825,876.69380309325,388.0,368,12.38
1710911144,Hogan,Richard,WI,Internal Medicine,2023,67.0203946078,829.950245104,192.0,111,12.38
1972781631,Bernstein,Scott,NY,Cardiology,2022,51.21848471372727,633.5454545454545,3115.0,2300,12.37
1083721401,Caroe,Carl,TX,Family Practice,2022,58.86914573317999,728.0959520716,243.0,231,12.37
1124680897,Malla Thakuri,Triyug,OH,Internal Medicine,2023,86.14337197333333,1065.18,525.0,320,12.37
1881779502,Eisenhauer,Christopher,TX,Family Practice,2023,77.23591626899999,955.4079762,168.0,150,12.37
1568552149,Lee,Rita,CO,Internal Medicine,2023,35.27469594075,436.25,250.0,201,12.37
1952745036,Atore,Carlos,TX,Family Practice,2023,66.884420167,827.1103991625,168.0,160,12.37
1417913609,Carr-Locke,David,NY,Internal Medicine,2022,133.8458954948,1655.35143681,609.0,543,12.37
1073017075,Kassem,Hassan,MI,Family Practice,2023,89.984374678,1112.8945673075,378.0,240,12.37
1124033642,Atherton,Lawrence,IL,Cardiology,2022,28.88919849257222,357.27777777777777,3123.0,2171,12.37
1699225060,Hajjir,Khalid,MD,Internal Medicine,2022,91.7327798215,1134.91513594375,1215.0,774,12.37
1891721833,Wagner,Phillip,KY,Internal Medicine,2023,87.61303433333335,1083.4830719433332,226.0,220,12.37
1427430644,Phelps,Nathaniel,KY,Family Practice,2022,73.658508670175,911.5053113572499,374.0,351,12.37
1154371987,Grogan,Joseph,NY,Family Practice,2023,100.20033073214286,1238.0,318.0,298,12.36
1326425463,Raval,Kavi,AZ,Internal Medicine,2023,48.215918389355174,596.177608742069,7958.0,2653,12.36
1659301232,Goodman,Richard,NY,Internal Medicine,2023,25.479169811333332,315.0,191.0,188,12.36
1912120882,Blount,Alice,TX,Family Practice,2023,77.6105,959.2714181176667,112.0,107,12.36
1730156993,Bolla,Ravisankar,OH,Cardiology,2022,42.6431819424,526.9712918657895,2080.0,1823,12.36
1912521253,Udeh,Hillary,AR,Family Practice,2022,92.44871299900001,1142.7421052633333,245.0,241,12.36
1134221419,Hathcock,Stephen,MS,Family Practice,2022,75.690953468,935.6666666666666,893.0,844,12.36
1215434170,Samuels,Brian,FL,Family Practice,2022,85.67466257458334,1059.024557869,418.0,412,12.36
1992350532,Tailor,Bhavini,IL,Internal Medicine,2022,65.816070344,812.9725000000001,180.0,101,12.35
1689069635,Sensabaugh,Christina,DC,Internal Medicine,2022,96.4010741335,1190.301750415,849.0,514,12.35
1821055013,Rovnan,Karina,PA,Internal Medicine,2023,90.19038578425,1113.81,366.0,270,12.35
1790707925,Baker,Justin,GA,Family Practice,2023,106.0485545984,1309.7850574704,118.0,113,12.35
1902082449,Dadekian,Gregory,NH,Cardiology,2022,57.81789884838333,714.00027785875,2523.0,2274,12.35
1164861159,Wical,Todd,KY,Family Practice,2022,90.6826454112,1119.580289854,121.0,120,12.35
1770588717,Neef,Doug,KS,Family Practice,2023,67.64760261250001,835.25,133.0,131,12.35
1689024945,Reddy,Pavan,OH,Internal Medicine,2022,69.69460717,860.5133333333333,168.0,102,12.35
1609822782,Lind,Robert,NJ,Cardiology,2023,50.63750681032,625.1308080713715,3296.0,2555,12.35
1174596621,Brewster,Hollister,CA,Cardiology,2023,27.60085380627143,340.85714285714283,716.0,615,12.35
1568813327,Hamidi,Amid,SC,Family Practice,2023,88.37185429098001,1091.61899144,387.0,358,12.35
1508021700,Singh,Manmeet,WI,Cardiology,2023,78.596802076,969.6153846153846,609.0,395,12.34
1831374131,Horowitz,James,NY,Cardiology,2022,98.7396300706,1218.8,349.0,142,12.34
1174552210,Palczynski,Karol,AR,Family Practice,2022,71.76463997465001,885.5,224.0,219,12.34
1538492970,Nguyen,Sun,TX,Internal Medicine,2023,31.173,384.7372,2729.0,361,12.34
1225692585,Parimoo,Vibhuti,OH,Internal Medicine,2023,90.25131419249999,1113.81,569.0,302,12.34
1386655264,Jarvis,Kristen,TN,Family Practice,2023,90.903865554,1121.5660103,248.0,223,12.34
1689648966,Wilson,Cory,CA,Family Practice,2023,107.43753114175,1326.25,151.0,148,12.34
1285681312,Khayat,Mazen,KY,Internal Medicine,2023,97.68186546860001,1205.785702825,274.0,266,12.34
1609811421,Gaglianello,Nunzio,WI,Cardiology,2022,78.839664022,972.6666666666666,487.0,189,12.34
1215319447,Khatri,Nishant,AL,Family Practice,2023,88.5021125762,1091.6292868396,555.0,532,12.33
1366718553,Schumacher,Alan,NM,Family Practice,2022,107.0199754852,1319.316335678,393.0,352,12.33
1427472182,Tiwari,Tajdhary,NY,Internal Medicine,2023,72.339095602,891.6010867275,300.0,277,12.33
1811007636,Kirsch,Alla,OH,Family Practice,2023,33.451210776124995,412.36600000375,942.0,651,12.33
1427403955,Hopkins,David,AR,Family Practice,2022,93.48327820166666,1152.6666666666667,163.0,157,12.33
1235260696,Singh,Inder,GA,Family Practice,2023,76.19398423226666,939.7998674883333,101.0,100,12.33
1881973147,Ali,Munsif,FL,Internal Medicine,2023,110.157725563,1356.63016915,166.0,161,12.32
1285756163,Harrell,Justin,GA,Family Practice,2022,90.286845201,1112.6528823333335,343.0,319,12.32
1871772756,Masood,Ali,VA,Internal Medicine,2023,127.22820293000001,1567.96674555,421.0,397,12.32
1598824526,Hamilton,Dunston,AL,Family Practice,2022,75.67805434975,932.2310935725,407.0,383,12.32
1346215712,Kumar,Amitabh,FL,Internal Medicine,2022,83.60970051825,1030.4,677.0,654,12.32
1538556766,Onweni,Chidinma,WI,Internal Medicine,2022,118.515548913,1460.0,183.0,82,12.32
1942245477,Oconnor,Anne,WI,Cardiology,2022,35.362046211860005,435.63,1189.0,1145,12.32
1285298422,Kunwar,Kabir,OH,Internal Medicine,2022,63.837,786.104,219.0,124,12.31
1265526578,Ciesla,William,VA,Internal Medicine,2023,92.9757360992,1144.1460000000002,1092.0,720,12.31
1447283940,De Armas,Pedro,NY,Cardiology,2023,22.881149240333333,281.6666666666667,2120.0,1626,12.31
1497832224,Coble,Terri,MO,Internal Medicine,2023,11.412,140.43129092240002,295.0,197,12.31
1366892606,Terhark,Matthew,TX,Family Practice,2022,91.07410410604,1121.0903249722,571.0,475,12.31
1235542739,Jones,Jermey,AR,Family Practice,2022,93.0856672873,1145.7273629420001,838.0,772,12.31
1356348213,Jarboe,Charles,KY,Family Practice,2022,112.69018102174999,1386.82354058,384.0,353,12.31
1548782857,Ghallab,Mohamed,MI,Family Practice,2023,92.9412219118,1144.1460000000002,1291.0,716,12.31
1992744064,Do,Victoria,TX,Family Practice,2023,52.11941965,640.89142512,367.0,264,12.3
1447694351,Flint,Danette,NH,Cardiology,2023,56.28041230460909,692.3211957068182,4188.0,3360,12.3
1780682906,Siddiqi,Amanullah,TN,Internal Medicine,2023,104.98872833075,1291.5176458575,385.0,369,12.3
1558896274,Becerra,Ivan,TX,Family Practice,2023,57.9461481322,712.68750751525,194.0,168,12.3
1962409433,Rhea,Robert,TN,Family Practice,2023,90.701111111,1115.8468013333334,182.0,164,12.3
1497756654,Bungo,Michael,TX,Cardiology,2023,10.32119272674,127.0,779.0,569,12.3
1902834690,Archer,Brian,MS,Internal Medicine,2022,76.15955622851666,936.5,1375.0,1325,12.3
1821038415,Defranco,Basil,PA,Internal Medicine,2023,89.83208441800001,1104.82644345,634.0,599,12.3
1760419659,Friedman,Terry,NJ,Cardiology,2022,22.756761851433335,280.0,158.0,156,12.3
1154716330,Brener,Alina,NY,Cardiology,2022,37.688,463.4438072416,410.0,392,12.3
1942204912,Alderson,Mitchell,SC,Cardiology,2023,55.48582929048055,682.4828767122222,6083.0,3937,12.3
1396841623,De La Mata,Mariano,FL,Internal Medicine,2022,111.21268373158,1368.3404402862002,588.0,575,12.3
1801357884,Adhikari,Munish,OH,Internal Medicine,2022,69.97329694,860.5133333333333,208.0,138,12.3
1548204951,Ratcliff,Steven,TN,Family Practice,2023,91.01033173,1119.4134739566668,395.0,377,12.3
1003928912,Whitney,Kevin,WI,Family Practice,2022,60.751769776416666,747.3333333333334,368.0,344,12.3
1699799965,Morgan,John,WV,Internal Medicine,2023,59.82104711554,735.5387523024,445.0,431,12.3
1376746800,Slowik,Stephen,MO,Internal Medicine,2023,120.3565914625,1480.1441219925,679.0,647,12.3
1306947999,Sharma,Ravinder,NJ,Cardiology,2023,40.67343815915,500.0,184.0,91,12.29
1851886113,Martinez Barrera,Daniel,TN,Family Practice,2022,92.29671653328,1134.2973519888,594.0,558,12.29
1073589636,Gowda,Ramesh,NY,Cardiology,2022,151.72458458383636,1865.083708615909,1341.0,925,12.29
1215956677,Kahn,Katherine,CA,Internal Medicine,2022,51.159588635333336,629.0,218.0,105,12.29
1548232754,Kettinger,James,OH,Family Practice,2022,63.77056739515999,783.8365287620001,336.0,305,12.29
1053607887,Huang,Hui,CA,Internal Medicine,2022,35.3878304532,434.8,333.0,215,12.29
1750329140,Kizzart,Jerome,TX,Internal Medicine,2023,93.65772946866666,1151.05029838,120.0,118,12.29
1164839775,Shrestha,Pranit,NY,Internal Medicine,2022,119.99042203766665,1475.0,389.0,202,12.29
1336330232,Montgomery,Michael,TN,Family Practice,2022,73.1505931739,898.811147175,336.0,328,12.29
1790943686,Stein,Russell,CT,Cardiology,2023,45.309135345269446,556.6001683502777,4187.0,3465,12.28
1306309935,Azzam,Alexander,NV,Internal Medicine,2022,97.03377189566667,1191.5867376783333,613.0,345,12.28
1780832915,Al-Dandashi,Mahmoud,MD,Internal Medicine,2023,106.2324280622,1304.376,353.0,246,12.28
1679803290,Al-Kazaz,Austin,OH,Family Practice,2023,90.72786982225,1113.81,262.0,194,12.28
1659626026,Rao,Ehsen,OH,Internal Medicine,2023,90.71978635275,1113.81,479.0,272,12.28
1598783722,Kasofsky,Martin,OH,Internal Medicine,2023,73.56429648418,902.6801168,172.0,162,12.27
1184612863,Bailey,William,PA,Internal Medicine,2023,90.7805487315,1113.81,372.0,271,12.27
1326366600,Garey,Casey,TX,Family Practice,2023,88.72934363328,1088.8288710612,407.0,384,12.27
1942200910,Murdock,David,WI,Cardiology,2022,78.236591803,960.2877184737499,442.0,333,12.27
1194709956,Bakshi,Sanjeev,UT,Internal Medicine,2023,94.22330293133332,1156.1576180283334,632.0,372,12.27
1730129735,Winder,James,TN,Internal Medicine,2023,89.34584504366667,1095.9170333533332,127.0,124,12.27
1568441087,Bueno,Edward,WI,Family Practice,2022,48.409982057674995,593.75,276.0,261,12.27
1114582145,Shah,Love Shaileshkumar,OH,Internal Medicine,2022,90.808390355,1113.81,202.0,123,12.27
1568812519,Xu,Bo,OH,Cardiology,2023,61.469320244209094,754.1874819645454,2184.0,2019,12.27
1376006056,Likaj,Lorena,NV,Family Practice,2023,86.7712545655,1063.7592147766666,1236.0,798,12.26
1972691541,Stafford,William,KY,Family Practice,2023,98.56861281857499,1208.34321705825,258.0,238,12.26
1891238481,Martinez-Santibanez,Cuper,UT,Internal Medicine,2023,90.92955974125,1114.5463541675,203.0,138,12.26
1841369105,Thigpen,James,GA,Family Practice,2022,66.95208773147777,820.6955482332222,788.0,687,12.26
1982854980,Ballard,Patrick,AK,Family Practice,2022,95.36808820458,1168.877313948,746.0,697,12.26
1629432836,Malik,Awais,FL,Cardiology,2023,52.177556972722215,639.5981522815,1047.0,915,12.26
1063901361,Pal,Rohit,NY,Internal Medicine,2023,147.268652708,1805.0349999999999,489.0,459,12.26
1154776094,Howlett,Natalie,CA,Internal Medicine,2023,56.01621954466666,686.48554217,211.0,129,12.26
1750470092,Gross,Jay,NY,Cardiology,2022,79.72953395084286,977.2380952378571,775.0,677,12.26
1700263134,Patel,Mayank,TX,Internal Medicine,2022,127.299057755,1561.2894486,142.0,136,12.26
1427046564,Jagasia,Dinesh,PA,Cardiology,2022,30.20087726623684,370.1955798241579,1983.0,1823,12.26
1528622677,Azuero,Nadia,GA,Family Practice,2023,93.20585515866667,1142.3150793433333,130.0,124,12.26
1962744672,Shaller,Brian,CA,Internal Medicine,2022,97.71645844130434,1198.490051036087,1172.0,1069,12.26
1073773834,Ludden,David,WI,Cardiology,2022,289.9559595065,3552.6526372350004,239.0,221,12.25
1033115043,Britt,Andrew,IL,Family Practice,2022,99.74044759528333,1221.7516694545,497.0,454,12.25
1811557390,Kunchakuri,Rajeswar,OH,Internal Medicine,2023,90.887169,1113.81,807.0,476,12.25
1487602876,Fannon,Michael,VA,Internal Medicine,2023,113.304625021,1388.049550125,457.0,448,12.25
1093374134,Akinbamijo,Kasopefoluwa,OH,Internal Medicine,2022,65.9813737035,808.45,152.0,71,12.25
1447747803,Khan,Kamran,OH,Internal Medicine,2022,90.88831157050001,1113.81,238.0,142,12.25
1588227425,Aljaras,Rawan,OH,Internal Medicine,2022,103.08564102566667,1262.7233333333334,110.0,75,12.25
1205179223,Urquhart,Laurie,GA,Family Practice,2022,99.30782272066666,1216.1333333333334,643.0,603,12.25
1558723577,Thomas,Justin,FL,Family Practice,2022,99.80892736743334,1222.8333333333333,1079.0,1026,12.25
1477874154,Abed,Aziz,IL,Family Practice,2022,85.842908969025,1052.0,317.0,314,12.25
1013164201,Bliagos,Dimitrios,NY,Cardiology,2022,293.5854419795385,3593.076923076923,753.0,697,12.24
1982693107,Newlon,James,GA,Family Practice,2023,82.4618669756,1009.0,790.0,408,12.24
1548331457,Croad,Linda,CA,Internal Medicine,2022,34.2029827305,418.5,504.0,255,12.24
1346215712,Kumar,Amitabh,FL,Internal Medicine,2023,84.17763798076,1030.4,547.0,533,12.24
1972543205,Eskind,Jeffrey,TN,Internal Medicine,2022,92.1648572094,1127.7278571428571,1114.0,1085,12.24
1720440555,Geiger,Matthew,LA,Internal Medicine,2023,132.92396399566667,1626.6996587,388.0,362,12.24
1730479981,Okoro,Nosakhare,TX,Family Practice,2022,72.61423790615,888.85638556675,539.0,514,12.24
1801874490,Alzate,Alberto,FL,Family Practice,2022,89.08690923753333,1090.0,546.0,515,12.24
1134357239,Nickel,Marshall,UT,Family Practice,2023,91.089808052,1113.81,507.0,277,12.23
1891084935,Anderson,Stephanie,TN,Family Practice,2022,92.44521515392,1130.426984126,428.0,422,12.23
1992940977,Patel,Parishram,VA,Internal Medicine,2023,91.03804120725,1113.7820279375,1396.0,958,12.23
1336382548,Tyson,Jeremiah,CT,Internal Medicine,2022,73.538640669925,899.3102396422499,436.0,395,12.23
1295077832,Velarde,Robert,FL,Family Practice,2023,109.59310351475,1340.318234475,198.0,189,12.23
1427233493,Uddin,Poulina,CA,Cardiology,2023,66.24220106687838,809.9694742745946,4024.0,3513,12.23
1356465793,Goldberg,Kenneth,UT,Internal Medicine,2023,98.39131601033334,1203.765,906.0,596,12.23
1598962474,Aggarwal,Niti,MN,Cardiology,2023,54.788007533,669.797851991279,3672.0,871,12.23
1639799653,Morehart,Candice,OH,Family Practice,2023,91.0556241515,1113.81,169.0,97,12.23
1063770238,Ahluwalia,Ravinder,UT,Internal Medicine,2023,93.5571641712,1144.1460000000002,529.0,272,12.23
1225039290,Richter,Robert,TN,Family Practice,2023,85.27731305748,1042.798555534,398.0,373,12.23
1497806202,Lukasik,Adam,TX,Internal Medicine,2022,72.4825283948,886.364116275,143.0,139,12.23
1285108910,Latib,Mohamed Azeem,NY,Cardiology,2022,430.8200267068889,5270.555555555556,274.0,265,12.23
1972651214,Stewart,Deshawn,TX,Family Practice,2022,98.22892112882,1200.90505544,170.0,150,12.23
1225357627,Brown,Jeffrey,OH,Family Practice,2023,29.347454657599997,358.95689366,391.0,288,12.23
1043519382,Jensen,Trevor,CA,Internal Medicine,2022,87.0998956392,1064.3,460.0,281,12.22
1669812467,Barnes,Revery,CA,Family Practice,2023,34.017809409923075,415.84615384615387,387.0,236,12.22
1346238359,Armstrong,Carla,MS,Family Practice,2022,82.25588178941666,1004.8693750634999,1839.0,1072,12.22
1235438946,Curls,Evelyn,CA,Internal Medicine,2023,39.105835716,478.0,249.0,216,12.22
1982658597,Akuagwu,Alex,TX,Family Practice,2023,72.17510954475,882.257401325,236.0,216,12.22
1174549851,Singleton,Joseph,LA,Family Practice,2022,95.96857907600001,1173.0048355866666,270.0,258,12.22
1609046754,Heirendt,Stephen,MI,Internal Medicine,2023,89.64780311899999,1095.6666666666667,145.0,140,12.22
1437503380,Tymchuk,Bradley,OR,Internal Medicine,2022,6.4240782123,78.491620112,179.0,107,12.22
1437474665,Coffey,David,MO,Internal Medicine,2022,24.461573666504545,298.84962967904545,9816.0,4063,12.22
1609007301,Parkar,Irfan,NC,Internal Medicine,2022,72.7636764705,889.0,166.0,101,12.22
1588816300,Trifa,Diana,WI,Cardiology,2023,29.369458661299998,358.92857142857144,731.0,640,12.22
1003891813,Frelier,Steven,VA,Internal Medicine,2023,106.8643721488,1304.49406263,1151.0,668,12.21
1407891468,Tomey,Dave,GA,Family Practice,2022,99.563957679,1215.9677419366667,511.0,485,12.21
1790346302,Ahmed,Munis,OH,Internal Medicine,2022,91.220095238,1113.81,210.0,131,12.21
1962402461,Durocher,Steven,GA,Family Practice,2022,95.13511101304,1161.9131813600002,680.0,625,12.21
1396739892,Rosenzweig,Barry,NY,Cardiology,2023,42.3378134608,516.9310344825,511.0,491,12.21
1326301136,Sroubek,Jakub,MA,Cardiology,2022,141.44536101519546,1727.6847838559092,1015.0,820,12.21
1972008647,Singh,Damanbir,NJ,Internal Medicine,2023,96.52028887775,1177.6132966625,326.0,207,12.2
1659344430,Heilman,K,SD,Cardiology,2022,49.40043563073421,602.578947368421,4654.0,3768,12.2
1043462146,Kim,Juyong,CA,Cardiology,2023,129.29304582501666,1577.7157824783335,556.0,510,12.2
1982624748,Wall,Chris,AR,Family Practice,2023,67.11696905805,819.0,943.0,893,12.2
1699779348,Hubbard,Jason,TX,Family Practice,2022,93.85464738332,1145.446552508,430.0,379,12.2
1154634798,Ahmed,Nawaz,OH,Family Practice,2022,83.98002149480001,1024.477655778,453.0,235,12.2
1104230754,Marcotte,Mahalia,WY,Family Practice,2022,71.46802877942856,871.4450549428572,202.0,201,12.19
1912213422,Shenoi,Raveen,MO,Internal Medicine,2022,100.83267964042,1228.778001912,961.0,931,12.19
1992738397,Dowler,Kenneth,VA,Family Practice,2022,95.45683748366,1163.3691332486,545.0,505,12.19
1710911144,Hogan,Richard,WI,Internal Medicine,2022,65.461058054,797.758935826,211.0,93,12.19
1548782857,Ghallab,Mohamed,MI,Family Practice,2022,91.54318382557143,1115.8329466342857,1227.0,688,12.19
1619140639,Humphreys,Jonathan,AL,Family Practice,2022,92.08319310511666,1122.8151129133332,631.0,598,12.19
1669594438,Solorzano,Sergio,TX,Family Practice,2022,72.18924847400001,880.204299575,261.0,232,12.19
1457588345,Barnes,Brock,KY,Family Practice,2022,115.83591942,1411.6983470999999,137.0,132,12.19
1801357884,Adhikari,Munish,OH,Internal Medicine,2023,79.0503450046,963.642,659.0,418,12.19
1447747803,Khan,Kamran,OH,Internal Medicine,2023,91.38674549175,1113.81,467.0,274,12.19
1861922155,Cox,Jacob,MS,Family Practice,2022,94.76039326916,1155.052380702,572.0,540,12.19
1821055013,Rovnan,Karina,PA,Internal Medicine,2022,91.3875,1113.81,240.0,144,12.19
1144269895,Sharp,Steven,AL,Family Practice,2023,130.00679737966666,1584.86,326.0,289,12.19
1508846429,Rider,Shannon,IL,Internal Medicine,2022,11.977125130600001,146.04000947,105.0,103,12.19
1770576761,Famili,Ahmad,MD,Internal Medicine,2023,161.72609387,1970.17,242.0,237,12.18
1609007301,Parkar,Irfan,NC,Internal Medicine,2023,66.62450828600001,811.34,309.0,198,12.18
1306309935,Azzam,Alexander,NV,Internal Medicine,2023,93.8524997548,1142.80301085,1413.0,774,12.18
1861417164,Hammond,Mark,TN,Internal Medicine,2022,6.550258552475,79.75,1465.0,1188,12.18
1063494979,Lucus,Dale,TX,Family Practice,2022,92.55044408666667,1126.9096774333332,107.0,105,12.18
1972719292,Rosado,Jose,FL,Family Practice,2022,89.5667070969,1091.0,944.0,890,12.18
1184695843,Kondragunta,Sakuntla,VA,Internal Medicine,2023,106.53942364116666,1297.895,586.0,531,12.18
1558321331,Kavonian,Gary,TX,Internal Medicine,2023,89.46442808655999,1089.60586666,353.0,339,12.18
1639465719,Crawford,Chet,AR,Family Practice,2023,83.40807358077778,1015.9444444444445,318.0,249,12.18
1336776053,Amin,Zaynab,OH,Internal Medicine,2023,93.946,1144.1460000000002,218.0,146,12.18
1457302937,Olusanya,Oluyomi,MO,Internal Medicine,2022,92.8884098425,1131.5798965333333,599.0,538,12.18
1881705168,Del Castillo,Alexander,UT,Internal Medicine,2023,93.92086781380002,1144.1460000000002,397.0,236,12.18
1518986710,Feng,Jennifer,OH,Internal Medicine,2023,91.40841460125,1113.81,472.0,280,12.18
1992142632,Marshall,Jessica,KY,Family Practice,2022,101.4452257698,1235.165034982,394.0,371,12.18
1508846429,Rider,Shannon,IL,Internal Medicine,2023,10.408621117425,126.71087425675,104.0,103,12.17
1447237029,Click,Roger,MN,Cardiology,2022,25.94471412565,315.8069014083333,476.0,475,12.17
1932278090,De Long,Amy,WI,Family Practice,2023,10.32,125.56482114425,100.0,76,12.17
1205882834,Childress,David,TN,Family Practice,2022,94.94306561633334,1155.5109063666666,284.0,263,12.17
1659697555,Nielson,Nathan,UT,Family Practice,2022,69.7409503252,849.0733945,238.0,233,12.17
1619917275,Waldrup,Phillip,TN,Internal Medicine,2022,97.53538777118,1187.0,1356.0,1163,12.17
1295712784,Rachedi,Martha,OH,Internal Medicine,2023,93.9078459644,1143.0498516,243.0,239,12.17
1619358942,Barry,Oumoul,PA,Internal Medicine,2023,105.3534054668,1282.403492958,1388.0,863,12.17
1831385202,Koch,Francis,CA,Cardiology,2022,5.0127290448,61.0,513.0,426,12.17
1124680897,Malla Thakuri,Triyug,OH,Internal Medicine,2022,91.56452054799999,1113.81,149.0,94,12.16
1285659607,Gould,Keith,TN,Family Practice,2023,84.32929429358333,1025.0963246541667,1043.0,978,12.16
1275599565,Saltz,Stephen,FL,Cardiology,2023,43.5227811056875,529.19956077385,2886.0,1547,12.16
1992749121,Djevalikian,Raffi,OK,Family Practice,2023,110.32483979596,1341.352,496.0,475,12.16
1982016085,Ittoop,Minu,MD,Internal Medicine,2023,91.60126638675,1113.81,735.0,507,12.16
1730116005,Thorpe,Richard,TX,Internal Medicine,2022,95.15071653656,1156.9283804860002,901.0,835,12.16
1134682941,Patel,Aakash,OH,Internal Medicine,2023,79.2162764886,963.642,645.0,421,12.16
1194778985,Rana,Yashbir,SC,Family Practice,2022,55.185361121666666,670.868964015,330.0,322,12.16
1528073384,Marancenbaum,Heather,NM,Family Practice,2023,90.06713713260001,1094.802185558,479.0,446,12.16
1154749695,Miller,Avraham,OH,Cardiology,2023,63.559914218391306,772.9622641508695,1396.0,1243,12.16
1225692585,Parimoo,Vibhuti,OH,Internal Medicine,2022,91.595,1113.81,214.0,111,12.16
1205097110,El Masry,Hicham,AZ,Cardiology,2023,146.0895996919587,1776.3542016204349,4760.0,4080,12.16
1114415460,Kodji,Bismark,MI,Internal Medicine,2023,91.62295958175,1113.81,524.0,298,12.16
1780632190,Crawford,Michael,CA,Cardiology,2022,64.23751217624546,781.1105558381819,618.0,573,12.16
1811943608,Khan,Wajahat,FL,Internal Medicine,2022,110.91416564366666,1348.6666666666667,287.0,272,12.16
1659734846,Stepps,Kristopher,AR,Internal Medicine,2023,56.862322991380005,691.615131367,248.0,241,12.16
1811557390,Kunchakuri,Rajeswar,OH,Internal Medicine,2022,95.695017182,1163.5333333333335,237.0,110,12.16
1578536884,Meyer,Mel,WY,Family Practice,2023,98.00278892465,1190.75,270.0,253,12.15
1699225060,Hajjir,Khalid,MD,Internal Medicine,2023,94.1833724834,1144.1460000000002,819.0,573,12.15
1013370048,Subedi,Pratima,CA,Internal Medicine,2023,106.84737743316667,1297.895,871.0,561,12.15
1053420760,Ghazal,Joul,FL,Internal Medicine,2023,99.435,1207.8687492725,1261.0,753,12.15
1417462912,Foris,Lisa,MD,Internal Medicine,2022,97.93026165433334,1189.5523647433333,1324.0,647,12.15
1437336302,Lewis,Zoe,FL,Internal Medicine,2023,90.23274986225,1096.6511105075,206.0,137,12.15
1407979255,Loaiza,Jose,TX,Family Practice,2023,80.06426977633333,972.4858757000001,328.0,313,12.15
1831518943,Schexnaildre,Rene,LA,Internal Medicine,2022,91.88593466976,1116.403872,381.0,363,12.15
1366702441,Williams,Luke,FL,Internal Medicine,2022,105.584182408,1283.3333333333333,604.0,565,12.15
1932393147,Sana,Wajeeh,NY,Family Practice,2023,92.34777133776001,1121.5972148865999,947.0,853,12.15
1205996410,Minhas,Sajjad,AZ,Internal Medicine,2023,74.80961178166666,908.1116968,142.0,140,12.14
1205937703,Ando,Steven,CA,Internal Medicine,2022,51.803007173999994,629.0,121.0,104,12.14
1073873147,Anderson,William,GA,Family Practice,2022,73.88347698109999,896.951055065,401.0,381,12.14
1679550446,Robbins,Tzvi,MD,Family Practice,2023,89.59891373170001,1087.7689238833334,1180.0,1098,12.14
1235679796,Eaglefeathers,Shana,MT,Family Practice,2023,84.05966485233333,1020.68,249.0,140,12.14
1952669970,Patel,Anish,NJ,Internal Medicine,2023,102.61961357118183,1245.2467585181819,456.0,379,12.13
1982158143,Jat,Asadullah,MD,Internal Medicine,2022,84.10452593725,1020.547331775,1497.0,868,12.13
1912252172,Moody,Robert,OK,Family Practice,2022,90.02900111623335,1091.9668111313333,114.0,114,12.13
1851828875,Adhikari,Nawaraj,NY,Internal Medicine,2023,91.8451778545,1113.81,1126.0,714,12.13
1306966825,Kolarik,Douglas,OH,Internal Medicine,2023,91.857000858,1113.81,443.0,265,12.13
1407828676,Rayel,Ramon Ray,WI,Cardiology,2022,40.439921974007696,490.38461538461536,1315.0,1235,12.13
1639272057,Woo,Dannie,NY,Cardiology,2023,72.204556559985,876.1742506262999,2605.0,1821,12.13
1659669646,Green,Karen,MI,Family Practice,2022,98.45014261468,1194.1674822364,632.0,600,12.13
1164470720,Bell,William,MS,Family Practice,2023,86.37997793992858,1048.0046938962857,1370.0,1301,12.13
1528158060,Ryan,Joseph,LA,Family Practice,2022,73.023918347375,886.1056338000001,176.0,166,12.13
1902006257,Lamsen,Leonard,TN,Family Practice,2022,129.00392226,1565.4294798,295.0,291,12.13
1679952642,Accavitti,Michael,WI,Cardiology,2022,47.72780406212609,578.9693149973913,1517.0,1394,12.13
1013917996,Shah,Prakash,WI,Cardiology,2023,41.9659086098946,508.95743377648654,12367.0,7839,12.13
1265481915,Sayyad,Tariq,KY,Internal Medicine,2023,100.62503567716668,1220.203971075,886.0,823,12.13
1154981082,Vallapureddy,Rangit Reddy,OH,Internal Medicine,2022,101.72784883220001,1234.398,418.0,214,12.13
1003997768,Hudson,Charles,TX,Family Practice,2022,78.58049339996667,952.4787018000001,135.0,115,12.12
1396731865,Sundaram,Rajendran,OH,Internal Medicine,2023,44.7626555936,542.4,834.0,513,12.12
1174186787,Shelton,Meredith,VA,Family Practice,2022,104.21039010133332,1262.7233333333334,454.0,251,12.12
1992717110,Newcomb,John,AL,Family Practice,2022,114.229945077,1385.0,314.0,303,12.12
1598728586,Richardson,Brady,MS,Family Practice,2022,101.57318047536249,1231.5416666625001,580.0,550,12.12
1356607584,Fitzcharles,Nikita,MA,Internal Medicine,2023,6.079791666666666,73.66666666666667,127.0,75,12.12
1609287341,Baser,Kazim,WI,Cardiology,2022,37.54434979405238,455.19705606809526,1476.0,1355,12.12
1487153185,Ingold,Curtis,OH,Internal Medicine,2023,91.91165847575,1113.81,582.0,333,12.12
1972709418,Zareen,Nasir,AR,Family Practice,2022,90.29273085254,1094.64224834,424.0,412,12.12
1003265422,Sayiner,Mehmet,MD,Internal Medicine,2022,84.39111801375,1021.66231862125,1559.0,876,12.11
1619003860,Lee,David,CA,Cardiology,2022,146.51881422547498,1774.0997263933332,720.0,624,12.11
1821557992,Farnsworth,Daniel,FL,Family Practice,2023,87.9705927895,1065.18,257.0,203,12.11
1164556460,Joshua,Jabbar,AR,Family Practice,2023,64.3973323131,779.6342853206667,306.0,292,12.11
1639150121,Haile,Zewdu,IL,Family Practice,2023,95.402607668,1155.108439778,380.0,368,12.11
1346285459,Haddadin,Mazin,FL,Internal Medicine,2022,103.0625986406,1248.345942804,324.0,322,12.11
1427091388,Treat,Steven,OK,Family Practice,2022,74.532526897975,902.75,514.0,477,12.11
1245506831,Katula,Kelly,UT,Internal Medicine,2023,94.4611548492,1144.1460000000002,1440.0,416,12.11
1497860746,Timm,Don,TX,Internal Medicine,2023,80.27483959117998,972.3339329888,334.0,308,12.11
1962459180,Tamaska,Wayne,NJ,Internal Medicine,2023,120.613594054,1460.58230985,158.0,137,12.11
1417462912,Foris,Lisa,MD,Internal Medicine,2023,92.08794589825,1113.81,845.0,431,12.1
1013004886,Lopez,Jose,FL,Internal Medicine,2022,93.02768741425,1125.75,168.0,90,12.1
1699759704,Morgan,Ronald,MS,Family Practice,2023,78.64434633360001,951.4793798333334,131.0,120,12.1
1144285594,Hulsman,Laurie,NC,Family Practice,2022,50.007591036399994,605.0,138.0,83,12.1
1992157424,Eisenhut,Nathanael,WA,Internal Medicine,2022,60.491887950999995,731.80009705325,212.0,209,12.1
1447291638,Cortinas,Guillermo,TX,Family Practice,2023,97.42683915032501,1179.25,345.0,319,12.1
1881253474,Brassard,Sarah,PA,Internal Medicine,2023,92.04989285725,1113.81,161.0,101,12.1
1487940482,Curwen,Boris,TX,Internal Medicine,2022,69.038857680275,835.676313825,170.0,165,12.1
1588642755,Furda,Joel,WI,Internal Medicine,2022,14.9972490029,181.42279942314286,178.0,108,12.1
1346339678,Palma,Eugen,NY,Cardiology,2022,95.13014318052142,1150.9175459957144,589.0,515,12.1
1962478990,Rodgers,David,MI,Family Practice,2022,3.525778959833333,42.666666666666664,227.0,156,12.1
1205194255,Walker,Johnny,WV,Family Practice,2022,3.0177438802000003,36.5,178.0,98,12.1
1487092656,Carter,Anthony,GA,Family Practice,2022,115.1416188695,1393.67135152,622.0,596,12.1
1760416929,Haq,Sami,VA,Internal Medicine,2023,93.7935564582,1135.023005304,663.0,406,12.1
1710926860,Douglas,David,KY,Family Practice,2022,72.463874298525,876.8945827,294.0,284,12.1
1871742502,Vijayakrishnan,Rajakrishnan,WI,Cardiology,2023,96.2415384615,1163.6666666666667,204.0,107,12.09
1235251729,Brown,Brandon,SC,Cardiology,2023,69.24997446301282,837.3713527851282,4125.0,2719,12.09
1396763926,Lucariello,Richard,NY,Cardiology,2023,69.54834063892778,840.8189579861112,3630.0,2364,12.09
1174934301,Guillermo,Patrick,TX,Family Practice,2023,67.49057692299999,815.6388889,2038.0,285,12.09
1174984421,Bennett,Aaron,TN,Family Practice,2023,107.58731014424998,1300.55624207,605.0,578,12.09
1043519382,Jensen,Trevor,CA,Internal Medicine,2023,106.40768598799998,1286.5,417.0,223,12.09
1588042246,Tennyson,Joshua,AR,Family Practice,2023,74.56676589800001,901.6666666666666,643.0,621,12.09
1992350532,Tailor,Bhavini,IL,Internal Medicine,2023,75.7222979955,914.7600000000001,551.0,319,12.08
1902072077,Diab,Ashraf,NY,Internal Medicine,2023,82.361156398925,995.1535267375,335.0,311,12.08
1386649846,Fung Liu,Blanche,NY,Internal Medicine,2022,157.89622902606,1907.508527132,736.0,681,12.08
1689069635,Sensabaugh,Christina,DC,Internal Medicine,2023,104.51002778666667,1262.7233333333334,518.0,407,12.08
1699235267,Yousif,Tasneem,NJ,Internal Medicine,2022,104.54615466966668,1262.7233333333334,251.0,120,12.08
1427410505,Gilmore,Wyman,TX,Internal Medicine,2022,95.39474894666667,1151.9244567666667,319.0,306,12.08
1194162180,Alakshar,Hassan,AR,Family Practice,2022,82.67000812766666,998.6509860766668,1005.0,907,12.08
1154314946,Murgiuc,Cristina,AZ,Internal Medicine,2023,112.5653917735,1360.03976625,338.0,322,12.08
1104815117,Agostini-Miranda,Alex,FL,Family Practice,2023,152.42981699433332,1839.4444444666667,115.0,113,12.07
1699735258,Nunez,Mario,FL,Internal Medicine,2023,152.99386325,1846.6666666666667,143.0,136,12.07
1851704076,Odin,Oleg,AK,Internal Medicine,2023,101.24787682680001,1222.39031579,411.0,195,12.07
1578573275,Schweiger,Patrick,WI,Internal Medicine,2022,90.22107392675001,1088.75,105.0,101,12.07
1942401146,Peterson,Steven,WI,Cardiology,2023,51.83155400248334,625.4649687390416,2392.0,1487,12.07
1285673913,Ashraf,Mohammed,OH,Family Practice,2022,87.2334920884,1053.2107465459999,295.0,266,12.07
1124302708,Cummings,David,TX,Family Practice,2023,97.453087553,1176.31445865,557.0,522,12.07
1376040709,Castaneda,Gonzalo,CA,Family Practice,2023,47.653161567333335,575.3333333333334,264.0,179,12.07
1245279702,Downs,Jacqueline,ND,Internal Medicine,2022,7.9974156590000005,96.5,469.0,323,12.07
1386642924,Farrell,Daniel,FL,Family Practice,2022,132.38269428975002,1598.5,252.0,235,12.07
1609141779,Didion,Brady,WI,Family Practice,2023,31.294994095444444,377.3377777777778,276.0,266,12.06
1508886854,Borde,Deepa,FL,Family Practice,2022,107.57846068074,1297.2,552.0,543,12.06
1306045331,Dechenne,Kari,HI,Family Practice,2022,93.63417412533333,1129.0777603133336,223.0,209,12.06
1689612897,Ncho,Asongu,CA,Internal Medicine,2023,98.555087164,1189.0225,179.0,160,12.06
1285252973,Olsen,Cameron,MO,Internal Medicine,2023,91.62511924925,1105.2926666675,265.0,151,12.06
1639159486,Somers,Virend,MN,Cardiology,2023,10.348612690533335,124.66666666666667,308.0,308,12.05
1932164902,Roselli,Eric,OH,Cardiology,2023,772.13782716325,9303.47990196,200.0,194,12.05
1629361340,Ezeume,Chukwuemeka,AZ,Internal Medicine,2022,35.50200923845135,427.9341823060108,6144.0,3611,12.05
1518983063,Banooni,Marjan,CA,Family Practice,2022,36.3098370783,437.57142857142856,235.0,189,12.05
1518490705,Backer,Chelsea,NH,Family Practice,2023,61.4284793810625,740.317869435,765.0,396,12.05
1952765281,Sexton,Jonathon,AZ,Family Practice,2023,99.23104338255,1195.5646235352501,476.0,454,12.05
1114582145,Shah,Love Shaileshkumar,OH,Internal Medicine,2023,92.434070893,1113.81,584.0,397,12.05
1568879476,Kardar,Ahmed Abdul Hafeez,VA,Internal Medicine,2023,108.1463363698,1303.3686153800002,624.0,448,12.05
1083659304,Kadam,Sejal,NY,Internal Medicine,2022,112.15260612774999,1350.0,755.0,408,12.04
1962628594,Carrellas,Joan,NM,Family Practice,2022,121.08441955974999,1457.5,387.0,358,12.04
1699235267,Yousif,Tasneem,NJ,Internal Medicine,2023,91.31776935425,1099.8893699375,1100.0,661,12.04
1114649928,Kietselaer,Bastiaan,MN,Cardiology,2022,26.062065404428573,313.7142857142857,205.0,205,12.04
1154634798,Ahmed,Nawaz,OH,Family Practice,2023,85.16194044779999,1025.118,455.0,288,12.04
1205497633,D'entremont,Nicholas,OH,Internal Medicine,2023,80.0242359522,963.642,848.0,467,12.04
1003416967,Bajracharya,Ashik,NY,Internal Medicine,2023,92.47697568275001,1113.81,587.0,381,12.04
1427233493,Uddin,Poulina,CA,Cardiology,2022,71.29482304339714,858.4201732510286,4119.0,3550,12.04
1881089993,Bullon,Tony,GA,Family Practice,2022,95.46761281222,1148.4466873003998,910.0,842,12.03
1124226238,Holmes,Matthew,VA,Family Practice,2022,118.50458618825,1425.6841727125,542.0,522,12.03
1992744064,Do,Victoria,TX,Family Practice,2022,42.490839778085714,510.98811654142855,761.0,465,12.03
1093733909,Tremmel,Jennifer,CA,Cardiology,2023,138.59751832906923,1666.7313233884613,531.0,489,12.03
1013200062,Kidwai,Shahroz,TX,Family Practice,2022,83.96476043583333,1009.8571264233333,143.0,135,12.03
1053307314,Wright,Daniel,IA,Family Practice,2023,63.07658896275,759.0625,186.0,176,12.03
1912560327,Acharya,Pratibha,OH,Internal Medicine,2022,63.38999999999999,762.4166666666666,262.0,153,12.03
1265669352,Wiltse,Richard,FL,Internal Medicine,2022,88.490030549,1064.5398431355,1387.0,1253,12.03
1689846156,Gilkey,Kara,KY,Family Practice,2022,93.834267958,1128.7486994600001,419.0,391,12.03
1346426038,Sakaria,Sonali,TN,Internal Medicine,2023,105.859120305,1273.3680331399999,245.0,230,12.03
1801390299,Kinsley,Stephanie,AL,Family Practice,2022,93.3410689681,1121.8,377.0,350,12.02
1629045638,Mcgill,Michael,WI,Cardiology,2023,41.54996473661579,499.2923692894737,6464.0,4715,12.02
1124084520,Lafleur,Glenn,LA,Family Practice,2022,122.78996743275,1475.5359661825,458.0,427,12.02
1255445433,Chisholm,Jessica,OH,Family Practice,2023,33.226835329714284,399.39067055428575,889.0,718,12.02
1922096262,Christensen,Nikki,AL,Family Practice,2022,92.32882551956,1110.2,235.0,224,12.02
1508286451,Martinez,Rafael,MT,Family Practice,2023,75.9482121197,912.9975757423332,117.0,108,12.02
1154749695,Miller,Avraham,NY,Cardiology,2022,60.40465913448333,726.0238095241666,366.0,322,12.02
1376568782,Karlsson,Jonas,VA,Internal Medicine,2022,98.03900389799999,1178.0968595433333,468.0,461,12.02
1497702096,Pruitt,Melissa,AR,Family Practice,2022,65.39027262120001,786.01340426,149.0,139,12.02
1134257702,Ng,Ramford,CA,Cardiology,2022,79.60858632370444,956.3989389565111,7940.0,5435,12.01
1962778118,Johnson,Alyson,NC,Internal Medicine,2023,95.1606821955,1143.0,152.0,151,12.01
1285637843,Buller,David,TX,Family Practice,2022,66.11621173471428,794.1428571428571,510.0,461,12.01
1245324581,Herrera,Saturnino,NJ,Internal Medicine,2023,92.80386864566667,1114.215112845,349.0,235,12.01
1295732253,Orjuela,Hernando,NY,Cardiology,2023,69.62790630122223,836.0793039788889,333.0,290,12.01
1376956433,Jain,Christopher,MN,Cardiology,2022,21.32444745271667,256.1666666666667,177.0,176,12.01
1710905989,Daniels,Ruth,TN,Internal Medicine,2022,79.0641423764,949.8198798999998,293.0,281,12.01
1679540207,Ballantyne,Ford,WI,Cardiology,2022,38.124213894166665,458.0238095238095,3592.0,3074,12.01
1952747446,Hennessey,Kerrilynn,NH,Cardiology,2022,64.16000527693929,770.6021030428572,3513.0,3141,12.01
1417018045,Rollins,Daniel,NV,Family Practice,2022,106.27550437233333,1276.6666666666667,148.0,141,12.01
1003101932,Hong,Feiyu,MD,Internal Medicine,2022,94.32103709025,1133.22665410375,1429.0,772,12.01
1518125731,Correll,Bodie,TX,Family Practice,2022,84.13027274974999,1009.53812287125,721.0,512,12.0
1780247460,Parisi De Gaetano,Carlos,TX,Family Practice,2023,82.99066517241666,996.0569419025001,433.0,395,12.0
1609262989,Melgren,Kevin,TX,Family Practice,2022,80.19461158224286,962.1371542400001,446.0,397,12.0
1972687861,Rao,Sunil,NC,Cardiology,2023,216.2787213733333,2594.6746031666667,240.0,230,12.0
1639106438,Gallman,Brian,AZ,Internal Medicine,2022,74.566491470825,894.75,205.0,186,12.0
1710249867,Wrensford,Josiah,TX,Family Practice,2023,75.12423056233332,901.8632951716667,143.0,135,12.0
1194812669,Dexter,Richard,TX,Family Practice,2023,97.24573346433333,1166.9067655266667,186.0,184,12.0
1588084594,Zembrzuski,Piotr,PA,Family Practice,2023,97.9068683652,1174.78772474,707.0,694,12.0
1578641155,Broihier,Thomas,WI,Cardiology,2022,38.805397325473685,465.73374613,1191.0,1109,12.0
1265493779,Williams,Eric,GA,Family Practice,2023,69.495094484875,833.910184425,714.0,646,12.0
1164406450,Tajik,Abdul,AZ,Cardiology,2023,26.211998160480004,314.5,1572.0,1280,12.0
1679803290,Al-Kazaz,Austin,OH,Family Practice,2022,93.39770757199999,1119.5579458480001,114.0,111,11.99
1568552149,Lee,Rita,CO,Internal Medicine,2022,36.3874485675,436.25,270.0,215,11.99
1184858029,Hawkes,James,UT,Internal Medicine,2023,92.89,1113.81,180.0,109,11.99
1346253366,Lunzer,Joan,MN,Internal Medicine,2022,32.09717456483333,384.97675000000004,127.0,117,11.99
1982022125,Tighe,Donald,AL,Family Practice,2023,98.47586096446,1180.4550898646,1101.0,1000,11.99
1285727206,Rodriguez,David,TX,Internal Medicine,2023,117.752342946,1411.7322752,995.0,920,11.99
1811337439,Matzen,Dorian,TX,Family Practice,2023,70.1949188856,841.46639698825,214.0,204,11.99
1699754150,Cantrell,Elroy,VA,Family Practice,2022,71.40914701125,855.198170725,104.0,97,11.98
1801440748,Parajuli,Bijay,IL,Internal Medicine,2023,108.8351213834,1304.376,1051.0,633,11.98
1093153751,Marthaler,Brodie,WI,Cardiology,2022,42.371516059208,507.71961058196,2675.0,2285,11.98
1801440748,Parajuli,Bijay,IL,Internal Medicine,2022,149.855932205,1795.225,138.0,135,11.98
1356782783,Mohananey,Divyanshu,WI,Internal Medicine,2023,67.01208858181428,802.6916380347618,853.0,764,11.98
1639330327,Barsoom,Medhat,NY,Internal Medicine,2023,78.50426750316666,940.6092737181667,409.0,402,11.98
1619945060,Mitchell,William,TX,Family Practice,2022,73.044421696075,875.10818965,258.0,236,11.98
1558392043,Britton,Richard,NJ,Family Practice,2023,99.29889890300001,1190.0310413,163.0,153,11.98
1811212202,Bond,Trevor,KS,Family Practice,2023,67.15421875125,804.172514215,196.0,188,11.98
1164571907,Schulte,Heather,OH,Family Practice,2023,109.55485395775,1312.849164625,260.0,247,11.98
1366734253,Price,Roger,LA,Family Practice,2022,106.0240412798,1270.5872375459999,671.0,606,11.98
1144287947,Reddy,Vijayabhasker,TX,Family Practice,2023,77.86195625666666,932.9312220601668,387.0,376,11.98
1386686392,Jones,John,AL,Family Practice,2023,96.03184485317499,1149.3014574045,677.0,647,11.97
1033197322,Phillips,Sabrina,FL,Cardiology,2022,60.205525252324996,720.55279776625,1498.0,1454,11.97
1154306561,Greer,Thomas,TX,Family Practice,2023,79.86725893,955.7669642953333,155.0,132,11.97
1952627184,Mendoza,Manuel,CA,Family Practice,2022,33.80416644774,404.6,143.0,118,11.97
1134141880,Baker,Charles,TN,Internal Medicine,2022,74.355592196275,890.2164673,290.0,273,11.97
1154333771,Montoya,Alberto,KS,Family Practice,2022,72.78298447,871.4895457827499,348.0,327,11.97
1275029282,Al-Battah,Hassan,WA,Internal Medicine,2023,86.8349080364,1039.847800648,663.0,399,11.97
1346509874,Newson,Shad,UT,Family Practice,2022,92.724729606,1110.1247066514286,388.0,354,11.97
1932427895,Kopecky,Abigail,CA,Internal Medicine,2022,74.519981737,892.1322728299999,170.0,123,11.97
1831201805,Chwa,Jasmine,CA,Internal Medicine,2023,55.9526565655,669.25,213.0,127,11.96
1023472982,Holt,Daniel,KY,Family Practice,2023,92.36734986994,1105.0,220.0,198,11.96
1568959161,Van Woy,Lauren,CA,Family Practice,2023,105.71373928934,1264.5770330752,100.0,100,11.96
1780025379,Reddy,Pallavi,OH,Internal Medicine,2023,92.11110150475,1101.91580682,350.0,251,11.96
1932424595,Lo,Vivian,MS,Internal Medicine,2022,94.4200074622,1128.92283976,690.0,677,11.96
1790894830,Young,Evelyn,MO,Family Practice,2023,85.02200417933334,1017.0,129.0,124,11.96
1174527766,Shafiq,Khalid,TX,Cardiology,2023,107.94164232203043,1290.8769370778984,52470.0,7933,11.96
1023076270,Neilsen,David,GA,Family Practice,2022,118.6556015694,1419.345547514,280.0,261,11.96
1508020355,Castrejon,Oscar,NM,Family Practice,2023,90.68797815068001,1085.0386793466,648.0,580,11.96
1265875488,Yoo,Sun,CA,Internal Medicine,2022,69.30584216899999,828.8,141.0,103,11.96
1063437465,Trent,Daniel,WV,Family Practice,2023,132.54918503233333,1584.86,188.0,181,11.96
1235153040,Tarn,Derjung,CA,Family Practice,2023,63.0867022145,754.75,106.0,70,11.96
1457550717,Hutchison,Larry,WV,Family Practice,2023,101.0968246425,1208.2649999999999,117.0,117,11.95
1356316277,Hupp,Janelle,WI,Family Practice,2023,20.06241333275,239.689919355,422.0,386,11.95
1558896274,Becerra,Ivan,TX,Family Practice,2022,56.75795983054999,678.5,240.0,197,11.95
1982854980,Ballard,Patrick,AK,Family Practice,2023,90.13916563796,1077.1995759788,515.0,504,11.95
1538430285,Narayanasamy,Hemalatha,AZ,Cardiology,2022,41.61505503124865,497.4689461716216,4683.0,3753,11.95
1457872046,Radaideh,Moad,NY,Internal Medicine,2022,88.7171265135,1060.5264786275,1656.0,907,11.95
1174186787,Shelton,Meredith,VA,Family Practice,2023,93.21952222524999,1113.81,1065.0,727,11.95
1295116564,Chaltry,Justin,KY,Family Practice,2022,114.763833003,1371.886997515,130.0,127,11.95
1629178462,Kiser,Kylend,KY,Family Practice,2022,115.165639049,1376.492328145,533.0,508,11.95
1255415121,Velazquez,Eric,CT,Cardiology,2023,20.28840425525,242.5,108.0,105,11.95
1982638318,Phillips,Kenneth,WI,Cardiology,2022,33.541076884288884,400.76034858518517,4264.0,2833,11.95
1194809590,Woods,Roger,TN,Family Practice,2022,97.58898026466666,1166.1593380666666,403.0,377,11.95
1467651539,Tanaka-Esposito,Christine,OH,Cardiology,2022,98.5672086149875,1177.5037088362499,1952.0,1372,11.95
1104079185,Mister,Antonio,IL,Internal Medicine,2022,99.22112500166666,1185.8221067333334,646.0,344,11.95
1235444159,Singam,Deepthi,OH,Family Practice,2023,93.1603067485,1113.7209355825,303.0,181,11.95
1205889409,Corbett,Bernard,SC,Family Practice,2022,90.19512399276,1076.6565784999998,401.0,383,11.94
1619915378,Uyamadu,Nathan,AL,Internal Medicine,2023,68.49295277073334,817.4887978143333,271.0,237,11.94
1124367446,Johnson,Erik,OH,Internal Medicine,2023,85.85441418159999,1025.118,413.0,263,11.94
1598956971,Bunch,Christopher,KY,Family Practice,2022,72.96448965245,871.5217382955,939.0,844,11.94
1972678639,Fernandez-Becker,Nielsen,CA,Internal Medicine,2023,97.29800847454706,1161.4344598011764,508.0,489,11.94
1770550147,Bernardo,Salvatore,PA,Family Practice,2022,90.68119959266667,1082.5600237355557,814.0,460,11.94
1982720348,Henderson,Colin,CO,Family Practice,2022,122.021331542,1457.5,333.0,311,11.94
1326604851,Herman,Allan,NM,Family Practice,2022,100.85766199766668,1204.0,119.0,116,11.94
1568407781,Schocken,Douglas,NC,Cardiology,2023,6.116016323775,73.0,4196.0,3025,11.94
1003891813,Frelier,Steven,VA,Internal Medicine,2022,90.173457072,1075.5893647942855,1110.0,704,11.93
1265851562,Wellington,Jennifer,NC,Internal Medicine,2022,88.73314109027272,1058.7098930481818,283.0,271,11.93
1902005234,Corpus,Michael,AR,Family Practice,2023,90.05936948040001,1074.551084602,337.0,326,11.93
1770826612,Mcquillen,Ryan,IL,Internal Medicine,2023,94.0729537034,1122.126,192.0,170,11.93
1528005030,Congtang,Leno,LA,Family Practice,2022,102.4804888664,1222.363470468,811.0,758,11.93
1790834950,Kumar,Amit,KS,Cardiology,2022,59.49172865827273,709.7240233191818,4294.0,3294,11.93
1326150582,Chesoni,Solomon,SC,Cardiology,2023,57.103969145578944,681.0631578947368,2175.0,1509,11.93
1972034775,Vick,Brandon,AR,Family Practice,2023,73.83117875856668,881.0120330333333,327.0,323,11.93
1356456578,Piccione,Paul,NY,Internal Medicine,2023,97.6425499362143,1163.9362811671429,4189.0,1897,11.92
1235460080,Hernandez,Ernesto,TX,Internal Medicine,2023,93.484394329,1114.6475,738.0,650,11.92
1174780571,Gorantla,Saritha,MD,Internal Medicine,2023,122.60550285,1461.82003385,528.0,503,11.92
1134650633,Marcotte,Francois,AZ,Cardiology,2023,53.531419902821426,638.2639413489286,3631.0,3323,11.92
1568091890,Dang,James,OH,Internal Medicine,2023,93.4725,1113.81,233.0,140,11.92
1225292055,Wells,Lindsay,CA,Internal Medicine,2023,52.77938398966666,629.0,164.0,121,11.92
1790124733,Norman,Luke,TN,Family Practice,2023,125.90004522866667,1499.4228683000001,296.0,280,11.91
1659308179,Naqvi,Tasneem,AZ,Cardiology,2023,53.73844269926154,639.9376879515,2852.0,2710,11.91
1457872046,Radaideh,Moad,NY,Internal Medicine,2023,86.0945260192,1025.118,1339.0,713,11.91
1407016512,Sharma,Kshitij,VA,Internal Medicine,2023,94.6372306274,1127.458235248,1042.0,601,11.91
1629234745,Ma,Than,CA,Internal Medicine,2022,30.226645299857143,359.9143356642857,554.0,323,11.91
1487665931,Stuart,Lloyd,GA,Family Practice,2023,90.5155991104,1078.0,503.0,470,11.91
1760912869,Baalmann,Michelle,KS,Family Practice,2022,100.89461602514287,1201.9304511285716,1186.0,748,11.91
1194825620,Sleszynski,Raymond,FL,Family Practice,2022,103.0993958536,1227.99283388,484.0,447,11.91
1861885196,Ore,Lilian,CA,Family Practice,2023,61.155165913625,728.491279075,201.0,177,11.91
1437161221,Maldonado,Fabien,TN,Internal Medicine,2023,78.26058642727273,931.7893322209092,398.0,360,11.91
1811928302,Akusoba,Martin,OH,Internal Medicine,2022,76.41587769087499,910.0186067045,366.0,322,11.91
1144473661,Lott,Noah,AL,Family Practice,2022,93.41602689056,1112.56642844,500.0,492,11.91
1659393601,Rotich,Mark,IL,Internal Medicine,2022,109.52970672880001,1304.13529648,471.0,443,11.91
1205152105,Baird,Richard,TN,Internal Medicine,2023,69.67832202895,829.6516231925,257.0,245,11.91
1477648830,Faulx,Michael,OH,Cardiology,2023,75.75200916786875,901.789973345,4480.0,3748,11.9
1306956297,Shah,Manoj,MS,Cardiology,2023,71.18957196498249,847.1284151150751,12737.0,7272,11.9
1972723104,Judkins,Jeremiah,TN,Internal Medicine,2022,115.56146693175,1375.0999397,262.0,255,11.9
1902098460,Chelehmalzadeh,Mohammad,MN,Family Practice,2023,100.75545243033332,1199.4750194666667,472.0,443,11.9
1639159486,Somers,Virend,MN,Cardiology,2022,11.489389610233333,136.66666666666666,290.0,290,11.9
1003854738,Beaird,Brent,CA,Family Practice,2022,100.90746492106,1200.378310718,346.0,328,11.9
1871892117,Rao,Vijaya,IL,Internal Medicine,2023,175.9598127664,2093.076434659,240.0,230,11.9
1699930636,Anania,Mary,FL,Family Practice,2022,111.14928305190001,1322.5063787696,805.0,722,11.9
1396239257,Al Patty,Maisam,KS,Internal Medicine,2023,81.11469821755556,965.4118761377779,1251.0,730,11.9
1154381473,Adkins,Debra,FL,Family Practice,2022,109.0911490104,1297.2,235.0,225,11.89
1760489389,Paik-Nicely,Timothy,CA,Family Practice,2022,77.25065233235,918.5,525.0,488,11.89
1760423461,Awofadeju,Ayoola,IL,Internal Medicine,2023,111.700471056,1328.2564216825,481.0,453,11.89
1174673248,D'amore,Daniel,FL,Internal Medicine,2023,98.751486603525,1173.75,662.0,653,11.89
1831483155,Noyes,Adam,WA,Cardiology,2022,52.69495893062286,626.3084171680572,3861.0,3034,11.89
1750329140,Kizzart,Jerome,TX,Internal Medicine,2022,75.83873099375,901.9533235975,187.0,179,11.89
1750389953,Khemani,Anil,IL,Cardiology,2023,36.87443414346,438.0359705980666,1930.0,1503,11.88
1083278451,Sattaur,Ayesha,NJ,Family Practice,2023,84.35531290242857,1002.2865173914286,350.0,265,11.88
1922061423,Jindeel,Ayad,WI,Internal Medicine,2022,49.73849265633333,590.9093567255555,244.0,238,11.88
1356383624,Kovacs,Attila,MO,Cardiology,2023,34.82899088216,413.63194444466666,601.0,583,11.88
1225069461,Odoo Wani,Fredrick,NE,Family Practice,2022,99.31822700233333,1179.9430823666667,412.0,401,11.88
1982265344,Eubanks,Travis,MS,Family Practice,2022,80.8563194445,960.2111742425,111.0,107,11.88
1346509874,Newson,Shad,UT,Family Practice,2023,81.60031507988333,969.4279344208334,521.0,495,11.88
1962519892,Hanon,Samuel,NY,Cardiology,2023,80.7629232505654,959.4584486207693,6928.0,2763,11.88
1982647665,Pressley,Mark,TN,Family Practice,2022,72.65919008035,862.9852272749999,575.0,533,11.88
1518190503,Gillespie,Michelle,FL,Internal Medicine,2022,106.69818726666666,1267.3333333333333,395.0,389,11.88
1366856130,Kadhem,Salam,KS,Internal Medicine,2022,75.39503941066667,895.944444445,997.0,453,11.88
1184643165,Redlin,Mark,WA,Family Practice,2023,3.5908927203,42.666666666666664,190.0,150,11.88
1659338077,Horiuchi,Jonathan,NJ,Cardiology,2023,70.69096247551143,839.9499501118571,3437.0,2655,11.88
1922328335,Haile,Israel,TX,Internal Medicine,2022,72.90862125825001,866.3205904325,269.0,263,11.88
1538144126,Wiley,Brian,RI,Internal Medicine,2023,106.998475014,1269.8,971.0,934,11.87
1134357726,Gulyanich,Taras,NY,Internal Medicine,2022,92.26659688515001,1094.9955958916667,584.0,507,11.87
1700087665,Trivedi,Heather,NY,Cardiology,2023,46.36634872388889,550.3484385477778,470.0,417,11.87
1992159941,Dixit,Shalini,CA,Cardiology,2023,54.742560605840005,649.994292719,251.0,251,11.87
1134650633,Marcotte,Francois,AZ,Cardiology,2022,52.14148757656071,618.8411009089999,4263.0,3671,11.87
1205090156,Thompson,Deaunte,TN,Family Practice,2023,84.9310873654,1008.4,424.0,383,11.87
1346208840,Burleson,Grady,FL,Family Practice,2022,125.1188654465,1484.68363382,303.0,299,11.87
1518106764,Haghighi,Farzad,NY,Internal Medicine,2022,75.6974740064,897.7491764700001,201.0,118,11.86
1013151117,Saxena,Neil,NJ,Cardiology,2022,47.16203963803158,559.1801619756316,2609.0,1882,11.86
1881663722,Lozano,Pedro,WI,Cardiology,2023,40.94607702782381,485.6183154352381,3139.0,2533,11.86
1851492755,Thamilarasan,Maran,OH,Cardiology,2022,54.78978525012353,650.0501102982353,1963.0,1826,11.86
1659631117,Chittireddy,Zoya,TX,Internal Medicine,2022,79.12260004885715,938.34780288,669.0,443,11.86
1124112727,Nelson,Michael,TN,Family Practice,2022,94.17199929742,1116.95105264,992.0,885,11.86
1124224092,Wu,Lisa,WA,Family Practice,2023,3.6010666666666666,42.666666666666664,199.0,175,11.85
1811983356,Darnaby,Robert,IN,Family Practice,2022,42.92053237371053,508.6363157894737,44740.0,795,11.85
1790279255,Willing,Leah,WV,Family Practice,2023,91.2256843399,1081.06,613.0,594,11.85
1629316914,Corpuz,Viktor,PA,Family Practice,2022,80.31327946614284,951.3470951371429,748.0,447,11.85
1659509743,Milanes,Robert,CA,Family Practice,2023,113.10908519818,1340.4354970742,548.0,516,11.85
1457731572,Adeyemo,Mopelola,CA,Internal Medicine,2023,69.93657877475,828.75,145.0,121,11.85
1295768240,Stephen,Sindu,VA,Internal Medicine,2023,107.78262529766666,1277.0114942533335,179.0,164,11.85
1871561043,Insel,Jerald,MD,Cardiology,2022,84.63884381725,1002.9358370766874,4591.0,2357,11.85
1669641155,Strauss,Louis,LA,Family Practice,2023,93.1908241388,1104.2957116339999,763.0,506,11.85
1114275641,Cina,Anthony,NJ,Family Practice,2023,100.944260632875,1196.197970986,499.0,469,11.85
1396775185,Bodine,Christopher,IL,Cardiology,2023,37.50355136728695,443.9480840416087,2350.0,1877,11.84
1558781740,Onyenekwe,Josiah,AR,Family Practice,2023,98.731131704175,1168.72668670825,313.0,307,11.84
1831374131,Horowitz,James,NY,Cardiology,2023,86.95525808383333,1029.8333333333333,397.0,196,11.84
1497179626,Cao,Phu,TX,Family Practice,2022,83.16258911604545,984.9090909090909,527.0,462,11.84
1942245477,Oconnor,Anne,WI,Cardiology,2023,37.74700646454091,446.8730880245455,1780.0,1691,11.84
1912098781,Qureshi,Naseem,MS,Internal Medicine,2022,76.8010399095,909.1840655883334,428.0,291,11.84
1265483366,Hutchins,Jeffrey,TX,Family Practice,2022,88.46894310952,1047.7479421881999,826.0,695,11.84
1588602189,Logendra,Naren,GA,Internal Medicine,2023,100.0861394913,1184.84119095,453.0,440,11.84
1477518934,Park,William,KS,Internal Medicine,2022,95.64688804225,1132.2351485125,1267.0,653,11.84
1003101932,Hong,Feiyu,MD,Internal Medicine,2023,96.641115914,1144.1460000000002,1161.0,681,11.84
1174544787,Pop,Andreia,NV,Internal Medicine,2023,86.68084646679999,1025.118,605.0,383,11.83
1235403999,Landon,James,TN,Internal Medicine,2022,97.5707664114,1154.2614606774,416.0,372,11.83
1629366554,Ierovante,Nicholas,PA,Cardiology,2022,156.9444201122,1856.958496426941,1160.0,963,11.83
1174679237,Day,Mark,IL,Internal Medicine,2023,74.86257844125001,885.5,142.0,134,11.83
1922391440,Pedigo,Joshua,KY,Family Practice,2022,95.28258297133334,1127.6666666666667,136.0,135,11.83
1669693867,Foster,Corey,LA,Cardiology,2022,103.28129162216491,1221.982827434298,12251.0,4914,11.83
1780189324,Puhl,Kristin,WA,Family Practice,2023,3.607777777766666,42.666666666666664,219.0,149,11.83
1477506657,Adams,David,NY,Internal Medicine,2022,904.86843874375,10703.925611375,375.0,374,11.83
1700204765,Rodriguez,Rachel,CO,Family Practice,2022,41.755418254,494.0,153.0,132,11.83
1417242389,Tochikura,Keiko,CA,Family Practice,2022,32.69015605685556,386.67460317455556,339.0,215,11.83
1801889126,Glenn,Matthew,PA,Family Practice,2023,110.09932142825,1302.111752375,178.0,177,11.83
1578926705,Durrani,Shazia,OH,Internal Medicine,2023,96.09185332116665,1136.855645235,701.0,446,11.83
1154981082,Vallapureddy,Rangit Reddy,OH,Internal Medicine,2023,94.25846085875,1113.81,1007.0,563,11.82
1871107284,Acharya,Shraddha,VA,Internal Medicine,2023,94.19721698125,1113.81,179.0,119,11.82
1588227425,Aljaras,Rawan,OH,Internal Medicine,2023,87.80668809574999,1037.5191714175,236.0,140,11.82
1215248984,Aboutalib,Angela,IL,Internal Medicine,2023,98.85088322566666,1168.47,137.0,87,11.82
1740287614,Goetsch,Nicholas,IA,Family Practice,2022,136.9342877094,1619.06087642,420.0,386,11.82
1902812746,Pessanha,Breno,MN,Cardiology,2022,52.922251648144446,625.4755043817778,849.0,731,11.82
1982657391,Ghazal,Elie,OH,Internal Medicine,2022,72.56941896666666,857.6724212333334,518.0,226,11.82
1528622677,Azuero,Nadia,GA,Family Practice,2022,96.2789375,1138.4941666666666,114.0,109,11.82
1043218936,Monserrate,Ricardo,NY,Cardiology,2023,275.189038870975,3251.5325949,4648.0,3134,11.82
1003265422,Sayiner,Mehmet,MD,Internal Medicine,2023,81.5367488422,963.642,1216.0,750,11.82
1740260413,Hershey,Jeffrey,OH,Cardiology,2022,32.842081726555,387.83845078499996,2633.0,2327,11.81
1669473815,Hardison,Robert,KY,Family Practice,2022,90.6011963339,1070.1353400366668,133.0,132,11.81
1164834891,Pike - Hough,Michelle,AL,Family Practice,2023,86.79280113006,1024.90396266,631.0,606,11.81
1346391869,Bortnick,Anna,NY,Cardiology,2023,100.39337453673333,1185.6086789666667,177.0,141,11.81
1174545461,Ortiz,Francisco,TX,Family Practice,2022,73.750586488025,870.6753516,331.0,304,11.81
1760431837,Foster,Elyse,CA,Cardiology,2023,52.80162958824286,623.4271142542857,194.0,188,11.81
1487092656,Carter,Anthony,GA,Family Practice,2023,111.23170140875001,1313.603872225,619.0,599,11.81
1841240553,Noga,Joseph,PA,Internal Medicine,2023,91.53811890796001,1080.90151182,872.0,830,11.81
1649492463,Vance,Joshua,MI,Internal Medicine,2023,106.60728885925,1258.9603362,218.0,217,11.81
1437319308,Bannur,Manjunath,TX,Family Practice,2022,99.88750183066666,1179.6429587333334,122.0,118,11.81
1639156938,Lamm,William,MD,Family Practice,2022,66.19107601512499,781.13213228375,394.0,320,11.8
1245260561,Duddella,Padmaja,OH,Internal Medicine,2023,92.55003090214286,1092.3942857142858,632.0,456,11.8
1609161124,Christensen,Mark,AL,Family Practice,2023,96.29956653095999,1136.508594728,723.0,669,11.8
1972517860,Rahman,Ossama,SC,Cardiology,2022,90.92599366556153,1072.5530395103847,4363.0,3414,11.8
1528270824,Marcotte,Kendra,KS,Internal Medicine,2023,79.65600162928571,940.1101349571428,1121.0,689,11.8
1689603383,Alatriste,Anthony,FL,Family Practice,2023,93.6890561154,1105.28431237,1470.0,1332,11.8
1215142310,Frankel,Douglas,IL,Internal Medicine,2022,72.344309414,853.7929252480001,498.0,475,11.8
1982746376,Toth,Stephanie,OK,Family Practice,2023,86.23887680594001,1017.9007301074,398.0,389,11.8
1831536333,Petty,George,MS,Family Practice,2022,117.33993558125,1385.0,365.0,338,11.8
1457371627,Girgis,Michael,FL,Family Practice,2022,102.08049661238462,1204.1457795307692,1328.0,935,11.8
1770550147,Bernardo,Salvatore,PA,Family Practice,2023,110.72303735683333,1306.2668779333333,1134.0,661,11.8
1881759595,Kuprianowicz,Cezary,TX,Internal Medicine,2022,73.566219803125,867.881803825,249.0,231,11.8
1639649585,Battah,Hamdi,NC,Internal Medicine,2023,132.04758293066666,1557.7733333333333,572.0,531,11.8
1194831495,Dimitrov,Veselin,OH,Family Practice,2023,90.88681604133335,1071.4526016366667,330.0,304,11.79
1841460144,Patel,Amish,NJ,Cardiology,2022,74.5171508275207,878.8239113938965,3065.0,2111,11.79
1558822379,Allen,Tausha,ID,Internal Medicine,2022,104.349676796,1230.57666215,495.0,272,11.79
1215917430,Coolidge,Jonathan,TX,Family Practice,2023,102.72076173699999,1210.7728873333333,127.0,122,11.79
1184856312,Khan,Mohsin,WI,Cardiology,2022,65.98932048706364,777.9870129868182,1878.0,1320,11.79
1427346444,Abualsuod,Amjad,IL,Cardiology,2023,106.39247849646819,1254.2942943063636,4911.0,3353,11.79
1659477792,Senigala,Radharani,CA,Internal Medicine,2022,44.1901103023,521.14130435,753.0,468,11.79
1487665931,Stuart,Lloyd,GA,Family Practice,2022,91.45873998604,1078.0,409.0,403,11.79
1164427530,Thomas Brown,Angela,TX,Family Practice,2022,83.83601876316668,988.6851851833334,717.0,336,11.79
1851385371,Morsch,James,TX,Family Practice,2022,71.854324426575,847.1639574525,189.0,182,11.79
1427067511,Kandula,Vijayabhaskar,UT,Internal Medicine,2023,94.515093596,1113.81,185.0,113,11.78
1104140151,Rauch,Judah,NY,Cardiology,2022,239.69086053783334,2822.5,261.0,238,11.78
1437545761,Lock,Wallace,AR,Family Practice,2023,73.05025058013334,860.8421892666667,561.0,508,11.78
1144883174,Shockey,David,AZ,Family Practice,2022,83.48543429683333,983.0544500066667,417.0,405,11.78
1578123097,Donovan,Kevin,WI,Family Practice,2023,102.5292123619,1208.2649999999999,288.0,278,11.78
1427240324,Newman,Jonathan,NY,Cardiology,2022,34.007853598000004,400.5,243.0,116,11.78
1588199889,Snell,Jordan,WA,Family Practice,2023,75.55534924240001,889.5920454539998,383.0,189,11.77
1023351830,Shih,Timothy,IL,Internal Medicine,2023,43.380962810403844,510.77844507669226,2239.0,2030,11.77
1558781740,Onyenekwe,Josiah,AR,Family Practice,2022,93.70046564232,1103.2934325388,278.0,274,11.77
1659711950,Nguyen,Mai,IL,Family Practice,2022,116.755664579,1374.3333333333333,321.0,319,11.77
1649492463,Vance,Joshua,MI,Internal Medicine,2022,125.23512283150001,1473.6912828825,132.0,131,11.77
1255364055,Lau,Nancy,CA,Internal Medicine,2023,134.337251655,1581.0,162.0,155,11.77
1053545269,Akusoba,Eucharia,OH,Internal Medicine,2022,73.13706539066666,859.7933971266666,280.0,119,11.76
1104089945,Verma,Vivek,TX,Family Practice,2022,93.71984901557143,1101.7652856985715,1197.0,807,11.76
1285613323,Conklin,Donald,IA,Internal Medicine,2022,105.53969579549998,1240.82091966,716.0,653,11.76
1649479494,Khalil,George,TX,Internal Medicine,2022,94.6250074983,1113.006187562,445.0,387,11.76
1265473318,Debroekert,Dean,DE,Family Practice,2022,100.55402124166669,1182.07182659,176.0,164,11.76
1831203777,Cho,Sung Hee Leslie,OH,Cardiology,2023,104.51882643177777,1229.1930197366667,514.0,416,11.76
1790006229,Winchester,Sara,KS,Family Practice,2022,95.57165919071429,1124.1826087,1668.0,953,11.76
1760453211,Huntley,Mark,SC,Family Practice,2022,91.71652712928001,1078.3920681200002,702.0,624,11.76
1710987201,Pamidi,Madhavi,NJ,Cardiology,2022,119.67251126945484,1406.9871376551291,4783.0,3087,11.76
1710083605,Zhang,Xiaochun,VA,Internal Medicine,2022,67.4976450375,793.8756610365,420.0,137,11.76
1407821663,Pham,By,WA,Family Practice,2023,90.16277930133333,1059.9226024666666,394.0,378,11.76
1326465691,Mckinzie,Travis,TN,Family Practice,2022,110.27073565833332,1297.04505315,678.0,650,11.76
1225074586,Nowak,Paul,NY,Internal Medicine,2023,83.2116977915,977.5575909375,684.0,636,11.75
1659832335,Whitenton,John,VA,Family Practice,2023,82.60164836691999,970.7914784840001,264.0,257,11.75
1538480686,Richter,Stefan,CA,Internal Medicine,2023,175.93588235,2066.64,119.0,66,11.75
1275533804,Curd,Bryan,KY,Internal Medicine,2022,113.86550324966667,1337.6910173333333,201.0,197,11.75
1134415391,Abood,Adel,IL,Family Practice,2022,74.455950024325,874.7354909772499,257.0,249,11.75
1144287947,Reddy,Vijayabhasker,AR,Family Practice,2022,98.13943057032,1153.1396127924,444.0,437,11.75
1851352793,Engel,Mark,NC,Family Practice,2023,97.3294196038,1144.0,291.0,275,11.75
1487090700,Agosto,Anardi,NH,Internal Medicine,2023,132.02775551,1551.1162325,499.0,452,11.75
1174783336,Sethi,Sanjum,NY,Cardiology,2023,98.40360609785715,1156.6483516487144,615.0,490,11.75
1982158143,Jat,Asadullah,MD,Internal Medicine,2023,82.0366440594,963.642,985.0,618,11.75
1760912869,Baalmann,Michelle,KS,Family Practice,2023,98.1197735865,1151.4894845833333,1215.0,821,11.74
1588682785,Lynn,William,AR,Family Practice,2022,72.13759814229999,846.800751872,264.0,232,11.74
1801944277,Baheri,Mehran,CA,Internal Medicine,2022,113.010233859675,1326.25,877.0,832,11.74
1962945014,Batley,Nicholas,ZZ,Family Practice,2022,96.96882295766666,1138.30174277,630.0,603,11.74
1417927476,Alberts,Jeffrey,VA,Internal Medicine,2023,92.06012667936,1081.06,631.0,616,11.74
1770554941,Dodd,Kathleen,TN,Family Practice,2023,103.25961487156,1211.8,447.0,436,11.74
1962814061,Diaz,Andrew,TX,Family Practice,2023,109.860294246,1289.5,274.0,257,11.74
1508813700,Zurosky,Jeffrey,TN,Family Practice,2022,110.174794484,1293.8178671,817.0,791,11.74
1700976487,Earnest,Mark,CO,Internal Medicine,2023,37.1453329655,436.25,239.0,190,11.74
1487667481,Alaoua,Mohammad,WI,Cardiology,2023,49.817156993038886,584.6207372130556,7798.0,5562,11.74
1174673248,D'amore,Daniel,FL,Internal Medicine,2022,99.89292886175001,1172.1666666666667,768.0,756,11.73
1104874395,Parikh,Hiren,FL,Internal Medicine,2022,105.1268729942,1232.853000884,637.0,312,11.73
1366469991,Reyes,Jose,IL,Internal Medicine,2022,128.850021744,1511.0,655.0,573,11.73
1235460080,Hernandez,Ernesto,TX,Internal Medicine,2022,87.41239340725,1025.295,622.0,557,11.73
1255827614,Cha,Ming Han,OH,Internal Medicine,2022,112.097610500125,1315.4543975337501,560.0,536,11.73
1750470092,Gross,Jay,NY,Cardiology,2023,57.17379105088571,670.682968585,1041.0,786,11.73
1215950639,Rolfe,Charles,WA,Internal Medicine,2023,181.24333101000002,2125.3333333333335,127.0,121,11.73
1164743829,Larsen,Carolyn,AZ,Cardiology,2022,44.34364325129412,519.9347138750588,4837.0,3886,11.73
1942286539,Palmer,Gilbert,OH,Family Practice,2022,83.06733760683333,973.4346153846667,198.0,188,11.72
1952833311,Weeks,Daniel,KY,Family Practice,2022,96.293881291,1128.1562349399999,385.0,364,11.72
1073579314,Twyman,Carol,LA,Internal Medicine,2022,82.49628128118333,966.5958454833332,411.0,385,11.72
1649443607,Willis,Amber,SC,Family Practice,2022,116.04361135075001,1360.132219825,275.0,260,11.72
1629025895,Sabowitz,Brian,WA,Internal Medicine,2022,94.5049157976,1107.508224446,381.0,361,11.72
1679701023,Pearson,Kenneth,WV,Family Practice,2023,92.19573051824,1080.85727422,820.0,779,11.72
1003813833,Pace,Mark,OH,Cardiology,2023,34.11425646763158,399.686256368421,1904.0,1660,11.72
1023351830,Shih,Timothy,IL,Internal Medicine,2022,40.9494158166,479.79242641175,2446.0,2173,11.72
1871640599,Hussain,Zakir,NH,Family Practice,2023,118.9251125685,1393.4060835999999,180.0,160,11.72
1073520128,Ziada,Khaled,OH,Cardiology,2023,126.08010791317648,1477.2405234429411,852.0,766,11.72
1225026768,Maulfair,Mitchell,FL,Family Practice,2022,99.50390127018,1164.956391446,574.0,555,11.71
1598388167,Lin,Michael,IN,Family Practice,2023,105.2867835495,1232.5,116.0,116,11.71
1164840591,Anand,Vidhu,WI,Cardiology,2023,43.69227305086087,511.6539063113043,1293.0,1203,11.71
1407141591,Tumolo,Alexis,CO,Cardiology,2023,108.2970223985565,1268.0271739130435,2208.0,1542,11.71
1982624748,Wall,Chris,AR,Family Practice,2022,87.69824349472,1026.9788556416001,1129.0,1083,11.71
1447237110,Mcdonald,Frederick,MD,Family Practice,2022,90.10848324986,1055.0729784179998,772.0,710,11.71
1891085148,Olson,Kristoff,CA,Cardiology,2023,60.803169555400004,711.7850876675001,434.0,373,11.71
1407860422,Stevens,Shana,KS,Internal Medicine,2023,84.6816102122,991.54,261.0,139,11.71
1326244666,Confino,Jason,PA,Cardiology,2023,34.92816178370953,409.0446886447619,2456.0,2129,11.71
1144584129,Ternus,Bradley,MN,Cardiology,2022,44.38753524906316,519.7684210526317,1677.0,1597,11.71
1902335565,Awad,Khaled,MD,Internal Medicine,2023,86.63508978499999,1013.9499999999999,1193.0,684,11.7
1629457023,Reddy,Prajwal,FL,Cardiology,2022,56.96306486472221,666.3790970483333,940.0,792,11.7
1124516018,Colon,Christine,TN,Family Practice,2023,85.10784164493333,996.0,206.0,184,11.7
1871931568,Hannah,Wilson,MS,Cardiology,2023,59.5725,697.02,130.0,107,11.7
1417913609,Carr-Locke,David,NY,Internal Medicine,2023,131.37215490246666,1537.0,674.0,607,11.7
1326366600,Garey,Casey,TX,Family Practice,2022,90.00033055046,1053.1528071086,534.0,496,11.7
1588750970,Hussain,Syed,FL,Family Practice,2022,56.002112830342305,655.4417647753039,3372.0,898,11.7
1306280094,Imam,Ayesha Mallick,OH,Internal Medicine,2023,105.38551210333333,1232.7833333333333,246.0,132,11.7
1811928302,Akusoba,Martin,OH,Internal Medicine,2023,72.3555705183,846.2071034134999,237.0,231,11.7
1841780806,Nwoye,Chisom,TX,Family Practice,2022,78.98819174575,924.2654105133333,280.0,262,11.7
1245400290,Syed,Muneer,IL,Family Practice,2022,77.7937194466,910.2,549.0,325,11.7
1902326218,Ali,Sara,MI,Internal Medicine,2023,101.4753626908,1187.526,332.0,230,11.7
1962418160,Hogan,Matthew,TX,Family Practice,2023,90.84210682643,1061.8423316467001,614.0,506,11.69
1609801109,Qasim,Atif,CA,Cardiology,2022,71.62014748798,837.1178130300001,1250.0,1153,11.69
1790731628,Pottratz,Scott,GA,Internal Medicine,2023,98.68237619307502,1153.5,689.0,644,11.69
1326308263,Cantu,Conrado,TX,Family Practice,2023,114.48525171025001,1338.350174505,269.0,257,11.69
1649599317,Alimi,Adebisi,WI,Internal Medicine,2023,79.93415713337778,934.74522467,502.0,397,11.69
1639648421,Sahota,Guneet,PA,Internal Medicine,2023,92.968234641,1086.7266666666667,208.0,195,11.69
1427141902,Lincoff,Abraham,OH,Cardiology,2023,126.49551964507143,1478.5490548678572,638.0,538,11.69
1588197867,Barrick,Joshua,MI,Family Practice,2022,89.0829125062,1040.967789616,308.0,299,11.69
1437588019,Scharko,Helen,AL,Family Practice,2023,66.29712994375001,775.2971966499999,161.0,152,11.69
1740400647,Dobler,Kimberly,OH,Family Practice,2023,31.137120609200004,363.904265402,564.0,435,11.69
1316592413,Shabanpour,Jafar,MD,Internal Medicine,2023,108.07968772066666,1262.7233333333334,679.0,314,11.68
1538302344,Samuel,Krystal,OR,Internal Medicine,2022,44.128325636525005,515.625,621.0,577,11.68
1306956297,Shah,Manoj,MS,Cardiology,2022,66.66877873130754,778.9341617555472,13337.0,7502,11.68
1639167976,West,Harold,FL,Family Practice,2022,99.69164269222001,1164.8080028186,685.0,655,11.68
1750355525,Olson,Paul,VA,Internal Medicine,2023,96.081836303,1122.2425,859.0,579,11.68
1659768182,Fay,Patrick,WI,Internal Medicine,2023,98.34207597566667,1148.3333333333333,236.0,133,11.68
1477113926,Jhun,Michelle,IL,Family Practice,2023,98.42999999999999,1149.6666666666667,117.0,114,11.68
1689633596,Zarich,Stuart,CT,Cardiology,2023,36.242543463,423.1473142857143,223.0,210,11.68
1588602189,Logendra,Naren,GA,Internal Medicine,2022,92.31494815854,1078.0,363.0,353,11.68
1568858959,Hasychak,John,NH,Family Practice,2023,146.233717425,1708.5,333.0,311,11.68
1891056594,Pagano,Joseph,NJ,Internal Medicine,2023,96.3888949072,1126.303453,598.0,531,11.68
1275892119,Chande,Neha,CA,Family Practice,2022,78.6534304948,918.4,150.0,126,11.68
1124079611,Jones,John,TX,Family Practice,2022,95.49327228685999,1113.9339913,491.0,452,11.67
1700879384,Kojoglanian,Samuel,CA,Cardiology,2022,135.72660518833334,1583.3333333333333,331.0,166,11.67
1245264829,Martin,Mary,FL,Family Practice,2023,102.88058581825,1201.12727845,974.0,873,11.67
1477596104,Ashraf,Syed,VA,Internal Medicine,2022,96.7322680412857,1129.1936092557141,1070.0,490,11.67
1760443063,Hubbard,Derek,WI,Family Practice,2023,60.42694150415833,705.3122076023333,560.0,499,11.67
1376628149,Greenberg,Mark,NY,Cardiology,2022,228.12337205885714,2662.8571428571427,226.0,214,11.67
1972615771,Naing,Win,CA,Internal Medicine,2023,43.029821426666665,502.0,430.0,261,11.67
1164712550,Lowe,Eddie,TX,Family Practice,2022,74.30187635,867.099266975,185.0,176,11.67
1164732038,Miah,Bahar,FL,Family Practice,2023,103.99359710537499,1214.06298681125,798.0,770,11.67
1851352793,Engel,Mark,NC,Family Practice,2022,101.845102171,1188.6,294.0,280,11.67
1003807892,Nwosu,Chukwuemeka,MD,Family Practice,2022,151.373090475,1765.34768285,167.0,163,11.66
1861457624,Debaun,John,KS,Internal Medicine,2022,98.15662654266667,1144.3848133833333,1045.0,558,11.66
1215324140,Pearson,David,TX,Family Practice,2023,63.204785380400004,736.946479804,413.0,389,11.66
1225655574,Shah,Prajwol,MD,Internal Medicine,2023,108.27004016066667,1262.7233333333334,214.0,109,11.66
1669823423,Hamidi,Emrys,SC,Family Practice,2022,95.47101261666667,1112.79590906,289.0,263,11.66
1790758894,Sheedy,Michael,IL,Family Practice,2023,40.728641148918186,474.7027193942273,1090.0,873,11.66
1174020473,Ruth,Nicholas,AL,Family Practice,2023,100.05832548578,1166.28569206,546.0,512,11.66
1750355525,Olson,Paul,VA,Internal Medicine,2022,100.13296682490909,1166.2734587563637,1013.0,690,11.65
1912904475,Lileas,Michael,OH,Internal Medicine,2023,71.11235346758333,828.1666666666666,620.0,572,11.65
1215377734,Kisang,Gilbert,KS,Internal Medicine,2022,86.2881001692,1005.29514564,992.0,499,11.65
1235108317,Pornoy,Geoffrey,KY,Internal Medicine,2023,61.70138836556,719.0849761912,567.0,518,11.65
1154582799,Louvring,Soren,AR,Family Practice,2022,90.59767246922857,1055.7142857142858,603.0,530,11.65
1659803286,Hyde,Jacquelyn,CA,Family Practice,2022,8.28804398468,96.52000000000001,135.0,109,11.65
1033370077,Armbruster,Adam,MN,Family Practice,2022,69.70548317066667,811.5,196.0,145,11.64
1710979349,Kendrick,Roy,TX,Family Practice,2022,95.88166326574,1115.644557806,281.0,254,11.64
1962814061,Diaz,Andrew,TX,Family Practice,2022,111.31256343675,1295.4533871925,259.0,240,11.64
1154882702,Fondong,Azingala,MS,Family Practice,2022,62.63239897025,728.75,142.0,141,11.64
1922410794,Jamot,Sehrish,NY,Internal Medicine,2023,136.811203836,1592.79986416,144.0,126,11.64
1750371902,Balewick,Donna,PA,Family Practice,2023,114.45145023575,1331.705,282.0,262,11.64
1164471546,Tarakji,Hossam,WV,Internal Medicine,2022,83.25565260678572,969.3550109585714,620.0,595,11.64
1467985549,Zegeye,Berhanu,SC,Internal Medicine,2023,125.06663594,1456.3364055,217.0,212,11.64
1306150446,Orellana,Melinda,CA,Family Practice,2023,6.98,81.25,281.0,124,11.64
1245400290,Syed,Muneer,IL,Family Practice,2023,62.8513348544,730.8,386.0,259,11.63
1518948090,Li,Yan,MA,Internal Medicine,2023,29.929215503080002,348.069271756,264.0,217,11.63
1417268657,Girgis,Magdy,MD,Internal Medicine,2022,91.218792186,1061.0927531,1587.0,937,11.63
1518927193,Andreu,Erick,FL,Family Practice,2022,156.45335432333334,1820.0544278,129.0,122,11.63
1033571799,Iwelunmor,Anthony,GA,Family Practice,2023,88.67012139494,1031.2529898292,802.0,753,11.63
1528380243,Mandadi,Goutham,VA,Internal Medicine,2023,90.60755005019999,1053.6,489.0,290,11.63
1972554699,Wingate,Harry,GA,Family Practice,2023,83.42784652325,970.0012745,191.0,189,11.63
1104278852,Hoile,Robin,OK,Family Practice,2022,128.74796428925,1497.1199705325,417.0,395,11.63
1295905370,Khan,Malik,NJ,Internal Medicine,2023,103.03091857650001,1198.705,1086.0,839,11.63
1548234164,Stoiber,Thomas,WI,Cardiology,2022,50.79643451215334,591.0084527153334,1620.0,1220,11.63
1184878639,Sunkavalli,Pallavi,AL,Internal Medicine,2023,76.73725430578573,891.9427501385715,808.0,748,11.62
1558321331,Kavonian,Gary,TX,Internal Medicine,2022,91.8762003212,1067.9303707612,475.0,447,11.62
1912988965,Pannocchia,Luis,TN,Family Practice,2023,60.080905449750006,697.980769225,168.0,124,11.62
1194768838,Roques,Jaime,DE,Internal Medicine,2023,113.8558772405,1323.4704784875,310.0,289,11.62
1366894370,Janjua,Jamal,WI,Cardiology,2022,44.1166651468,512.794405594,279.0,270,11.62
1881620870,Hull,Robert,GA,Internal Medicine,2023,101.248447798575,1176.90802639725,403.0,399,11.62
1467061606,Aljadba,Iyad,PA,Internal Medicine,2023,95.8627936325,1113.81,439.0,291,11.62
1649476888,Saher,Wesley,VA,Family Practice,2023,112.1891777875,1303.772905405,380.0,354,11.62
1407979255,Loaiza,Jose,TX,Family Practice,2022,92.00987613686,1068.746334018,428.0,411,11.62
1669667952,Mba,Farley,TX,Family Practice,2022,81.83761542536666,950.5818718716667,674.0,594,11.62
1255524419,Kalva,Nikhil,IL,Internal Medicine,2022,87.744618648395,1019.6622817771,975.0,921,11.62
1568919157,Catala Rivera,Patricia,CA,Family Practice,2023,64.7806095486,753.0,382.0,299,11.62
1669567210,Garcia,Mario,NY,Cardiology,2023,47.5131677756875,551.6736108165,796.0,716,11.61
1780112979,Visakan,Sharanya,NY,Family Practice,2022,95.78811436845999,1112.3201304049999,369.0,356,11.61
1720045636,Tincher,Larry,OH,Family Practice,2023,70.60663431995,819.93569995375,280.0,261,11.61
1700147238,Taka,Nchang,GA,Cardiology,2022,76.64778899899092,889.7034613377728,1146.0,834,11.61
1205152105,Baird,Richard,TN,Internal Medicine,2022,95.5301026903,1108.7668617682,308.0,296,11.61
1457665994,Bingham,John,SC,Family Practice,2022,95.08184136664,1103.4635125102,558.0,474,11.61
1689856635,Dharawat,Amita,CA,Cardiology,2023,60.82938274585714,706.3018488914286,450.0,389,11.61
1013050202,Birrer,Richard,PA,Family Practice,2023,113.61013513500001,1318.6926526500001,128.0,127,11.61
1629044433,Bieker,Jody,KS,Family Practice,2023,87.73749269114,1019.0,386.0,364,11.61
1316067382,Yeropoli,Dean,OH,Internal Medicine,2023,83.69056526075,971.90788963875,1665.0,1335,11.61
1790006229,Winchester,Sara,KS,Family Practice,2023,99.739581419,1157.8761112916666,1511.0,1014,11.61
1619910635,Royce,Jeffrey,IL,Family Practice,2022,65.941302971,765.6315789466667,211.0,73,11.61
1851354229,Godard,Michael,NC,Family Practice,2023,136.49131106466666,1584.86,414.0,393,11.61
1922328335,Haile,Israel,TX,Internal Medicine,2023,69.122037815,802.5,108.0,103,11.61
1699025171,Altamimi,Amani,NV,Internal Medicine,2023,88.3786194212,1025.098890322,517.0,292,11.6
1184007957,Shehzad,Abdul,OH,Internal Medicine,2023,95.54204814514286,1108.4226421214285,774.0,508,11.6
1518133776,Pervaiz,Sajid,OH,Family Practice,2023,91.53317969902,1061.456158034,846.0,743,11.6
1376862938,Abdi Moradi,Sohail,CA,Internal Medicine,2023,51.11166048870909,592.8211785681818,474.0,433,11.6
1598376402,Omar,Noha,MD,Internal Medicine,2023,95.97771471975,1113.81,318.0,168,11.6
1033522610,Waring,Ashley,SC,Cardiology,2022,56.070611991217646,650.543063742353,1323.0,1248,11.6
1922445394,Hawthorne,Annalisa,OR,Family Practice,2023,44.328457255000004,514.0,195.0,129,11.6
1235411190,Collier,Patrick,OH,Cardiology,2023,64.85552168893157,752.515818141579,2177.0,2014,11.6
1437447851,Hinkin,Stephen,KS,Internal Medicine,2022,92.07031623457144,1068.4161019914286,1183.0,700,11.6
1831293836,Edwards,Jamie,WI,Family Practice,2023,49.53631105162778,574.5790794022222,1310.0,941,11.6
1861468480,Rivero,Richard,KS,Internal Medicine,2022,88.2955686948,1023.251320094,1186.0,604,11.59
1114919404,Qadir,Ehsan,KY,Internal Medicine,2023,67.06059257795,777.3586444150001,169.0,154,11.59
1528030145,Lynders,William,CT,Family Practice,2022,104.668800941,1212.84810403,282.0,277,11.59
1316980253,Anderson,Dennis,FL,Family Practice,2022,109.6662100026,1271.2,708.0,674,11.59
1457308876,Delguzzo,Luciano,NY,Cardiology,2022,20.557974004433333,238.33333333333334,229.0,211,11.59
1124632930,Subedi,Yogesh,MD,Internal Medicine,2023,96.08099512675,1113.81,461.0,288,11.59
1366567372,Webster,Brian,OH,Internal Medicine,2023,102.59305649066668,1187.9239506333333,534.0,327,11.58
1235543794,Gittens,Sasha,MA,Family Practice,2023,8.8764285715,102.75,115.0,57,11.58
1609894419,Beets,Billy,OK,Family Practice,2022,76.552411915575,886.405596178,304.0,291,11.58
1417995739,Ray,Daniel,KY,Internal Medicine,2023,81.91873028163333,948.8219293666667,632.0,590,11.58
1497761407,Lustbader,Ian,NY,Internal Medicine,2022,120.65017811933124,1396.625,1723.0,1393,11.58
1548557275,Shah,Manish,AZ,Internal Medicine,2022,83.18198462775,963.062481005,293.0,281,11.58
1962841130,Sumanam,Phaniram,PA,Internal Medicine,2023,108.67666666666666,1257.9646506333333,132.0,125,11.58
1962817742,Young,Laura,OH,Cardiology,2023,160.9918766203125,1863.489853466875,797.0,736,11.58
1205047255,Choudhury,Suman,TX,Family Practice,2022,89.40649696809001,1034.9287596468998,724.0,696,11.58
1508828641,Bustamante,Hanzy,TX,Internal Medicine,2023,87.198302773,1010.1468999320001,768.0,422,11.58
1669497434,Teka,Samson,WV,Internal Medicine,2022,104.38351041335,1208.2649999999999,202.0,200,11.58
1962742999,Price,Phillip,OK,Family Practice,2022,69.42899471218,803.7479374116,296.0,280,11.58
1942373980,Woodard,Charles,LA,Cardiology,2022,37.124338781300004,429.8,482.0,334,11.58
1992717110,Newcomb,John,AL,Family Practice,2023,83.02144670833333,961.0,126.0,124,11.58
1295232684,Johnson,Christopher,GA,Family Practice,2023,87.53071252775,1012.905711745,818.0,425,11.57
1881895001,Patel,Hashmukh,NJ,Internal Medicine,2023,112.7853785428,1304.376,627.0,398,11.57
1386937415,Haddix,Melissa,KY,Family Practice,2023,97.147175013275,1124.25,225.0,207,11.57
1033406236,Wise,Marshall,SC,Family Practice,2022,96.151164305,1112.7256203266668,1256.0,1187,11.57
1497094353,Ali,Mays,FL,Cardiology,2023,68.19186621092308,789.1538461538462,480.0,448,11.57
1629366554,Ierovante,Nicholas,PA,Cardiology,2023,132.72809567905,1534.284467551111,1242.0,1113,11.56
1467447763,Soukas,Peter,RI,Cardiology,2022,163.79822651583333,1893.9631944433334,730.0,625,11.56
1376924472,Brannum,John,VA,Family Practice,2022,101.78448579475,1176.625,398.0,375,11.56
1275599565,Saltz,Stephen,FL,Cardiology,2022,48.83621323725,564.366193548385,2670.0,1396,11.56
1558394486,Finley,Paul,KY,Family Practice,2023,63.71268001955714,736.5714285714286,1410.0,1264,11.56
1306912035,Schoenfelder,Ellen,OR,Family Practice,2023,91.7894522092,1060.633262118,240.0,165,11.56
1649359944,Kanj,Ghassan,WV,Internal Medicine,2022,107.16967980175,1239.1686665725001,300.0,156,11.56
1205047255,Choudhury,Suman,TX,Family Practice,2023,91.26331410175715,1054.995524481,296.0,277,11.56
1942344510,Klimowicz,Maryida,VA,Internal Medicine,2023,125.268910135,1447.79,299.0,289,11.56
1346220076,Annett,Thomas,TX,Family Practice,2022,102.0221375774,1179.855395544,289.0,283,11.56
1740268002,Mehlhaus,Brian,IA,Family Practice,2023,89.29300992116667,1032.5,132.0,123,11.56
1033422043,Mchardy,Jennifer,TN,Family Practice,2022,114.354276632,1322.219806775,281.0,274,11.56
1396724431,Jafferi,Ghulam,FL,Internal Medicine,2022,114.44496274096,1323.0,515.0,477,11.56
1124550819,Ifejiagwa,Chinedu,MS,Family Practice,2023,66.02283493675,763.25,478.0,437,11.56
1144781683,Arre,Hasina,MS,Internal Medicine,2022,63.20072252775,729.8197802365,134.0,133,11.55
1770583643,Panther,Robert,WI,Cardiology,2023,48.13393657872187,556.08423913125,3342.0,2979,11.55
1134625080,Stoll,John,AZ,Internal Medicine,2023,91.56450652240001,1057.633402512,623.0,414,11.55
1700276680,Alavi,Diana,NY,Internal Medicine,2023,112.97524412319999,1304.376,1039.0,681,11.55
1306150446,Orellana,Melinda,CA,Family Practice,2022,7.035482341925,81.25,251.0,114,11.55
1619133774,Little,Kathryn,MO,Family Practice,2023,88.5122726436,1022.68033732,428.0,415,11.55
1922155357,Sivaraj,Thamotharampillai,FL,Internal Medicine,2022,132.628774969,1531.953258775,307.0,294,11.55
1477075893,Soin,Sarthak,ZZ,Internal Medicine,2023,84.05600155399999,971.0500000000001,564.0,388,11.55
1376006056,Likaj,Lorena,NV,Family Practice,2022,82.895,957.235,159.0,74,11.55
1538146626,Jaffe,Allan,MN,Cardiology,2023,25.07733942009,289.6463939168,15086.0,11538,11.55
1336176445,Marshall,Donald,AL,Family Practice,2022,95.64983848691666,1104.8754135185,302.0,293,11.55
1740770759,Fiaz,Bilal,GA,Family Practice,2023,92.18769149831999,1064.6014417208,422.0,407,11.55
1164443107,Sidique,Yusuf,PA,Internal Medicine,2022,115.34441133725,1331.705,155.0,151,11.55
1497715304,Van Middlesworth,Frank,NC,Family Practice,2022,72.02463756514999,831.8675366175,197.0,174,11.55
1396775185,Bodine,Christopher,IL,Cardiology,2022,34.90680101905,402.70228836895456,3203.0,2220,11.54
1962483016,Hackman-Quinty,Susan,SC,Family Practice,2023,68.7136916734,792.615285522,1416.0,1335,11.54
1659433126,Schmuter,Elena,NY,Internal Medicine,2023,101.81793851181818,1174.680537360909,4691.0,1612,11.54
1467426825,Nakasato,Karen,KY,Internal Medicine,2022,89.80114724038,1036.0660457620002,651.0,586,11.54
1104261106,Varghese,Sarat,CA,Family Practice,2023,100.85277380966666,1163.5333333333335,131.0,87,11.54
1376937649,Kane,Bradley,CA,Cardiology,2023,116.66103959750001,1346.75,199.0,171,11.54
1558329458,Abdulmagid,Ayman,FL,Internal Medicine,2023,103.79184337352501,1198.0681308765,688.0,656,11.54
1962409433,Rhea,Robert,TN,Family Practice,2022,94.00886802233333,1084.8449302333333,188.0,162,11.54
1437161221,Maldonado,Fabien,TN,Internal Medicine,2022,91.22731595533332,1053.0486111108332,370.0,345,11.54
1518080985,Donnino,Robert,NY,Cardiology,2023,62.52763348975833,721.4034148753334,10990.0,497,11.54
1841376571,Ferrari,Victor,PA,Cardiology,2023,36.964921107,426.69739343321424,3387.0,2722,11.54
1609855857,Hardin,Joel,GA,Cardiology,2022,70.95923016976666,819.025576175,254.0,245,11.54
1053347054,Shin,Joong,OH,Internal Medicine,2023,83.146390492875,959.807814425,1727.0,1315,11.54
1952370587,Smith,Devon,TN,Internal Medicine,2022,94.40280206116667,1089.3333333333333,479.0,217,11.54
1578093647,Moran,James,PA,Family Practice,2023,65.8249986222381,759.134839190381,3785.0,2330,11.53
1467403451,Wright,Kolan,NM,Family Practice,2023,62.33666156982,718.8613083664001,1118.0,1033,11.53
1952781999,Jang,Jennifer,CA,Internal Medicine,2023,52.73000897975,607.875,387.0,248,11.53
1215377734,Kisang,Gilbert,KS,Internal Medicine,2023,88.4731930054,1020.2207317,1170.0,666,11.53
1356439756,Cornette,Victoria,OH,Internal Medicine,2023,32.99146015866666,380.3333333333333,366.0,305,11.53
1992295349,Patel,Biren,NJ,Cardiology,2023,84.22782453157143,971.4285714285714,981.0,438,11.53
1922230135,Abdalla,Majdi,NJ,Internal Medicine,2023,110.57039215666667,1274.4713725333334,217.0,91,11.53
1043272057,Helsten,Robert,TX,Family Practice,2023,38.8097270115,447.4655655695,178.0,116,11.53
1659384576,Malone,Michael,FL,Cardiology,2022,71.49264928369666,824.6016053754666,1690.0,1205,11.53
1396187522,Grewal,Deepinder,NC,Internal Medicine,2023,96.96348641483333,1118.4451940266665,1455.0,1003,11.53
1225061625,Cavallin,Geffrey,WI,Internal Medicine,2022,81.813989384,943.125,208.0,204,11.53
1164431284,Ketha,Siva,NC,Cardiology,2022,120.0249348172875,1383.0416666666667,985.0,848,11.52
1780688317,Tordzro,William,WI,Family Practice,2022,107.6690439246,1240.54285714,409.0,371,11.52
1487997185,Ezekiel,Clinton,MS,Internal Medicine,2023,98.28174699466666,1132.6045152583333,450.0,300,11.52
1265540264,Gregg,David,SC,Cardiology,2023,51.764099128975,596.15,2884.0,2612,11.52
1578903662,Muneer,Salmaan,TX,Family Practice,2022,111.2213354918,1281.058625894,495.0,469,11.52
1932149200,Malenka,David,NH,Cardiology,2022,35.74606004177059,411.8765442717647,1533.0,1358,11.52
1124076336,Malik,Ghazala,OH,Internal Medicine,2023,92.26172337268,1062.50832784,673.0,633,11.52
1336585710,Mohsin,Saadia,NJ,Family Practice,2023,120.09740038119999,1381.8,356.0,344,11.51
1508811902,Lukban,Fulton,MD,Internal Medicine,2023,115.71662760725,1331.705,822.0,781,11.51
1265608038,Mahmoud,Nevine,OH,Family Practice,2022,91.25120746225001,1050.4615174601668,397.0,385,11.51
1053453142,Borst,Ellen,KS,Family Practice,2023,88.913366788,1023.40211466,1313.0,748,11.51
1750311932,Merry,Steven,WI,Cardiology,2023,48.24618528785883,555.3033936651764,2459.0,884,11.51
1548204951,Ratcliff,Steven,TN,Family Practice,2022,95.04237450199999,1094.2592048733334,367.0,332,11.51
1881941870,Ribeiro,Monica,NY,Internal Medicine,2023,92.4741774956,1064.7376861999999,782.0,445,11.51
1922278852,Snead,Thomas,OH,Family Practice,2023,90.90003849348334,1045.941679326,728.0,702,11.51
1104231216,Gedela,Maheedhar,KS,Cardiology,2022,73.34917686644445,844.1994301955556,181.0,177,11.51
1861470387,Andrews,Gregory,IL,Internal Medicine,2022,7.9903471794,92.005,891.0,568,11.51
1881663722,Lozano,Pedro,WI,Cardiology,2022,44.48800195439,511.42439788350003,2878.0,2278,11.5
1710187018,Tattersall,Matthew,WI,Cardiology,2023,38.484665187388885,442.43333333333334,434.0,346,11.5
1497118244,Hijazi,Ahmad,MI,Internal Medicine,2023,147.22261905,1692.8763792999998,239.0,234,11.5
1912469362,Simon,Emily,AR,Family Practice,2023,73.9565903557,850.470251979,128.0,123,11.5
1306005350,Mattina,Deirdre,OH,Cardiology,2023,40.476848586069565,465.3533755295652,1903.0,1753,11.5
1023472982,Holt,Daniel,KY,Family Practice,2022,88.80424999544,1021.5,395.0,335,11.5
1316306517,Yoon,Bliss,CT,Family Practice,2022,126.579593719,1455.47076405,430.0,414,11.5
1265424741,Barnes,Layne,ID,Family Practice,2022,97.0204323994,1115.9678498919998,187.0,154,11.5
1124068325,Rahmanian,Bobak,FL,Internal Medicine,2023,95.9392921875,1103.1285026419998,273.0,270,11.5
1184005910,Reid,James,IL,Family Practice,2023,91.4006116656,1050.7774426086,337.0,319,11.5
1508959685,Chesser,William,OK,Family Practice,2023,10.413812301555556,119.66666666666667,681.0,473,11.49
1992267512,Leschisin,Samuel,IL,Family Practice,2023,126.76638035433332,1456.3333333333333,215.0,213,11.49
1033485057,Kang,Guson,CA,Cardiology,2022,133.0867382434,1529.713756633333,106.0,103,11.49
1427006436,Meade,Robert,FL,Family Practice,2023,61.82824674108,710.4,357.0,344,11.49
1609261932,Patel,Jaimin,AL,Internal Medicine,2023,91.52509531449999,1051.2105263625,1127.0,682,11.49
1750578779,Gujja,Usha,TX,Internal Medicine,2022,135.696719455,1558.58,196.0,188,11.49
1194743658,Nelson,David,LA,Family Practice,2023,78.53032502368572,902.5547555937143,440.0,379,11.49
1023186566,Guerrero,Mayra,MN,Cardiology,2022,277.63915412973,3190.41197321,429.0,328,11.49
1619471182,Hinson,Kevin,KY,Internal Medicine,2023,101.42538563463332,1165.295515395,462.0,447,11.49
1881651644,Otero,Jorge,CT,Internal Medicine,2023,86.0908104958,989.1036462086666,111.0,106,11.49
1972914141,Mantri,Neha,CA,Cardiology,2022,31.534106805433332,362.4122250111111,341.0,321,11.49
1255655825,Mcdowell,Michael,VA,Family Practice,2023,138.10039548966668,1584.86,405.0,389,11.48
1407016512,Sharma,Kshitij,VA,Internal Medicine,2022,91.71324680500001,1053.23106087,595.0,426,11.48
1104874395,Parikh,Hiren,FL,Internal Medicine,2023,95.4113001206,1095.757842732,835.0,533,11.48
1568879476,Kardar,Ahmed Abdul Hafeez,VA,Internal Medicine,2022,101.98019455725,1171.04520510875,1034.0,646,11.48
1356399208,Escobedo-Morse,Antonio,WI,Family Practice,2022,56.504718863137036,648.4931485966667,2621.0,1708,11.48
1730352998,Martin,Kory,TX,Family Practice,2022,90.69360545266666,1041.1161048699998,262.0,244,11.48
1427687243,Seepersad,Dale,MD,Internal Medicine,2023,97.035,1113.81,522.0,290,11.48
1932767910,Singh,Jasleen,TX,Family Practice,2022,66.8130342896,766.7482456214,116.0,111,11.48
1154383669,Dickey,Michael,TX,Family Practice,2022,72.01892199082499,825.7637006675,173.0,166,11.47
1083706600,Touney,Edward,IA,Family Practice,2022,70.573251105,809.4847195725,316.0,299,11.47
1942400254,Kim,Eugene,NY,Cardiology,2023,32.99698347383333,378.59375,1060.0,1001,11.47
1760426720,Stabinski,Raymond,PA,Internal Medicine,2023,94.72432696066666,1086.7266666666667,249.0,230,11.47
1114969680,Hsue,Priscilla,CA,Cardiology,2022,47.395957998499995,543.6905946975,145.0,138,11.47
1407860422,Stevens,Shana,KS,Internal Medicine,2022,77.82548154240001,892.5757575800001,992.0,527,11.47
1235338088,Baker-Palmer,Rebecca,IN,Family Practice,2023,107.4730593585,1232.5,115.0,114,11.47
1275556235,Makanbhai,Hetendra,TX,Internal Medicine,2023,132.14386103642858,1515.4987756585713,408.0,330,11.47
1649293176,Paul,Ria,CA,Internal Medicine,2022,53.314737935000004,611.629764066,291.0,194,11.47
1629335674,Latibeaudiere,Rachel,FL,Internal Medicine,2022,124.0843720365,1422.6407029375,353.0,170,11.47
1255350278,Kokotakis,Emanuel,MD,Internal Medicine,2023,99.62169679799999,1142.7464724400002,250.0,229,11.47
1710220181,Singh,Sunil,MD,Internal Medicine,2023,97.202935354,1113.81,777.0,460,11.46
1497066625,Diaz De Leon,Alberto,TX,Family Practice,2022,50.809765402150006,582.4867083035,757.0,750,11.46
1114976677,Dean,David,MS,Family Practice,2023,98.194333238675,1125.3650526127499,362.0,356,11.46
1710077698,Papadakis,Emmanuel,CA,Cardiology,2023,149.23157745075,1710.8333333333333,1255.0,1230,11.46
1588001143,Landis,Scott,TN,Family Practice,2022,94.96469920499999,1088.2536153800002,352.0,300,11.46
1295186435,Eliveha,John,KS,Internal Medicine,2023,94.07528714042857,1077.7300291571428,1120.0,550,11.46
1497796304,Meltser,Henry,NY,Cardiology,2023,176.77256759458126,2025.4675000000002,751.0,666,11.46
1124074752,Antic,Goran,TN,Internal Medicine,2023,91.32399589399999,1046.24511882,430.0,390,11.46
1619357779,Tan,Chung Ning,IN,Family Practice,2023,96.82679060999999,1109.75,210.0,201,11.46
1366890576,Ojile,Nicholas,KS,Internal Medicine,2022,98.5421520745,1129.7450067333332,1060.0,566,11.46
1508094988,Liu,Jenny,FL,Family Practice,2022,119.23501101375,1366.8433215750001,234.0,215,11.46
1124213459,Shadzeka,Edwin,MD,Internal Medicine,2023,121.21178571,1389.0,252.0,234,11.46
1649384439,Cornelius,Mark,NC,Family Practice,2023,69.62452165477501,798.1239911389999,442.0,401,11.46
1942838651,Bishaw,Adey,DC,Internal Medicine,2023,125.233424125,1434.0,272.0,266,11.45
1568502714,Harper,William,MS,Family Practice,2023,78.56584685566666,899.4942528733333,194.0,187,11.45
1821098773,Locurto,Anthony,WI,Cardiology,2023,36.52268664799643,418.0357142857143,5193.0,4022,11.45
1013910116,Amory,Robert,OH,Cardiology,2022,58.017983486682354,664.0311709052941,1430.0,1292,11.45
1548352644,Prescott,James,KS,Family Practice,2022,72.745400712525,832.7506535800001,325.0,308,11.45
1306232244,Elhardt,Mary,TX,Family Practice,2023,72.78272148972499,833.6265616447499,448.0,432,11.45
1104844836,Vincent,Geoffrey,KS,Family Practice,2023,82.07328907038,940.023330996,731.0,707,11.45
1023108289,Unnithan,Jaya,OH,Internal Medicine,2023,28.19320602955,322.8229166666667,839.0,661,11.45
1992832398,Lee,Miyong,WA,Family Practice,2023,129.55489583333335,1483.1610949666665,113.0,110,11.45
1831311083,Harris,Matthew,KS,Internal Medicine,2022,90.80529300149999,1040.10869565,1058.0,513,11.45
1801282843,Zanolini,Bruna,GA,Family Practice,2023,97.14935566057144,1111.7618602371429,405.0,309,11.44
1831144666,Pepper,Jeremy,AL,Internal Medicine,2022,82.45366563648572,942.8957415819999,704.0,681,11.44
1447297239,Baugh,John,TX,Family Practice,2023,84.38993037666,965.2273938568,455.0,435,11.44
1578514998,Austin,Mary,TN,Family Practice,2022,98.93925640863999,1131.4,465.0,444,11.44
1477518934,Park,William,KS,Internal Medicine,2023,93.73744755542857,1072.7085714285715,1114.0,693,11.44
1508286030,Molina,Raul,FL,Family Practice,2022,111.0693959244,1270.6455407583333,1189.0,1037,11.44
1326465204,Musbah,Mehad,DC,Internal Medicine,2022,104.05882098783333,1190.8120937066667,1232.0,667,11.44
1740571280,Martinez,Rodolfo,TX,Family Practice,2022,40.3610777046,461.68102639999995,1353.0,1017,11.44
1659755122,Ekong,Essien,CA,Family Practice,2023,76.691769697,877.3962703873334,131.0,127,11.44
1306887070,Walters,Steven,TX,Internal Medicine,2022,79.6222021966,911.233612245,1095.0,805,11.44
1619349024,Torres,Pedro,AZ,Internal Medicine,2023,131.18716216333334,1500.2747747666665,193.0,118,11.44
1629070388,Harrison,William,OK,Family Practice,2023,90.24456994066666,1032.0,376.0,354,11.44
1104029990,Arsanjani,Reza,AZ,Cardiology,2023,43.781431959131574,501.05574195628947,5563.0,4313,11.44
1235450412,Dew,Dawn,DC,Internal Medicine,2022,156.52109611499998,1791.2547710499998,488.0,480,11.44
1386202331,Singh,Karandeep,NJ,Internal Medicine,2023,100.1009077194,1144.125624562,1124.0,668,11.43
1124091780,Ende,David,WI,Cardiology,2022,44.212275566816665,505.5,157.0,143,11.43
1477661437,Rosen,Leon,WI,Cardiology,2022,65.97424954179999,754.3869791662501,242.0,219,11.43
1104836113,Weslow,Scott,WI,Cardiology,2022,48.138059311875,550.3,1373.0,1136,11.43
1447772744,Seid,Hanan,VA,Internal Medicine,2022,89.57107193237499,1024.07500510125,309.0,214,11.43
1578714432,Makhijani,Meena,CA,Family Practice,2023,67.84580645166666,775.3333333333334,153.0,94,11.43
1528322476,Pacheco,Alejandro,OK,Family Practice,2022,88.72178057888888,1014.3654384433333,1326.0,932,11.43
1982692687,Oakley,Angela,FL,Family Practice,2022,100.82320305972,1152.6363055526,250.0,246,11.43
1821038415,Defranco,Basil,PA,Internal Medicine,2022,114.33409947324999,1307.0971809,580.0,554,11.43
1013906130,Christiansen Ford,Carey,GA,Family Practice,2023,77.71339095275,887.9231204225,356.0,349,11.43
1427286996,Waltner,Amanda,KS,Internal Medicine,2022,98.71645141216668,1128.6642743166667,1250.0,645,11.43
1770566325,Lee,Richard,AZ,Cardiology,2023,98.01962333259999,1120.0873957857143,1340.0,1258,11.43
1396740882,Phillips,Douglas,MS,Family Practice,2022,84.07051790675,960.6875,3207.0,1867,11.43
1689603383,Alatriste,Anthony,FL,Family Practice,2022,98.40794292911666,1123.3326687483334,1741.0,1614,11.42
1386649846,Fung Liu,Blanche,NY,Internal Medicine,2023,184.40609895699998,2106.4833333333127,753.0,706,11.42
1386624112,Syed,Qarab,OH,Cardiology,2022,52.37883935103636,597.9285015681818,3582.0,3290,11.42
1821310004,Calderon,Amy,OH,Internal Medicine,2023,108.97974500400001,1244.8333333333333,268.0,249,11.42
1215973946,Tipnis,Parag,WI,Cardiology,2023,36.6485749606,418.3448646768,2140.0,2042,11.42
1043215692,Jabbour,Samer,WI,Cardiology,2023,51.40815384654737,586.8884784478947,1306.0,1089,11.42
1669891990,Adedinsewo,Demilade,FL,Cardiology,2022,53.77547334820769,614.3846153846154,722.0,660,11.42
1164431284,Ketha,Siva,NC,Cardiology,2023,123.70297143966667,1412.5833333333333,969.0,823,11.42
1306048715,Atieh,Samir,TX,Family Practice,2023,61.278992746,699.6666666666666,116.0,110,11.42
1780682906,Siddiqi,Amanullah,TN,Internal Medicine,2022,111.117096178,1269.16685668,425.0,408,11.42
1679550446,Robbins,Tzvi,MD,Family Practice,2022,94.81553670545715,1082.0074079754286,1322.0,1219,11.41
1972517860,Rahman,Ossama,SC,Cardiology,2023,92.45706938066316,1055.3731829578946,4331.0,3297,11.41
1427286996,Waltner,Amanda,KS,Internal Medicine,2023,100.16503818433334,1142.6802884666668,1334.0,678,11.41
1982746376,Toth,Stephanie,OK,Family Practice,2022,98.98611075491999,1129.1738121762,502.0,494,11.41
1386655264,Jarvis,Kristen,IN,Family Practice,2022,95.626475948,1090.8388250233334,246.0,226,11.41
1770926735,Storms,Daniel,NH,Cardiology,2022,54.542246747165514,622.1557268331034,2864.0,2505,11.41
1073932398,Selvig,Daniel,CA,Internal Medicine,2022,116.16651218836111,1325.611111111111,659.0,642,11.41
1265460547,Castillo,Sergio,NY,Internal Medicine,2023,132.92137064833332,1516.3494484,315.0,309,11.41
1922038892,Mahan,Michael,WI,Family Practice,2022,28.566767405035,326.050022324175,2709.0,1734,11.41
1528529427,Virnave,Tanvi,IN,Family Practice,2023,127.66311970666668,1456.3333333333333,255.0,253,11.41
1518162734,Myers,Kristin,KS,Family Practice,2022,99.27544305820001,1131.55471698,706.0,418,11.4
1831133909,Abiodun,Azeez,MD,Internal Medicine,2023,100.3860835288,1144.1460000000002,507.0,396,11.4
1730527979,Seitz,Patrick,KS,Internal Medicine,2023,100.751459665375,1148.7310520375,1239.0,822,11.4
1811300551,Ajanaku,Marian,VA,Internal Medicine,2023,89.957023843,1025.5890099,1708.0,445,11.4
1568408151,Silverstein,Joel,VT,Internal Medicine,2022,96.8496392806,1104.0,113.0,113,11.4
1104921816,Helisch,Armin,NH,Cardiology,2023,51.89831980678333,591.4874005745834,3668.0,3205,11.4
1760985121,Hafid,Mistafa,OH,Internal Medicine,2023,70.546397557575,804.5501914885,247.0,242,11.4
1588659197,Quilang,Leonardo,CA,Family Practice,2023,41.995311232909096,478.8363636363636,732.0,412,11.4
1811903271,Ganti,Murty,PA,Internal Medicine,2022,96.7994247419,1103.9923772636,202.0,194,11.4
1184792418,Pham,Dao,WA,Cardiology,2022,39.695572648466666,452.3333333333333,147.0,141,11.4
1538430285,Narayanasamy,Hemalatha,AZ,Cardiology,2023,45.81264724223333,522.0963919265555,4508.0,3540,11.4
1881648087,Lindsey,Casaundra,NV,Internal Medicine,2022,105.98296154903333,1207.6666666666667,522.0,516,11.39
1073932398,Selvig,Daniel,MT,Internal Medicine,2023,107.38364685796154,1222.6923076923076,672.0,638,11.39
1316995988,Pu,Min,NC,Cardiology,2023,59.453616827846155,676.9580750281538,1377.0,1287,11.39
1033383096,Osemota,Simeon,FL,Family Practice,2022,106.10992001632,1208.1205117334,420.0,416,11.39
1790943686,Stein,Russell,CT,Cardiology,2022,43.58565878593571,496.4068020976667,5182.0,4325,11.39
1417952029,Abochamh,Dia,TX,Cardiology,2022,411.4489523071608,4685.434630913921,9669.0,6151,11.39
1568446672,Santibanez,Jorge,NV,Internal Medicine,2022,102.37101620433333,1166.4621744788888,404.0,282,11.39
1245213677,Jadbabaie,Farid,CT,Cardiology,2022,21.295038302125,242.5,461.0,443,11.39
1700042231,Kometa,Michael,VA,Internal Medicine,2022,90.91967000470001,1035.88210897,1363.0,784,11.39
1124302708,Cummings,David,TX,Family Practice,2022,91.0787874552,1037.4314613352,559.0,526,11.39
1053340869,Okonkwo,Ndubueze,KS,Internal Medicine,2022,95.558775964,1088.7975289066667,355.0,335,11.39
1760865505,Figer,Kathryn,TX,Internal Medicine,2023,86.27865070225,982.658177975,504.0,375,11.39
1366541070,Rice,James,AR,Internal Medicine,2022,69.86568421,796.0,101.0,100,11.39
1770566325,Lee,Richard,AZ,Cardiology,2022,134.5212566370375,1531.2902380912499,523.0,507,11.38
1538543756,El Meligy,Amr,NH,Cardiology,2023,35.320699591238096,401.84539858761906,3401.0,2728,11.38
1578536884,Meyer,Mel,WY,Family Practice,2022,88.56902428215,1007.6666666666666,450.0,418,11.38
1700106002,Asare,Vivian,CT,Internal Medicine,2023,60.721955465399994,691.0,170.0,162,11.38
1578513420,Huffstutler,William,IL,Internal Medicine,2022,6.2440865385,71.052884615,208.0,195,11.38
1588776132,Tin,Htun,CA,Internal Medicine,2023,44.104741913999995,502.0,518.0,293,11.38
1750540837,Aidoo,Bernice,MD,Internal Medicine,2022,98.02510943485716,1115.3647518728571,1146.0,640,11.38
1659487585,Cheema,Farah,MD,Internal Medicine,2022,103.01496276359998,1172.618,188.0,156,11.38
1154315661,Angel,Mark,OH,Cardiology,2022,48.050720549422216,546.4553186911112,1516.0,1300,11.37
1851373542,Wilansky Markowitz,Susan,AZ,Cardiology,2022,54.016179812603845,614.4323934045769,2006.0,1833,11.37
1750676128,Clawson,Aaron,KS,Family Practice,2022,78.5309793512,892.5342465800001,1085.0,519,11.37
1114187747,Khan,Bilal,TX,Internal Medicine,2023,67.92765057691429,772.5285714285714,985.0,508,11.37
1205942463,Faimon,Gregory,KS,Family Practice,2023,85.02515167562,966.901784968,900.0,845,11.37
1033452651,Hossain,Afrin,MD,Internal Medicine,2022,98.14928087914286,1116.1474939957143,847.0,591,11.37
1588042246,Tennyson,Joshua,AR,Family Practice,2022,77.07863932632,876.4124583378001,737.0,716,11.37
1578721023,Tandon,Suman,CT,Cardiology,2023,35.2205386175,400.5,446.0,99,11.37
1962515171,Allan,Daniel,OH,Family Practice,2023,27.634750619466665,314.19255676,702.0,591,11.37
1902193493,Biggs,Andrew,KS,Internal Medicine,2023,101.56138087,1154.3030455666667,693.0,455,11.37
1770016743,Feliz,Jazmin,NJ,Internal Medicine,2023,139.52897520066665,1586.8195107133333,289.0,268,11.37
1295186435,Eliveha,John,KS,Internal Medicine,2022,99.6331675432,1131.496063,1079.0,501,11.36
1760443063,Hubbard,Derek,WI,Family Practice,2022,38.24199650455454,434.28988584881813,984.0,880,11.36
1265624621,Weaver,Michelle,AR,Family Practice,2023,69.78856956998182,793.0352819507273,1041.0,798,11.36
1346265709,Oates,Martin,WV,Family Practice,2023,97.1543313378,1103.641,271.0,225,11.36
1346287737,Salam,Hamid,LA,Cardiology,2023,142.18768814385294,1615.9040386544707,1046.0,842,11.36
1154371987,Grogan,Joseph,NY,Family Practice,2022,83.1924089667,945.2857142857143,331.0,292,11.36
1053340869,Okonkwo,Ndubueze,KS,Internal Medicine,2023,85.37811504833333,969.99469181,300.0,285,11.36
1184695843,Kondragunta,Sakuntla,VA,Internal Medicine,2022,116.43272977000001,1322.5735289,618.0,596,11.36
1679736292,Tinsley,Edward,SC,Family Practice,2023,79.607160686,904.7262582,348.0,343,11.36
1467015974,Thomas,Angela,PA,Family Practice,2023,5.876470588233334,66.75627173966667,113.0,97,11.36
1750600896,Glover,Brent,WV,Family Practice,2022,87.42331943387141,993.538095582,619.0,568,11.36
1619195732,Singapuri,Mohammed,GA,Internal Medicine,2023,91.76983193332667,1041.259187552,1244.0,745,11.35
1326008905,Sobredo,Sergio,FL,Family Practice,2023,99.38098742445001,1128.16308105675,258.0,247,11.35
1992759856,Ruiz,Ricardo,TX,Family Practice,2022,92.73058912724,1052.3558458726,1474.0,1338,11.35
1285913996,Shah,Neeraj,NC,Cardiology,2022,121.87930431563913,1383.7762973347826,1182.0,1085,11.35
1114926797,Phillips,J,SC,Cardiology,2022,92.82478402950464,1053.1761558216745,6404.0,4651,11.35
1396857348,Chan,Charlie,CA,Internal Medicine,2023,52.0361734168,590.4,355.0,213,11.35
1306947999,Sharma,Ravinder,NJ,Cardiology,2022,107.59793583216667,1220.8333333333333,652.0,228,11.35
1013228592,Pruitt,James,PA,Family Practice,2022,106.12927456439999,1203.7836283942002,711.0,692,11.34
1801043286,Ghattas,Sameh,CA,Family Practice,2022,103.91353227279998,1178.502,279.0,191,11.34
1649415621,Edwards,Adam,TX,Internal Medicine,2023,94.63516729714999,1073.382287811,284.0,278,11.34
1992116396,Biggers,Bradley,AR,Family Practice,2023,61.1471546331,693.5,927.0,726,11.34
1326556150,Amir,Fatima,VA,Internal Medicine,2022,79.674092372,903.2365898244444,337.0,254,11.34
1306197611,Recalde,Violeta,CA,Family Practice,2023,118.688,1346.2975294,100.0,95,11.34
1154552990,Ayanbadejo,Clement,GA,Family Practice,2023,73.89668985186667,837.9120742,173.0,167,11.34
1639465719,Crawford,Chet,AR,Family Practice,2022,78.68415922483334,891.3139176116666,247.0,196,11.33
1356389191,Smith,Eric,MI,Family Practice,2023,78.19785208006665,885.8698429133333,134.0,125,11.33
1013370048,Subedi,Pratima,CA,Internal Medicine,2022,98.02395352414285,1110.1957249900001,1214.0,685,11.33
1043269194,Enayati,Ali,CA,Internal Medicine,2022,42.24574468225652,478.50636810288046,23273.0,17542,11.33
1750487153,Macherla,Murali,AZ,Cardiology,2023,137.02119104244446,1553.0953612766666,339.0,277,11.33
1245566181,Adams,Dianne,IL,Family Practice,2022,5.9075905177,66.91666666666667,102.0,76,11.33
1134564743,Nyholm,Matthew,OH,Family Practice,2023,90.43987474098,1024.4935867478,761.0,724,11.33
1396239257,Al Patty,Maisam,KS,Internal Medicine,2022,91.89616710766667,1040.1055979666667,1088.0,630,11.32
1679586648,Mabayoje,John,IN,Internal Medicine,2023,93.91499999999999,1063.5,170.0,156,11.32
1518312339,Durham,Elizabeth,KY,Family Practice,2023,70.33255812415,795.825799197,746.0,715,11.32
1942200910,Murdock,David,WI,Cardiology,2023,73.927482350125,836.6671161425,515.0,367,11.32
1871543447,Silbert,Agnieszka,WI,Cardiology,2023,53.88470729239,609.97572041735,949.0,828,11.32
1972663201,Mccullough,Nannette,MD,Internal Medicine,2023,70.319665311525,795.9068043562501,527.0,491,11.32
1457734949,Gainey,Thomas,OH,Internal Medicine,2023,89.25189461375,1009.8875621825,752.0,466,11.32
1295947083,Mongwa,Mbu,IL,Cardiology,2022,106.4331562069697,1204.6494555285758,2491.0,2116,11.32
1851385223,Kabbani,Samer,CA,Cardiology,2022,62.95082780830555,712.4285567494444,6399.0,4784,11.32
1134227135,Malcott,John,IL,Family Practice,2022,5.2126923077,59.0,131.0,95,11.32
1194161323,Seminara,Brittany,NC,Internal Medicine,2023,121.0802637161818,1370.0818551363636,288.0,274,11.32
1144486200,Pandey,Rajesh,NJ,Internal Medicine,2023,56.82487461685556,643.1288759666667,5323.0,570,11.32
1730474891,Beckham,Bradley,OH,Internal Medicine,2023,93.00537280900001,1052.7178665433332,363.0,343,11.32
1760865810,Foster,Aaron,LA,Family Practice,2023,93.72185413088,1061.3523056462,1447.0,1365,11.32
1114976677,Dean,David,MS,Family Practice,2022,95.72599719678001,1084.08234575,616.0,596,11.32
1306934740,Mehra,Vishal,PA,Cardiology,2023,30.655787001705882,346.94321375847056,1776.0,1543,11.32
1033233374,Welsh,Aimee,WI,Cardiology,2023,43.016115091425,486.5095454545833,1129.0,1035,11.31
1528416146,Krueger,Leah,WI,Family Practice,2023,16.758290441153846,189.5821894746154,895.0,774,11.31
1265457444,Friedman,Jodi,CA,Internal Medicine,2022,55.62629867533334,629.0,195.0,133,11.31
1861572232,Tanglao,Emmanuel,FL,Internal Medicine,2022,78.89760959087499,891.976408062,235.0,215,11.31
1457744211,Zrenda,S,OK,Family Practice,2022,72.687968894675,821.85617717325,458.0,429,11.31
1336404896,Riaz,Mahrukh,MD,Internal Medicine,2022,127.89710112750001,1446.157088625,643.0,627,11.31
1215935010,Pangallo,Frank,IN,Family Practice,2023,60.90000048646,688.65422397,714.0,648,11.31
1710323175,Dingwall,Megan,KS,Internal Medicine,2023,90.664539682,1025.21854636,616.0,338,11.31
1326106527,Koscienski,Walter,TN,Internal Medicine,2022,61.038267818950004,690.617600939375,603.0,543,11.31
1295713253,Herrmann,Joerg,MN,Cardiology,2022,50.464131010708336,570.9956290619999,2540.0,2330,11.31
1447339809,Schroeder,Jeffrey,WI,Internal Medicine,2023,107.7889201645,1218.75,311.0,296,11.31
1063705515,Shah,Neal,CA,Cardiology,2023,72.085706329,814.7643174209525,1714.0,1555,11.3
1861582942,Jones,Robert,OH,Internal Medicine,2023,26.685703703500003,301.5,276.0,249,11.3
1043401821,Pradhan,Mihir,AL,Family Practice,2023,68.44393715475,773.4110062625,557.0,533,11.3
1821471145,Pilla,Ravi,MD,Internal Medicine,2022,94.095462905125,1063.34503910125,1043.0,573,11.3
1750701793,Rosenfeld,Nicholas,AK,Family Practice,2022,129.99259704362856,1468.4306214885714,563.0,495,11.3
1629024112,Setser,Charles,OH,Internal Medicine,2023,91.45430919149999,1032.99218335,1007.0,473,11.3
1306293261,Ratliff,Bryce,OH,Internal Medicine,2023,101.2920024864,1144.1460000000002,1021.0,615,11.3
1083856579,Shaheen,Aisha,CA,Internal Medicine,2023,122.5488285,1384.8449819,430.0,221,11.3
1922582485,Raine,Daniel,CA,Internal Medicine,2022,38.46868635496,434.8,345.0,239,11.3
1487602876,Fannon,Michael,VA,Internal Medicine,2022,119.137201522,1346.570122515,506.0,474,11.3
1992750665,Hanna,Salem,KY,Internal Medicine,2023,59.96546429867,677.375,489.0,411,11.3
1548496185,May,Caleb,KS,Family Practice,2022,96.09692535399999,1084.7184062333333,387.0,344,11.29
1922410794,Jamot,Sehrish,NY,Internal Medicine,2022,135.56889326128572,1530.01051339,218.0,196,11.29
1750311932,Merry,Steven,WI,Cardiology,2022,47.237301686188886,533.371517885,3340.0,1002,11.29
1871945485,Dua,Harshit,IL,Internal Medicine,2023,96.98782300128572,1095.3600000000001,1264.0,794,11.29
1568464311,Dogra,Vijay,NJ,Internal Medicine,2023,119.28560704649999,1346.4387741375,533.0,504,11.29
1134212558,Miah,Asadur,NY,Internal Medicine,2023,210.5528676387143,2377.317232905714,610.0,443,11.29
1134111669,Hart,Mark,OR,Cardiology,2023,53.48366099832222,603.976314855889,1071.0,953,11.29
1760613319,Mcabee,Bradley,NC,Family Practice,2023,80.7940668425111,912.456958311,1398.0,1260,11.29
1770588717,Neef,Doug,KS,Family Practice,2022,73.99441803362501,835.25,296.0,270,11.29
1326579822,Nguyen,Thuy Trang,CA,Internal Medicine,2022,84.139629392,948.8959765633332,248.0,154,11.28
1730352998,Martin,Kory,TX,Family Practice,2023,92.74917460333332,1046.0,195.0,185,11.28
1467430249,Bodkin,John,WV,Family Practice,2023,92.83876491766667,1047.26207041,209.0,198,11.28
1558500280,Yost,Gregory,PA,Internal Medicine,2022,134.16182358165292,1512.9330038352941,640.0,597,11.28
1467514539,Jones,Lindy,AK,Family Practice,2022,137.56069666378,1551.527864124,386.0,365,11.28
1801889126,Glenn,Matthew,PA,Family Practice,2022,118.00776520275,1331.705,152.0,149,11.28
1942401146,Peterson,Steven,WI,Cardiology,2022,56.88079045946,641.8582066695001,1841.0,1243,11.28
1902878804,Sanchez,Rodrigo,GA,Family Practice,2023,70.798713528175,798.5584349200001,448.0,438,11.28
1104052240,Lee,Hyon,MA,Cardiology,2022,170.4906941898261,1923.038378931087,954.0,626,11.28
1962480699,Chapman,Bryan,SC,Family Practice,2023,92.61388313333333,1044.4960197266666,465.0,451,11.28
1558526384,Smith,Stephen,SC,Family Practice,2023,74.2972839635,838.4214285725,204.0,190,11.28
1457769218,Patel,Nirav,KY,Family Practice,2022,74.204354722675,836.8574031865,315.0,309,11.28
1497713036,Robledo,Julian,AL,Internal Medicine,2023,66.342827329,747.7307999266667,207.0,153,11.27
1053774687,Natarajan,Navin,PA,Cardiology,2022,51.53168886582308,580.8745765507692,574.0,532,11.27
1164840872,Bilek,Arielle,CA,Internal Medicine,2023,58.95406713718182,664.6306818181819,773.0,526,11.27
1306805783,Fomby,Elizabeth,TX,Family Practice,2022,80.18560903814286,904.0513801457143,852.0,550,11.27
1912521253,Udeh,Hillary,AR,Family Practice,2023,75.3448923783,849.2954079725,394.0,376,11.27
1104869825,Qumei,Moh'd,NJ,Internal Medicine,2023,140.95613686666667,1588.7137496333335,391.0,375,11.27
1639109150,Rodriguez,Felix,FL,Family Practice,2023,134.9952090575,1521.0,192.0,146,11.27
1629273651,Vierra,Heather,CA,Internal Medicine,2023,45.97724371066666,518.3333333333334,153.0,90,11.27
1679674386,Mossad,Dalia,OH,Internal Medicine,2023,31.861117259000004,358.857966102,469.0,355,11.26
1295026557,Jones,Katherine,OH,Family Practice,2023,37.3792002365,420.82819205000004,402.0,313,11.26
1245612175,Kolluru,Prathik,TX,Internal Medicine,2022,98.81093389033333,1113.0149580433333,849.0,446,11.26
1790751626,Giomariso,Joseph,PA,Internal Medicine,2022,97.47483586100002,1097.8873489666667,136.0,128,11.26
1588847826,Azad,Mohammad,TX,Family Practice,2023,49.52600355924285,557.5067214794286,334.0,243,11.26
1700164811,Reilly,Nicole,WI,Cardiology,2023,42.95152855515,483.4668016192857,1945.0,1904,11.26
1144394347,Nafis,Farhan,MS,Internal Medicine,2022,58.86079804853333,662.488837965,372.0,297,11.26
1336482850,Trewick,Gary,FL,Internal Medicine,2023,90.4194612805,1018.564180625,790.0,448,11.26
1912260134,Kassaye,Dejene,VA,Internal Medicine,2022,99.03345760542857,1115.3792228728573,1421.0,821,11.26
1730527979,Seitz,Patrick,KS,Internal Medicine,2022,92.36348006983333,1040.0687645666667,1244.0,740,11.26
1487698809,Jain,Sudhir,MO,Cardiology,2023,93.780677785,1055.5184614458387,7401.0,4531,11.26
1841642527,Mahato,Poonam,PA,Cardiology,2022,29.19944264627143,328.85714285714283,339.0,325,11.26
1619362852,Willard,Jared,TN,Internal Medicine,2023,47.65064731094444,536.7797371202778,2714.0,562,11.26
1134118052,Dunkle,John,CO,Family Practice,2023,86.01013935499999,967.5814285714285,586.0,483,11.25
1992097547,Howell,Amber,TX,Family Practice,2022,70.174048040675,789.227036525,384.0,351,11.25
1689932576,Hammer,Erin,WI,Family Practice,2023,21.40036228675,240.78095182408333,781.0,766,11.25
1326067448,Friday,Karen,CA,Cardiology,2022,14.52715677822,163.4,14651.0,7716,11.25
1265481915,Sayyad,Tariq,KY,Internal Medicine,2022,105.15644369900001,1182.6742491383334,1066.0,995,11.25
1821018706,Ansohn,John,TX,Family Practice,2023,62.48593859059999,703.1926519276,2401.0,155,11.25
1568447688,Bibbs,Charles,SC,Family Practice,2023,118.3813276665,1331.705,281.0,271,11.25
1790124733,Norman,Luke,TN,Family Practice,2022,112.7632892555,1268.250885235,322.0,307,11.25
1932369709,Raja,Mansoor,WV,Family Practice,2022,96.09451004818,1080.7956226321999,400.0,397,11.25
1780141382,Terlep,Thomas,OH,Internal Medicine,2023,83.591592452375,940.5390750600001,516.0,343,11.25
1124084520,Lafleur,Glenn,LA,Family Practice,2023,87.9460022668,989.626870733,372.0,347,11.25
1679585905,Garg,Anuj,IL,Cardiology,2023,92.5486149322069,1041.0637850706896,2334.0,1946,11.25
1356752687,Bravo Jaimes,Katia Marisa,FL,Cardiology,2023,61.176627892895,687.730769231,2050.0,1925,11.24
1255534079,Majdalany,David,MN,Cardiology,2023,54.777658298153334,615.486174949,2516.0,2363,11.24
1538276936,Franko,Andrew,OH,Family Practice,2023,32.13986396571429,361.2549728757143,759.0,629,11.24
1932558285,Manzoor,Hooria,ND,Internal Medicine,2023,91.00461793550001,1022.48159621,1139.0,678,11.24
1710945514,Ravelo,Cesar,AL,Internal Medicine,2022,94.87449874182857,1066.254404622,788.0,713,11.24
1891353082,Friger,Osvaldo,FL,Family Practice,2022,84.01844444333334,944.6666666666666,130.0,128,11.24
1356651780,Albuquerque,Alex,OH,Internal Medicine,2023,93.07989936460001,1046.206900566,708.0,341,11.24
1417112855,Anis,Mushtaq,VA,Internal Medicine,2023,76.52662962966666,860.5133333333333,114.0,89,11.24
1376746800,Slowik,Stephen,MO,Internal Medicine,2022,131.26767916925,1475.8922805825,625.0,610,11.24
1336157692,Hanna,Laila,MO,Internal Medicine,2022,10.124070822933334,113.76541780500001,293.0,190,11.24
1780062646,Smith,Christopher,FL,Family Practice,2023,138.86607022266665,1561.3333333333333,224.0,219,11.24
1518256767,Lipton,Ross,NY,Family Practice,2023,69.95353248239999,786.0,261.0,161,11.24
1376557637,Bishaw,Hiruy,MD,Internal Medicine,2023,101.91894561059999,1144.146970414,1101.0,591,11.23
1861925497,Mcnamara,James,KY,Family Practice,2022,72.737814351625,816.932631349,195.0,191,11.23
1427553460,Gebremichael,Zerihun,MD,Internal Medicine,2022,94.436354716125,1060.9708741050001,1408.0,730,11.23
1003311572,Wang,Annie,CA,Internal Medicine,2023,70.0314615526,786.4,732.0,497,11.23
1578011540,Bensam,Benziger,NY,Internal Medicine,2023,118.278860628,1328.4166666666667,231.0,119,11.23
1568844017,Tran,Quoc-Thieu,MI,Internal Medicine,2022,94.431284202625,1060.79515118125,1425.0,794,11.23
1134277833,Wirtz,Timothy,WI,Family Practice,2023,14.253984375,160.0631739684375,1280.0,1015,11.23
1346263365,Hajdari,Astrit,OH,Internal Medicine,2023,110.6456287005,1242.1086668725002,766.0,704,11.23
1962817742,Young,Laura,OH,Cardiology,2022,131.555143746,1476.78458333375,272.0,260,11.23
1801043286,Ghattas,Sameh,CA,Family Practice,2023,99.1658607005,1113.81,243.0,164,11.23
1316430069,Allen,Ashley,KS,Family Practice,2022,86.351726497,969.8199999999999,445.0,251,11.23
1083330245,Mouafo Madzoom,Claudiane,NY,Internal Medicine,2022,64.39,722.93824701,1004.0,72,11.23
1659720944,Horak,Jeremy,TX,Family Practice,2022,60.42773858795,678.5,105.0,92,11.23
1164451662,Pooler,Pete,MN,Internal Medicine,2022,137.3836119608,1543.0,154.0,151,11.23
1912940040,Smith,Michael,SC,Family Practice,2023,5.345,60.0,107.0,81,11.23
1386698058,Reddy,Yekolla,TN,Family Practice,2023,69.233020703625,777.7820012325001,340.0,320,11.23
1558642751,Sagar,Dipti,CA,Internal Medicine,2023,107.41207761714284,1204.9174094557143,178.0,161,11.22
1780998211,Dhillon,Sukhmandeep,OH,Internal Medicine,2023,30.48750553816667,341.93264840166665,723.0,580,11.22
1346285533,Holaday,Lisa,AR,Internal Medicine,2022,62.545613571466674,701.5386564241667,165.0,159,11.22
1467711374,Barakat,Monique,CA,Internal Medicine,2022,146.24632092383123,1640.2963576325,522.0,441,11.22
1952314775,Patel,Pankaj,TX,Cardiology,2023,79.45492416236786,891.269949268,5414.0,3871,11.22
1578946091,Romero,Dick,NM,Family Practice,2023,91.08225307794001,1022.2080148048001,695.0,631,11.22
1043742299,Njimoluh,Khadijatou,DC,Internal Medicine,2023,73.69621733535,827.0551726555,202.0,193,11.22
1902991912,Mckeen,David,OH,Internal Medicine,2023,90.694055819,1017.7713999575001,932.0,569,11.22
1558395269,Richardson,James,SC,Cardiology,2023,66.51021329308928,746.1379828078572,2607.0,1592,11.22
1437545761,Lock,Wallace,AR,Family Practice,2022,67.687053659,759.654780005,240.0,223,11.22
1467410597,Donahue,Timothy,NC,Cardiology,2023,118.47942266888859,1329.893738008,5881.0,3311,11.22
1568449536,"Keady, Jr",Dwight,MS,Internal Medicine,2022,78.63626461108,882.0413191266666,852.0,711,11.22
1194020164,Kocia,Orjeta,NJ,Internal Medicine,2023,66.663031694,748.1377231433333,231.0,127,11.22
1396788824,Khan,Afsar,NY,Family Practice,2023,88.13737766439999,988.3455780316666,571.0,553,11.21
1912199324,Roy,Sudipta,LA,Family Practice,2023,99.9834124408,1120.7484318,501.0,468,11.21
1235334681,Watson,Christopher,MD,Internal Medicine,2022,104.58113335644445,1172.3209485077778,1081.0,570,11.21
1497710461,Tak,Tahir,MN,Cardiology,2022,53.502574218595655,599.5076871143478,3681.0,3224,11.21
1639213663,Lee,Christina,CA,Internal Medicine,2023,40.83860893575,457.643552785,642.0,259,11.21
1306293261,Ratliff,Bryce,OH,Internal Medicine,2022,112.67138888900001,1262.7233333333334,143.0,82,11.21
1003840372,Lane,Kirk,WI,Family Practice,2022,27.158147709411363,304.3633881686591,2962.0,2078,11.21
1720253149,Ghobrial,Joanna,CA,Internal Medicine,2023,67.55176082516154,757.2973987361539,477.0,431,11.21
1023436904,Meda,Edris,DC,Internal Medicine,2022,110.51788185314285,1239.3429701,1172.0,817,11.21
1518162734,Myers,Kristin,KS,Family Practice,2023,94.87633705271428,1063.142857142857,742.0,444,11.21
1215132881,Middleton,Ellen,TX,Internal Medicine,2022,65.75178563642858,736.8257847914285,407.0,254,11.21
1801023155,Maclean,Wendy,IL,Family Practice,2022,132.31634561975,1483.361034995,450.0,434,11.21
1609219088,Lee,Stella,CA,Internal Medicine,2023,115.174551419,1291.5324131833333,517.0,343,11.21
1053768614,Tseng,Andrew,FL,Cardiology,2023,47.56632611402174,533.3511705686957,2805.0,2606,11.21
1154386084,Remy,David,MD,Internal Medicine,2023,121.8984318905,1366.855,342.0,186,11.21
1861550097,Vuong,Andrew,OK,Family Practice,2022,87.81405751883334,983.3770993355,479.0,429,11.2
1841255056,Mcvay,Mark,CA,Family Practice,2023,82.34472865000001,922.4,175.0,131,11.2
1225238504,Nwakudu,Obidike,IL,Family Practice,2022,95.64196819015999,1071.547841428,216.0,208,11.2
1114542107,Hong,Joseph,NY,Family Practice,2023,110.02027777800001,1232.5,162.0,159,11.2
1609266428,Vidula,Mahesh,PA,Cardiology,2022,35.22991288013637,394.45454545454544,457.0,439,11.2
1659461234,Huebschmann,Amy,CO,Internal Medicine,2023,44.09023855733333,494.0,183.0,107,11.2
1841294378,Demangone,Michael,AZ,Family Practice,2023,70.35240037963332,788.0,113.0,112,11.2
1740452002,Basterrechea,Hugo,FL,Family Practice,2022,102.7256900036,1150.1182083432,522.0,517,11.2
1689612897,Ncho,Asongu,CA,Internal Medicine,2022,113.7148666666,1273.887000006,219.0,174,11.2
1306474804,Laquey,Rebecca,LA,Family Practice,2023,99.571826923,1113.81,364.0,220,11.19
1760865505,Figer,Kathryn,TX,Internal Medicine,2022,86.54079523899999,968.1251369357143,637.0,487,11.19
1215371760,Shirwaikar Thomas,Anusha,TX,Internal Medicine,2023,86.74809245645454,971.0421691700001,407.0,389,11.19
1033738919,Saldana,Mario,CA,Internal Medicine,2023,112.29,1256.6666666666667,211.0,183,11.19
1558757724,Blake,Leah,ID,Family Practice,2023,96.56636953374999,1080.9564524725001,874.0,156,11.19
1578976908,Khan,Abrar,AR,Family Practice,2023,69.05001095825,772.71638667,484.0,461,11.19
1205942463,Faimon,Gregory,KS,Family Practice,2022,86.88214674323999,972.4183578799999,762.0,732,11.19
1215920483,Barsoum,Michel,WI,Cardiology,2023,47.71056455883478,533.7346575386956,1340.0,1251,11.19
1902251614,Zeiler,Jacob,TN,Family Practice,2023,71.531749314,800.7146388474999,356.0,348,11.19
1194778985,Rana,Yashbir,SC,Family Practice,2023,90.25763222319999,1009.8200750259999,263.0,259,11.19
1467498154,Mitchell,Bruce,AR,Family Practice,2022,68.9619155139,771.5540334075,289.0,257,11.19
1679952642,Accavitti,Michael,WI,Cardiology,2023,49.921781851775,558.640079365,1233.0,1127,11.19
1144807694,Hassan,Khaled,AR,Family Practice,2023,77.09738683083333,862.5,487.0,433,11.19
1912940040,Smith,Michael,SC,Family Practice,2022,5.363220166966667,60.0,101.0,76,11.19
1255350278,Kokotakis,Emanuel,MD,Internal Medicine,2022,96.723229499,1081.9381725422222,961.0,702,11.19
1962627034,Kirk,Wesley,KS,Internal Medicine,2022,96.89179382512499,1083.777117925,1433.0,846,11.19
1578094348,Hoover,Kristin,MD,Internal Medicine,2023,184.69135714,2066.64,140.0,77,11.19
1710220181,Singh,Sunil,MD,Internal Medicine,2022,99.78409759857144,1116.2131388614287,1114.0,826,11.19
1851557375,Hall,Duane,NY,Family Practice,2022,79.75175995042856,891.7978139871428,338.0,267,11.18
1255595823,Dakkak,Habib,FL,Internal Medicine,2023,124.21166666666666,1388.2922217666667,1627.0,1006,11.18
1235330119,Saed,Robert,CA,Internal Medicine,2023,63.6691785715,711.75,238.0,166,11.18
1982861050,Herrera,Johany,TX,Family Practice,2023,88.11098075175,984.6725,694.0,389,11.18
1649582982,Befikadu,Sissay,VA,Internal Medicine,2022,79.67370253825,890.37739833,2071.0,1102,11.18
1003848722,Gracy,Ronald,TN,Internal Medicine,2022,116.83989656825,1306.5,199.0,196,11.18
1053453142,Borst,Ellen,KS,Family Practice,2022,101.2353754174,1131.45789474,1132.0,664,11.18
1073826491,Haile,Tibebe,MO,Internal Medicine,2022,88.58858532900001,990.4931701383333,1256.0,633,11.18
1770859571,Walls,Anthony,CA,Family Practice,2022,105.91276548600001,1184.1407872233333,173.0,144,11.18
1447543673,Gaetano,William,NY,Family Practice,2023,88.57121179734,989.3110821080002,712.0,662,11.17
1326012683,Calhoun,Frank,TN,Family Practice,2023,116.0337473925,1296.0,149.0,148,11.17
1437130911,Hardwick,James,MS,Cardiology,2022,62.94750696073889,702.9943734673333,2078.0,1469,11.17
1528599107,Salerno,Nicholas,LA,Family Practice,2022,134.05265927675,1497.25,440.0,428,11.17
1629573936,Babatunde,Ajibola,GA,Family Practice,2022,87.7032457616,979.3611291359999,279.0,113,11.17
1003070129,Ahmadian,Homayoun,TN,Cardiology,2022,79.80284803886585,891.1635210900732,6467.0,5633,11.17
1942261821,Savani,Paresh,FL,Internal Medicine,2023,82.8109862334,925.2040351845,1762.0,1680,11.17
1770926735,Storms,Daniel,NH,Cardiology,2023,59.384181171155994,662.4704746596,2060.0,1742,11.16
1477752715,Gharacholou,Shahyar,FL,Cardiology,2022,85.8681849292,957.8803612480954,1237.0,1209,11.16
1043659550,Koller,Robert,IA,Family Practice,2023,124.46262467,1389.0,381.0,343,11.16
1003170739,Mahmood,Aiman,MI,Internal Medicine,2023,90.85722423666668,1014.0,243.0,229,11.16
1669405593,Lockard,Thomas,AL,Family Practice,2023,86.99699018961999,971.1587461245999,816.0,775,11.16
1629067939,Varghai,Nayyer,OH,Family Practice,2023,37.652102809,420.031242605,662.0,506,11.16
1437599677,Bradley,Melissa,MO,Family Practice,2023,91.130928728,1017.0,192.0,177,11.16
1710323175,Dingwall,Megan,KS,Internal Medicine,2022,101.3560275996,1131.4883721,488.0,286,11.16
1669629358,Alumkara,Bridgit,MD,Internal Medicine,2022,104.34860462814287,1164.4322846785715,727.0,433,11.16
1528086246,Brathwaite,Ron,CA,Internal Medicine,2022,87.97480935033333,982.1925956199999,1293.0,779,11.16
1417927476,Alberts,Jeffrey,VA,Internal Medicine,2022,96.87897375804,1080.7016518228,994.0,963,11.16
1790731628,Pottratz,Scott,GA,Internal Medicine,2022,94.42333045762,1054.2,668.0,628,11.16
1427386697,Lyle,Melissa,FL,Cardiology,2022,66.48906548205454,741.836416084091,1555.0,1455,11.16
1548383086,Paletsky,Faullin,MD,Internal Medicine,2022,120.254979891125,1341.4556247374999,559.0,445,11.16
1750794608,Krishnan,Sheela,ME,Cardiology,2023,28.244435937478574,315.3082266414286,777.0,760,11.16
1386707750,Cheema,Amir,IL,Cardiology,2022,41.49749628994706,462.97038815529413,2022.0,1674,11.16
1215132881,Middleton,Ellen,TX,Internal Medicine,2023,68.12211849147499,759.31370684125,534.0,325,11.15
1790774768,Bauch,Terry,PA,Cardiology,2022,29.515265166646667,329.1404584856,1987.0,1839,11.15
1568894756,Reyal,Farhana,MD,Internal Medicine,2022,99.996242249,1114.6818740685715,1158.0,716,11.15
1033779335,Bhardwaj,Akanksha,PA,Internal Medicine,2023,124.62946237,1389.0,186.0,178,11.15
1093833535,Tatu,Horia,MI,Internal Medicine,2023,79.30709994444001,884.47311412,197.0,190,11.15
1477506657,Adams,David,NY,Internal Medicine,2023,836.443925334,9325.607142857,429.0,428,11.15
1083618953,Nash,Clayton,AR,Family Practice,2023,68.657766164,765.5161998252499,353.0,342,11.15
1578946091,Romero,Dick,NM,Family Practice,2022,95.215854788,1062.123321629,876.0,811,11.15
1104874304,Elhendy,Abdou,WI,Cardiology,2022,40.69591233243684,453.6555967247368,911.0,863,11.15
1326067448,Friday,Karen,CA,Cardiology,2023,14.37496623156,160.2853095932,15692.0,8242,11.15
1699238147,Turay,Achmed,AR,Family Practice,2022,67.1049247523,747.8027155126,316.0,301,11.14
1104874304,Elhendy,Abdou,WI,Cardiology,2023,41.95482779132667,467.428637422,828.0,762,11.14
1881779502,Eisenhauer,Christopher,TX,Family Practice,2022,100.23509389548,1116.8876275799998,257.0,233,11.14
1942399266,Monrad,Ernest,NY,Cardiology,2023,87.6458107422,976.6231312250001,273.0,216,11.14
1164494241,Mahoney,Kevin,WY,Family Practice,2023,110.10455885325001,1226.25,396.0,365,11.14
1245893049,Trinh,Sean,TX,Internal Medicine,2022,151.40357978333336,1687.0,181.0,178,11.14
1013974021,Mehta,Neil,OH,Internal Medicine,2023,45.2994931165,504.787234045,158.0,101,11.14
1528270824,Marcotte,Kendra,KS,Internal Medicine,2022,80.1182039716,892.46341464,1038.0,598,11.14
1831280825,Awan,Zafar,OH,Internal Medicine,2022,94.92301279083999,1057.2506022927998,388.0,373,11.14
1700886926,Rayder,Robert,TN,Family Practice,2022,94.022667567,1047.2510826033333,332.0,321,11.14
1457763559,Hurley,Katherine,TX,Family Practice,2022,82.73595188525,921.82420635,135.0,129,11.14
1821352220,Swe,Ei,TN,Cardiology,2022,39.93799904718125,445.099674764625,2359.0,1777,11.14
1790279255,Willing,Leah,WV,Family Practice,2022,108.485859623975,1208.2649999999999,315.0,309,11.14
1629450275,Baalman,Jonathan,KS,Family Practice,2022,87.05860822425,969.91494845,1108.0,650,11.14
1104029990,Arsanjani,Reza,AZ,Cardiology,2022,43.72105279109,487.080543524875,4371.0,3351,11.14
1609842608,Horn,Robin,DE,Cardiology,2023,36.861869879740624,410.6925095793125,2693.0,2544,11.14
1407148224,Leung,Allison,CA,Internal Medicine,2023,47.32468962055,526.5,244.0,202,11.13
1518907815,Mumpower,Kenneth,TN,Family Practice,2022,94.04080375766667,1046.6551438533334,327.0,318,11.13
1467430371,Lopez-Jimenez,Francisco,MN,Cardiology,2023,19.750848267644443,219.75627240111112,669.0,647,11.13
1912345935,Pugh,Jackson,MO,Family Practice,2023,120.28348676466668,1338.76764706,151.0,146,11.13
1760496475,Payment,Michael,MS,Cardiology,2022,60.66513164085675,674.5333491011352,6815.0,4817,11.12
1205286325,Maione-Mcmahon,Josie,FL,Family Practice,2023,116.54423981349998,1296.0,138.0,138,11.12
1447510722,Clark,Bradley,IN,Cardiology,2023,85.57457400639285,951.3928571428571,4191.0,2208,11.12
1063825511,Miller,Robert,FL,Internal Medicine,2023,85.89595924666666,955.4877617333333,736.0,457,11.12
1528380243,Mandadi,Goutham,VA,Internal Medicine,2022,102.1725047146,1136.4,489.0,320,11.12
1437588019,Scharko,Helen,AL,Family Practice,2022,97.70277009966667,1086.8013741766665,247.0,242,11.12
1659634160,Schenone,Aldo,OH,Cardiology,2023,67.1755976394125,746.768668651875,905.0,770,11.12
1083660245,Hubbard,Bradley,OR,Family Practice,2023,70.86773432833333,788.0,130.0,121,11.12
1801213186,Woo,Jennifer,CA,Cardiology,2023,36.20417657165,402.53416666666664,434.0,405,11.12
1013127695,Hertig,Isabelle,MD,Internal Medicine,2023,120.09192171083333,1335.7670512833333,629.0,370,11.12
1356652028,Asnake,Selamawit,DC,Internal Medicine,2023,100.14559872225,1113.81,1171.0,595,11.12
1932595360,Chaudhry,Somera,VA,Internal Medicine,2023,90.13407211833334,1002.1195326400001,250.0,202,11.12
1457768327,Krause,Daniel,WI,Internal Medicine,2023,92.0087234197,1022.0711861895625,2049.0,1624,11.11
1255310850,Knorr,David,MO,Family Practice,2022,14.05687403051818,156.17095704345454,1293.0,1000,11.11
1255750956,Shah,Shreya,CA,Internal Medicine,2022,51.578330227799995,572.8,130.0,106,11.11
1669442695,Elhady,Hatem,OH,Internal Medicine,2023,68.5095470081,760.9713888775,305.0,285,11.11
1629432471,Jang,Woo Jong,OH,Internal Medicine,2022,161.545231125,1795.225,191.0,190,11.11
1144256629,Herriman,Daniel,NJ,Internal Medicine,2023,86.2896150685,958.48530464,985.0,961,11.11
1487092888,Grant,Rochelle,AL,Family Practice,2023,121.91587334625,1354.5,239.0,238,11.11
1194110205,Lara-Breitinger,Kyla,MN,Cardiology,2022,29.69979166666667,330.0,149.0,146,11.11
1275024507,Song,Jihong,CA,Internal Medicine,2023,142.240323795,1581.0,131.0,127,11.11
1174733224,Wiarda,Karen,IL,Cardiology,2023,61.26734133354,680.4541494337,2406.0,1706,11.11
1689800252,Hossain,Jahangir,NY,Internal Medicine,2023,102.99744229339998,1144.1460000000002,1224.0,744,11.11
1841240553,Noga,Joseph,PA,Internal Medicine,2022,91.05457023921667,1011.4613218131667,1159.0,1104,11.11
1720083140,Oser,Sean,CO,Family Practice,2023,44.44966155833333,494.0,123.0,78,11.11
1689101099,Brown,Sterling,TX,Family Practice,2023,84.48137923136,938.324,701.0,663,11.11
1861457624,Debaun,John,KS,Internal Medicine,2023,95.29439059442858,1058.7745674,1048.0,620,11.11
1134126683,Tan,Annie,OH,Internal Medicine,2023,30.085068313500003,333.94980397,1125.0,898,11.1
1558322164,Naseem,Shoaib,WI,Cardiology,2023,39.65577309531739,440.14366729695655,2179.0,2001,11.1
1871708446,Baker,Penny,OH,Family Practice,2023,117.357610885,1303.23689515,220.0,203,11.1
1710032099,Sharma,Chintu,MD,Internal Medicine,2022,100.48304930600001,1115.5483314571427,992.0,602,11.1
1609371954,Okoli,Ogochukwu,MD,Internal Medicine,2022,117.40011909875,1303.3831114724999,629.0,607,11.1
1033143482,Brenes,Ryan,FL,Family Practice,2023,95.58264777,1061.0,257.0,254,11.1
1538454707,Sholakh,Albert,AR,Family Practice,2022,79.21691235471667,879.3184170983333,283.0,278,11.1
1942286539,Palmer,Gilbert,OH,Family Practice,2023,79.11255128333333,877.1699752000001,116.0,113,11.09
1144326570,Chowdhury,Mostaque,TX,Family Practice,2022,37.757383779639994,418.91739130400003,216.0,207,11.09
1881671949,Freeman,William,AZ,Cardiology,2022,56.71972958391111,628.7996284562963,2773.0,2647,11.09
1639213663,Lee,Christina,CA,Internal Medicine,2022,39.581571332850004,439.05943048,554.0,242,11.09
1326071903,Rockley,Brent,KS,Internal Medicine,2023,95.59857623365,1060.16204586,470.0,462,11.09
1245345610,Heineck,Susan,TX,Internal Medicine,2023,94.576170832325,1048.605,504.0,473,11.09
1598747925,Buccolo,Larissa,FL,Family Practice,2023,116.874508195,1296.0,132.0,131,11.09
1700015658,Galazka,Patrycja,WI,Cardiology,2023,124.46084224847715,1380.6506666666573,14214.0,2362,11.09
1053623884,Updike,Wesley,OK,Family Practice,2023,73.29172837989,812.8958339067,658.0,594,11.09
1538480686,Richter,Stefan,CA,Internal Medicine,2022,183.23584071,2031.8127434,113.0,57,11.09
1740353457,Brasch,Andrea,IL,Cardiology,2023,34.934361212526085,387.4960180498696,2091.0,1876,11.09
1861757387,Kundi,Rizwan,VA,Internal Medicine,2022,97.84647399,1085.3602229233334,361.0,209,11.09
1033747613,Singh,Amandeep,NC,Internal Medicine,2023,91.018587442,1009.81,524.0,270,11.09
1417908732,Moore,Thomas,FL,Family Practice,2023,116.8696295455,1296.0,103.0,103,11.09
1861925497,Mcnamara,James,KY,Family Practice,2023,86.99825222633999,964.2700415360001,173.0,168,11.08
1760802011,Chen,Doreen,MD,Internal Medicine,2022,97.9943302864,1085.742039366,521.0,256,11.08
1760760854,Parajuli,Shaili,VA,Internal Medicine,2023,117.144268044,1297.895,1244.0,657,11.08
1982638318,Phillips,Kenneth,WI,Cardiology,2023,35.417015830425,392.32142857142856,3288.0,2454,11.08
1083648596,Martin,Garrett,MI,Internal Medicine,2022,100.684917604,1115.808087707143,1205.0,636,11.08
1689800252,Hossain,Jahangir,NY,Internal Medicine,2022,95.70074163925,1060.343711385,1397.0,781,11.08
1326090085,Rechlin,David,NY,Internal Medicine,2023,38.44656558126364,426.1098881418182,1230.0,1105,11.08
1194106617,Shaweesh,Yasser,CA,Internal Medicine,2023,108.16241863933334,1198.5512277983332,813.0,462,11.08
1912199324,Roy,Sudipta,LA,Family Practice,2022,93.20145208566667,1032.378324845,503.0,477,11.08
1821268954,Kaminski,Matthew,OH,Cardiology,2023,42.171734871076666,467.45577647933334,2982.0,2697,11.08
1043664014,Choi,Eunjung,PA,Cardiology,2023,39.460513220624996,437.2074326741667,582.0,564,11.08
1538621560,Mccubbin,Travis,CO,Family Practice,2022,80.4691776898889,891.5722222222223,391.0,298,11.08
1871622969,Patel,Chandrakant,TN,Family Practice,2022,90.35389926894,1000.87058824,177.0,173,11.08
1932193323,Applebaum,Robert,NY,Cardiology,2022,46.36561583802353,513.7647058823529,4538.0,2807,11.08
1407114796,Zhitnikova,Mary,CA,Internal Medicine,2023,100.5611764705,1113.81,353.0,219,11.08
1396989026,Vaught,Alan,TX,Family Practice,2022,81.68770468914285,904.0942184871429,771.0,507,11.07
1912360918,Chang,Dennis,CA,Internal Medicine,2023,95.37662666666667,1055.5495299966667,999.0,620,11.07
1285929901,Madisi,Nagendra,NJ,Internal Medicine,2023,63.160724031346675,698.9259774884,704.0,539,11.07
1912976275,Hanna,Paul,GA,Internal Medicine,2023,105.539562185,1168.5,406.0,365,11.07
1669629358,Alumkara,Bridgit,MD,Internal Medicine,2023,117.7839766064,1304.376,688.0,451,11.07
1457885469,Linden,Paul,TX,Internal Medicine,2022,19.6650392595,217.6796116505,370.0,198,11.07
1538523071,Larson,Kathryn,MN,Cardiology,2023,31.781960958285712,351.7142857142857,428.0,428,11.07
1508020355,Castrejon,Oscar,NM,Family Practice,2022,95.52276660416001,1057.7149930084001,640.0,585,11.07
1770576761,Famili,Ahmad,MD,Internal Medicine,2022,170.07765924,1883.4825531333333,283.0,266,11.07
1083942338,Shives,Jason,MS,Family Practice,2022,78.2788871758,865.526991632,622.0,610,11.06
1033175229,Ferenczy,Stephen,OH,Internal Medicine,2023,39.478174981125,436.6824778375,1183.0,897,11.06
1659609006,Xexemeku,Fafa,NY,Cardiology,2023,47.71084411910714,527.7398907388572,4613.0,3749,11.06
1194846899,Deskins,Jason,KY,Family Practice,2022,79.19313803794999,876.0439217663334,443.0,421,11.06
1922123744,Rogers,Bret,OH,Cardiology,2023,39.13298856747857,432.72160364142854,2534.0,2353,11.06
1558378166,Shihabi,Ahmad,IL,Cardiology,2022,44.418578274288464,491.1634250128846,2149.0,2015,11.06
1083648596,Martin,Garrett,MI,Internal Medicine,2023,100.7252410675,1113.81,1179.0,615,11.06
1578512083,Harrelson,Rick,AL,Internal Medicine,2022,76.72124405555455,848.5129739136363,1100.0,767,11.06
1811001746,Dellaportas,Sandra,OH,Internal Medicine,2023,38.0861339975,421.3684451666666,564.0,461,11.06
1902335698,Holler,Benjamin,KY,Family Practice,2022,95.0179656731,1050.8464161821666,1239.0,1093,11.06
1710986963,Rood,Mark,OH,Family Practice,2023,40.24399964042857,445.08272258999995,705.0,532,11.06
1063707883,Kebede,Amelework,MD,Internal Medicine,2022,100.92275221114286,1116.1434181485715,1297.0,746,11.06
1720097827,Patterson,Randolph,GA,Cardiology,2022,36.737683969799996,406.4003233594,455.0,453,11.06
1740275122,Brescia,Donald,WI,Cardiology,2023,22.317181090780004,246.78727272739997,273.0,175,11.06
1548308117,Hirudayaraj,Purnima,TX,Cardiology,2022,18.648346774249998,206.01250000000002,167.0,167,11.05
1265540264,Gregg,David,SC,Cardiology,2022,52.15362069330953,576.366988857619,3138.0,2789,11.05
1750358131,Hamada,Omar,IN,Family Practice,2023,86.42777980372,955.119120044,328.0,324,11.05
1942453444,Zhang,Lily,TX,Cardiology,2022,41.93267809666667,463.1666666666667,429.0,421,11.05
1851332407,Barnes,Richard,TN,Family Practice,2023,75.692570831875,836.34210034225,427.0,417,11.05
1568457463,Bird,Jonathon,MO,Family Practice,2022,35.0195779915,386.98824786324997,103.0,103,11.05
1497798359,Ebhohimen,Charles,GA,Internal Medicine,2023,69.585845939075,768.67945750425,582.0,566,11.05
1629156153,Brahmbhatt,Rajmayur,NJ,Internal Medicine,2023,142.24006027666667,1571.3889615133332,286.0,274,11.05
1639585722,Berryman,Eric,FL,Family Practice,2022,85.99421319824286,950.2857142857143,234.0,166,11.05
1326362997,Wilkerson,Michael,TN,Family Practice,2023,66.64462382722857,736.1301968775714,444.0,432,11.05
1104856723,Coon-Nguyen,Elizabeth,TX,Family Practice,2023,35.082373800451435,387.7280631231428,4398.0,2514,11.05
1750426193,Gelb,Phyllis,NY,Family Practice,2022,55.219447282764285,610.0051759835715,8331.0,302,11.05
1508904186,Pienkos,Paul,WI,Cardiology,2022,43.785753474817234,483.9003582606897,2204.0,1790,11.05
1457430175,Siddiqui,Mohammed,IL,Internal Medicine,2022,82.457260768,910.2,229.0,216,11.04
1184749319,Baumstark,Laurel,MO,Family Practice,2022,97.106070755,1072.0793651000001,140.0,134,11.04
1841228772,Weil,David,OH,Family Practice,2023,110.96144282,1224.81914895,158.0,152,11.04
1548582547,Zafarani,Moe,WI,Internal Medicine,2022,44.276784170714286,488.64652014666666,4133.0,3273,11.04
1144601196,Matz Gugliotto,Kimberly,CO,Family Practice,2023,131.27490522666665,1448.848224666667,208.0,205,11.04
1164743829,Larsen,Carolyn,AZ,Cardiology,2023,44.9720351241054,496.7053899617297,4789.0,3760,11.04
1477080380,Berteau,Benjamin,SC,Family Practice,2023,117.36230707549998,1296.0,184.0,184,11.04
1982861050,Herrera,Johany,TX,Family Practice,2022,81.9055670586,904.57576699,862.0,493,11.04
1386931293,Buendia,Jorge,TX,Family Practice,2022,60.94247187485714,672.5714285714286,643.0,629,11.04
1659631117,Chittireddy,Zoya,TX,Internal Medicine,2023,83.15995571260001,918.0282964800001,742.0,485,11.04
1366890576,Ojile,Nicholas,KS,Internal Medicine,2023,95.31882998171429,1052.1357634714286,1118.0,604,11.04
1568826642,Amstadt,Randi,OH,Family Practice,2023,38.51769540583333,425.059160305,452.0,338,11.04
1457550717,Hutchison,Larry,WV,Family Practice,2022,97.90074306061999,1080.4356353562,448.0,435,11.04
1790056984,Deano,Roderick,WI,Cardiology,2022,44.42584058709566,490.3882608695652,1501.0,1444,11.04
1316430069,Allen,Ashley,KS,Family Practice,2023,80.85301571699999,892.4947368400001,436.0,255,11.04
1699157743,Ayoub,Chadi,AZ,Cardiology,2023,59.75428227146667,659.4335563033333,2196.0,2044,11.04
1386202331,Singh,Karandeep,NJ,Internal Medicine,2022,86.725,957.235,198.0,92,11.04
1124330857,Shirazi,Jonathan,IN,Cardiology,2023,80.77970085135172,891.0981631535861,4043.0,3123,11.03
1043267826,Salih,Salwa,VA,Internal Medicine,2022,85.8172888033,946.21075589875,309.0,251,11.03
1669403341,Ismailjee,Sameer,MD,Internal Medicine,2022,101.05903077242856,1114.6075681571429,1033.0,742,11.03
1700204765,Rodriguez,Rachel,CO,Family Practice,2023,39.537871156,436.25,262.0,206,11.03
1750513792,Lu,Huasheng,MD,Internal Medicine,2023,100.9462880565,1113.81,845.0,403,11.03
1447577176,Darrah,Jason,MN,Cardiology,2023,44.50278877892857,490.77686372478576,2086.0,2013,11.03
1104369842,Samuel,Monique,FL,Family Practice,2023,72.10202427175,795.06212242775,339.0,333,11.03
1023275112,John,Sonia,MD,Internal Medicine,2022,92.1745756705,1016.3442904283334,880.0,527,11.03
1093825317,Kruithoff,Keith,OH,Cardiology,2022,70.90997682915,781.8308197530588,3853.0,3071,11.03
1699735258,Nunez,Mario,FL,Internal Medicine,2022,149.79870588,1652.5,134.0,131,11.03
1114187747,Khan,Bilal,TX,Internal Medicine,2022,103.90967943460001,1146.45,808.0,454,11.03
1306911649,Abdo,Nasser,CA,Internal Medicine,2023,70.51268528457142,777.5714285714286,347.0,222,11.03
1942278700,Kousha,Farahnaz,MO,Family Practice,2023,109.34363996375001,1206.2527583875,340.0,313,11.03
1154322360,Lepore,Mark,MA,Family Practice,2022,107.94033401775,1191.0789540649998,139.0,82,11.03
1225030042,France,Ratchnee,NM,Family Practice,2023,59.48106242,655.45041482,263.0,262,11.02
1467410597,Donahue,Timothy,NC,Cardiology,2022,123.76207894603225,1363.5165782251613,5731.0,3200,11.02
1528120987,Elliott,Trent,AE,Family Practice,2022,99.14973333333334,1092.3333333333333,120.0,106,11.02
1164494241,Mahoney,Kevin,WY,Family Practice,2022,94.80336711466667,1044.6668325399999,428.0,375,11.02
1417931965,Lee,Kwan,AZ,Cardiology,2023,98.171339960175,1081.93743802375,1680.0,1490,11.02
1609397942,Palmer,Aubrey,LA,Family Practice,2023,110.53422985399999,1218.202222225,607.0,567,11.02
1790277143,Khan,Rahim,OH,Internal Medicine,2023,80.0176487052,881.6,445.0,393,11.02
1851396071,Tatpati,Abraham,KS,Internal Medicine,2023,106.0773220795,1168.5,178.0,177,11.02
1659532802,Glick,Michael,NY,Internal Medicine,2022,109.28228973071428,1204.142857142857,220.0,213,11.02
1043215692,Jabbour,Samer,WI,Cardiology,2022,80.55825268433334,887.5906755888889,632.0,426,11.02
1912906041,Aina,Olakunle,GA,Internal Medicine,2023,79.754642015,879.0178384066667,595.0,563,11.02
1699709725,Ip,James,NY,Cardiology,2023,106.14496134491176,1169.4705882352941,1913.0,1445,11.02
1841638749,Cooke,Stephen,NC,Family Practice,2023,117.5867138575,1296.0,197.0,194,11.02
1316306517,Yoon,Bliss,CT,Family Practice,2023,141.162569223,1555.1669841333332,509.0,472,11.02
1992328264,Zafar Gondal,Anoosh,ME,Internal Medicine,2023,88.639073243,976.75,231.0,117,11.02
1578723607,Hicks,William,WV,Internal Medicine,2023,96.53830602750001,1064.1785162066667,654.0,541,11.02
1679952535,Ingram,Jordan,MS,Family Practice,2022,82.69621578337144,910.8927881432857,625.0,607,11.01
1184795155,Vigil,Daniel,CA,Family Practice,2022,65.79244605936667,724.6706520281667,247.0,191,11.01
1376868877,Singh,Sunita,PA,Internal Medicine,2022,98.6563648286,1085.857865246,1077.0,472,11.01
1376868877,Singh,Sunita,PA,Internal Medicine,2023,101.16105875424999,1113.7617727275,1006.0,491,11.01
1831311083,Harris,Matthew,KS,Internal Medicine,2023,94.46626417033333,1040.1380952333334,1061.0,568,11.01
1689834319,Gravel,Paul,GA,Internal Medicine,2022,91.50644882546155,1007.4104299261538,1155.0,902,11.01
1902292204,Turner,Grant,CA,Internal Medicine,2022,101.0887113005,1112.875,602.0,264,11.01
1407893886,Istanbouly,Suhail,IL,Internal Medicine,2022,34.857883608483334,383.799546155,200.0,199,11.01
1659576023,Mcdonald-Smith,Alix,VA,Family Practice,2022,78.01548572536666,859.3122023516667,343.0,318,11.01
1467650762,Rigaud,Steve,FL,Family Practice,2023,117.6834150315,1296.0,138.0,137,11.01
1578011540,Bensam,Benziger,NY,Internal Medicine,2022,128.51594817666668,1414.3333333333333,107.0,54,11.01
1366629958,Nguyen,Patricia,CA,Cardiology,2023,15.52626494025,171.0,541.0,476,11.01
1225039118,Johnson,Douglas,KS,Family Practice,2022,71.95469068455,791.6746696575001,458.0,427,11.0
1073166807,Bayambe,Santhosh,NC,Internal Medicine,2023,83.61792220316666,919.6626063766666,666.0,403,11.0
1649298779,Rowe,Michael,KY,Family Practice,2023,101.82800841016666,1120.4967870883333,451.0,328,11.0
1225323371,Lee,Yun Chau,MN,Family Practice,2023,113.81986831999998,1252.2335952975,866.0,810,11.0
1154718427,Kindya,Bryan,GA,Internal Medicine,2023,144.052672930375,1585.25699976625,196.0,187,11.0
1750355707,Mc Phail,Ian,MN,Cardiology,2023,71.25746892782352,783.918716577647,578.0,531,11.0
1821357823,Smith,Kari,FL,Family Practice,2023,117.826075161,1296.0,226.0,223,11.0
1972591980,Wieck,Robert,OK,Family Practice,2022,100.46174978879999,1105.2095904599998,440.0,403,11.0
1740487024,Krishnaswamy,Amar,OH,Cardiology,2023,237.65294998158333,2614.47506043,662.0,637,11.0
1649632878,Deaver,Kenneth,LA,Family Practice,2022,88.77864285666665,976.218,108.0,108,11.0
1275610529,Sundararajan,Rajalakshmy,IN,Internal Medicine,2023,95.45200749897501,1049.4959804295,212.0,206,11.0
1104815117,Agostini-Miranda,Alex,FL,Family Practice,2022,129.538125815825,1425.1433823500001,268.0,257,11.0
1164732038,Miah,Bahar,FL,Family Practice,2022,100.5539818824,1105.767673992,643.0,622,11.0
1104844836,Vincent,Geoffrey,KS,Family Practice,2022,86.0397949062,945.671613144,759.0,738,10.99
1619921848,Tulenko,Christina,OH,Internal Medicine,2023,110.917192198,1219.080006985,549.0,521,10.99
1477997062,Zimmerman,Jennifer,GA,Internal Medicine,2023,92.27799974533333,1014.0,144.0,141,10.99
1376163386,Virk,Jaskarn,NJ,Internal Medicine,2023,101.3775,1113.81,124.0,73,10.99
1528628963,Theodore,Patchouco,TN,Family Practice,2023,95.3786786173,1048.605,256.0,252,10.99
1689137838,Mkhitaryan,Vahe,CA,Internal Medicine,2023,93.264008921,1025.118,346.0,207,10.99
1508247925,Bolis,Samer,NJ,Internal Medicine,2022,106.69513168744444,1172.6144723811112,1085.0,681,10.99
1912970880,Melyakov,Vladimir,MO,Internal Medicine,2022,96.590894557625,1061.29875,1157.0,712,10.99
1205809522,Harsh,Karen,TN,Family Practice,2022,98.87393109774,1087.10305264,354.0,330,10.99
1922394030,Okoli,Emeka,FL,Family Practice,2023,117.912861189,1296.0,302.0,292,10.99
1982655833,Vaishnav,Pratik,OH,Family Practice,2022,89.10924543984,979.2,489.0,449,10.99
1497941629,Chilukuri,Karuna,WI,Cardiology,2023,38.28587010827778,420.42266950105557,2337.0,2091,10.98
1720648736,Hamam,Ali,KS,Internal Medicine,2022,60.54309393466667,664.6666666666666,193.0,76,10.98
1003040544,Venkatraman,Preeti,TX,Internal Medicine,2023,89.16201753749999,979.2209848900001,617.0,379,10.98
1386099083,Schwarzkopf,Heinz-Dieter,TX,Family Practice,2022,92.79858225886001,1018.5635149,1109.0,1023,10.98
1902812746,Pessanha,Breno,MN,Cardiology,2023,62.72660501403529,688.8266105952941,738.0,684,10.98
1013917962,Bernstein,Paul,WI,Cardiology,2023,52.78881283145,579.4750408857143,1867.0,1500,10.98
1609036458,Iyer,Vivek,CA,Cardiology,2023,163.4086177109421,1794.5694129555263,4478.0,2204,10.98
1578982955,Teklezgi,Semhar,NJ,Internal Medicine,2023,114.99411389666666,1262.7233333333334,795.0,377,10.98
1104073212,Oprisescu,Gina Mihaela,OH,Internal Medicine,2023,39.30591409685714,431.38252656428574,920.0,741,10.98
1962069203,Jurca,Samuel,TX,Family Practice,2022,95.2937342995,1046.3783333333333,325.0,250,10.98
1033452651,Hossain,Afrin,MD,Internal Medicine,2023,101.40656362474999,1113.81,641.0,440,10.98
1710965942,Spittell,Peter,MN,Cardiology,2022,31.99182740577,351.16416666699996,563.0,559,10.98
1629063003,Beebe,Christian,MS,Family Practice,2022,69.0865509355,758.7278586299999,102.0,87,10.98
1720435233,Ali,Shihab,TX,Internal Medicine,2023,140.66972169333334,1542.6093035666665,129.0,128,10.97
1811242498,Iqbal,Leena,MI,Family Practice,2023,99.7628901353,1094.7621405774998,802.0,754,10.97
1700857372,Silver,Michael,ME,Cardiology,2023,31.808496484724998,348.813582098,1211.0,1007,10.97
1093891723,Palacios,Robert,NJ,Family Practice,2023,77.8634926407875,854.1912055375001,1770.0,717,10.97
1063707883,Kebede,Amelework,MD,Internal Medicine,2023,101.501649862,1113.81,1035.0,617,10.97
1407836356,Goldberg,David,TN,Internal Medicine,2023,125.41319837333333,1375.9337919333332,228.0,219,10.97
1689834319,Gravel,Paul,GA,Internal Medicine,2023,83.8151375206,919.8340000000001,1164.0,842,10.97
1164571907,Schulte,Heather,OH,Family Practice,2022,116.06917639275,1272.87081735,396.0,375,10.97
1629450275,Baalman,Jonathan,KS,Family Practice,2023,81.3330319844,892.46578948,1146.0,727,10.97
1619933181,George,James,LA,Family Practice,2023,99.128776695925,1087.9194378500001,323.0,322,10.97
1124224092,Wu,Lisa,WA,Family Practice,2022,3.737041215,41.0,347.0,241,10.97
1306055777,Mansour,John,OH,Cardiology,2022,68.98073853952,756.9395170793334,4072.0,3298,10.97
1205090156,Thompson,Deaunte,TN,Family Practice,2022,69.21426196172499,759.24060596725,416.0,367,10.97
1205965787,Lala,Faisal,IL,Family Practice,2022,98.99778245700001,1085.7820167133334,267.0,264,10.97
1669540142,Ewer,Michael,TX,Cardiology,2023,6.2970145655,69.075223378,6836.0,4727,10.97
1861802563,Rizkallah,Alain,WI,Cardiology,2023,42.146729999061534,462.29876921076925,2028.0,1791,10.97
1770071763,Moyer,Amanda,DC,Internal Medicine,2022,92.67906817750001,1016.6716666666667,514.0,263,10.97
1700106002,Asare,Vivian,CT,Internal Medicine,2022,63.0588265504,691.0,185.0,168,10.96
1194777193,Damba,Dwayne,MO,Family Practice,2023,111.19862473174999,1218.25,401.0,381,10.96
1275798720,Fink,Yuri,NY,Internal Medicine,2023,103.2036171293,1130.811738514,7340.0,3500,10.96
1841724846,Lee,Daniel,CA,Internal Medicine,2023,107.51457111242858,1178.6357345014287,879.0,525,10.96
1043557630,Tayal,Pranav,TX,Internal Medicine,2023,92.98123242875,1018.84730447,452.0,307,10.96
1598927543,Frost,Andrew,TX,Family Practice,2022,77.75866166763332,852.1407321708333,1640.0,1521,10.96
1013478700,Mcguirk,Christina,IN,Family Practice,2023,129.37847484099998,1417.5423186266664,199.0,197,10.96
1801817432,Wolf,Francis,WI,Cardiology,2022,35.47940529569333,388.8666666666667,1118.0,1085,10.96
1205198272,Elizarraraz,Salvador,TX,Family Practice,2023,91.7516390934,1005.4277755662,363.0,338,10.96
1790800118,Muniz,Marco,FL,Family Practice,2023,118.1946460085,1296.0,290.0,285,10.96
1063485803,Bernaski,Edward,NY,Cardiology,2023,90.32846146386956,988.9508752133479,3833.0,2999,10.95
1457615213,Nakhla,Shady,OH,Cardiology,2022,118.72038905941668,1299.7475182379167,912.0,780,10.95
1508812199,Morse,Robin,MO,Family Practice,2023,126.55742654766665,1386.0,279.0,259,10.95
1831192194,Ailiani,Raju,WI,Cardiology,2022,42.45344123702692,464.67979328953845,1381.0,1293,10.95
1952796351,Asfaw,Nardos,TN,Internal Medicine,2022,101.97012766571429,1116.6828571428573,1062.0,592,10.95
1174672026,Ikezuagu,Ojiaku,IA,Family Practice,2022,62.47122126128001,684.364765109,424.0,401,10.95
1649344839,Holy,Vladimir,OK,Family Practice,2022,68.84062211919999,753.8892388786,157.0,150,10.95
1659539237,Habib,Anwer,IN,Cardiology,2023,107.648794902015,1179.1099538205,840.0,728,10.95
1952796351,Asfaw,Nardos,TN,Internal Medicine,2023,101.74842902200001,1114.0829343625,1107.0,665,10.95
1346201076,Bettinger,Paul,WY,Internal Medicine,2023,106.696888887,1168.5,324.0,306,10.95
1710941836,Ayub,Muhammed,NJ,Internal Medicine,2023,51.85087215066667,567.4769634633334,318.0,182,10.94
1649665027,Raza,Tooba,MD,Internal Medicine,2023,104.5790790386,1144.110151658,1496.0,717,10.94
1285727206,Rodriguez,David,TX,Internal Medicine,2022,122.2103604182,1336.88839506,1021.0,977,10.94
1891140901,Chen,Sheree,CA,Internal Medicine,2022,92.329541834,1009.892515184,375.0,218,10.94
1619915378,Uyamadu,Nathan,AL,Internal Medicine,2022,70.93102514165,776.23597217675,384.0,311,10.94
1144370206,Connell,Winston,GA,Family Practice,2022,121.78937372499999,1332.25,312.0,305,10.94
1790976348,Hale,Meredith,TN,Family Practice,2023,73.38681953875,803.1460690425,474.0,455,10.94
1639780604,Karki,Sabin,PA,Internal Medicine,2023,92.31,1009.81,461.0,266,10.94
1154959211,Kabemba Tshitenge,Sarah,NC,Family Practice,2023,106.8252941175,1168.710895725,105.0,103,10.94
1376040717,Ghobryal,Olivia,OH,Internal Medicine,2023,73.86608921733334,807.7841970466667,183.0,99,10.94
1003040544,Venkatraman,Preeti,TX,Internal Medicine,2022,65.100523228,712.39056087,514.0,314,10.94
1386707750,Cheema,Amir,IL,Cardiology,2023,34.602068778016665,378.3888888888889,2047.0,1625,10.94
1982081790,Salih,Omer,MD,Internal Medicine,2022,98.43274882342858,1076.8289650914287,984.0,779,10.94
1578516506,Seth,Monisha,FL,Internal Medicine,2022,31.21652316358,341.328603798,556.0,420,10.93
1457503237,Pelz,Geoffrey,NJ,Cardiology,2022,121.90650579155555,1332.2771164077776,171.0,156,10.93
1568447688,Bibbs,Charles,VA,Family Practice,2022,121.833383451,1331.04512405,480.0,447,10.93
1003043787,Anusionwu,Ngozika,KY,Internal Medicine,2023,90.88068548375,993.11124826,287.0,199,10.93
1013369123,Dhanoa,Komal,NV,Family Practice,2023,56.412251713500005,616.75490196,746.0,372,10.93
1710903760,Smith,Dennis,PA,Cardiology,2023,24.17981095365,264.23929560824996,1000.0,952,10.93
1659832335,Whitenton,John,VA,Family Practice,2022,133.24992986466665,1456.3333333333333,126.0,124,10.93
1184042939,Gupta,Neha,OH,Internal Medicine,2023,45.499877596032,497.30499078248,1590.0,1492,10.93
1225599806,Topacio,Tracey Karen,SC,Internal Medicine,2023,119.73014706000001,1308.208718475,284.0,271,10.93
1255465852,Jacobs,Avrum,OH,Cardiology,2023,42.476461314666665,464.2550011551852,2486.0,1972,10.93
1750676128,Clawson,Aaron,KS,Family Practice,2023,81.66370131599999,892.5076923,1108.0,567,10.93
1083900559,Youssef,Amr,WI,Cardiology,2022,51.31654087773077,560.6671087538462,1862.0,1656,10.93
1316986433,Crawford,Jacky,KY,Family Practice,2022,87.77352880532001,959.6114754139999,252.0,246,10.93
1306125521,Gill,Gultasib,TX,Family Practice,2023,64.15273978845,701.0046153833333,147.0,134,10.93
1346391869,Bortnick,Anna,NY,Cardiology,2022,203.02655303716668,2219.1666666666665,181.0,129,10.93
1841253705,Stanford,Michael,AL,Family Practice,2023,94.47047567028001,1032.1885621672,536.0,508,10.93
1740256692,Narun,Lawrence,DE,Cardiology,2023,39.964634000625715,436.7459876250571,2824.0,2678,10.93
1962543496,Miller,Kenneth,WI,Internal Medicine,2022,94.18486439314286,1029.5039292942859,518.0,503,10.93
1356652028,Asnake,Selamawit,DC,Internal Medicine,2022,88.53652026300001,967.3323571171429,1399.0,754,10.93
1871606004,Forman,Paul,AK,Family Practice,2022,6.1387479054666665,67.06779823566667,109.0,77,10.93
1386757979,Bhargava,Mandeep,OH,Cardiology,2022,118.41923799379546,1294.3354797250001,1371.0,1016,10.93
1043298052,Bulsara,Girish,NY,Internal Medicine,2022,89.44707183927777,977.7639597516668,5617.0,1553,10.93
1073826491,Haile,Tibebe,MO,Internal Medicine,2023,101.9231484795,1113.81,981.0,581,10.93
1700976487,Earnest,Mark,CO,Internal Medicine,2022,39.92715666825,436.25,206.0,153,10.93
1457337768,Reaves,Alvin,SC,Internal Medicine,2023,106.87433426333332,1168.47,385.0,290,10.93
1710032099,Sharma,Chintu,MD,Internal Medicine,2023,101.5589159925,1109.8720394025,746.0,526,10.93
1962519892,Hanon,Samuel,NY,Cardiology,2022,85.47481108713848,933.7412129957692,6948.0,2878,10.92
1063414324,Meyer,Thomas,GA,Cardiology,2022,110.18887777284999,1203.625,4582.0,2950,10.92
1417205782,Taylor,Junior,TX,Internal Medicine,2022,72.45396558615,791.4803382475,460.0,431,10.92
1457540445,Murrell,Steven,OK,Family Practice,2023,26.5581472295,289.947580645,106.0,56,10.92
1972781821,Murray,Michael,TX,Internal Medicine,2022,101.99263318175,1113.60926893,754.0,424,10.92
1306804240,Phares,Pascal,OH,Family Practice,2023,109.2232582,1192.4855018,329.0,323,10.92
1992063226,Sanchez,Jorge,WI,Internal Medicine,2023,77.89680962314286,850.5539945728572,180.0,141,10.92
1194768838,Roques,Jaime,DE,Internal Medicine,2022,117.63637398674999,1284.3454565175,381.0,363,10.92
1265493779,Williams,Eric,GA,Family Practice,2022,74.21732570110001,810.76834896625,614.0,554,10.92
1972543205,Eskind,Jeffrey,TN,Internal Medicine,2023,88.88533758865333,970.9846666666666,1060.0,1008,10.92
1679656334,Spital,Jill,TX,Family Practice,2023,96.07529483100001,1048.605,164.0,161,10.91
1518223031,Anklesaria,Zafia,CA,Internal Medicine,2023,121.99363636500001,1331.33600005,241.0,114,10.91
1255531992,Aviles,Fernando,TX,Family Practice,2022,66.96255538955,730.3546336613334,207.0,122,10.91
1235334681,Watson,Christopher,MD,Internal Medicine,2023,119.53378056599999,1304.01348718,1190.0,582,10.91
1184642225,Wong,Erica,FL,Family Practice,2023,118.7893457525,1296.0,133.0,131,10.91
1598962474,Aggarwal,Niti,MN,Cardiology,2022,58.50319265775333,638.5465560543732,5279.0,779,10.91
1285614362,Melduni,Rowlens,MN,Cardiology,2022,29.31750078583333,320.0,842.0,833,10.91
1629044433,Bieker,Jody,KS,Family Practice,2022,93.40370393792,1019.0,435.0,408,10.91
1083653778,Peterson,Vivian,NC,Internal Medicine,2023,107.059958298,1168.5,408.0,397,10.91
1588682785,Lynn,William,AR,Family Practice,2023,80.96779684728571,883.5756302514285,179.0,142,10.91
1477583722,Sage,Joseph,OR,Internal Medicine,2023,107.09055541000001,1168.5,151.0,147,10.91
1366678211,Howard,Thomas,MI,Family Practice,2023,114.4954885445,1249.2078074,100.0,94,10.91
1386638013,Freedberg,Robin,NY,Cardiology,2022,31.441413619657144,342.89473684214283,1817.0,1293,10.91
1962483016,Hackman-Quinty,Susan,MA,Family Practice,2022,60.1138803435,656.0899276133333,1431.0,1371,10.91
1477556900,Solis,Roberto,TX,Cardiology,2022,103.64081262130696,1129.7426982230234,5456.0,4112,10.9
1538514450,Rizvi,Khizran,LA,Internal Medicine,2023,107.22488793849999,1168.5,479.0,450,10.9
1063414522,Shah,Rakesh,GA,Internal Medicine,2022,88.53718656998335,964.8830868486667,1026.0,967,10.9
1063456630,Martin,Joseph,OH,Cardiology,2022,77.66757283248333,846.7889481538889,2309.0,2095,10.9
1043240633,Barbosa,Jeffrey,CA,Family Practice,2022,30.732251493415387,334.9817968292308,510.0,502,10.9
1407114796,Zhitnikova,Mary,CA,Internal Medicine,2022,93.845623835,1022.58051763,297.0,192,10.9
1841517844,Keener,Janel,FL,Family Practice,2023,85.50025287333334,931.9898850666667,126.0,126,10.9
1558682203,Svatikova,Anna,AZ,Cardiology,2023,47.809133632875,521.1428115685,1162.0,1142,10.9
1437257912,Lwin,Zaw,CA,Internal Medicine,2022,44.283958452875005,482.75,542.0,351,10.9
1417390527,Tesfaye,Melaku,MD,Internal Medicine,2022,107.221369052,1168.59895925,1280.0,1057,10.9
1255431367,Menon,Venugopal,OH,Cardiology,2023,47.1163498270923,513.6982248523077,1148.0,1061,10.9
1124020623,Wong,Christopher,CA,Internal Medicine,2023,46.07457889483334,502.0,370.0,231,10.9
1346694312,Thomas,Tison,ME,Family Practice,2023,96.91003367,1056.0,221.0,133,10.9
1306887070,Walters,Steven,TX,Internal Medicine,2023,82.93354195020001,904.239717106,995.0,720,10.9
1861491359,Mccombs,Kyle,TX,Internal Medicine,2023,69.7999731175,760.627662825,193.0,174,10.9
1912946039,Culler,Paul,OH,Family Practice,2023,70.73948281475,771.1253304649999,276.0,273,10.9
1932134970,Nedelcu,Ciprian,WI,Cardiology,2023,43.31473308175294,472.05882352941177,1460.0,1367,10.9
1710544028,Smith,Elizabeth,VA,Family Practice,2023,133.38260016,1454.2780448666665,288.0,279,10.9
1760416929,Haq,Sami,VA,Internal Medicine,2022,86.507408388,942.2134282283333,942.0,549,10.89
1699799965,Morgan,John,WV,Internal Medicine,2022,72.74025028595,792.14728632025,383.0,359,10.89
1417268657,Girgis,Magdy,MD,Internal Medicine,2023,100.7337197705,1096.9069022200001,1246.0,790,10.89
1437447851,Hinkin,Stephen,KS,Internal Medicine,2023,94.43721166414285,1028.4019901214285,1410.0,845,10.89
1780633453,Bhandari,Surendar,NC,Internal Medicine,2023,77.904355788,848.4651549759999,150.0,98,10.89
1538503271,Yalamanchi,Vinay,NJ,Internal Medicine,2023,123.37591394994443,1343.7272222222223,1689.0,1326,10.89
1073928149,Tomasek,Gerald,IN,Family Practice,2023,121.252,1320.7183099,355.0,337,10.89
1649215989,Mustafa,Muhammad,NJ,Cardiology,2022,123.951923038,1348.364622416875,1268.0,805,10.88
1750540837,Aidoo,Bernice,MD,Internal Medicine,2023,102.384673102,1114.3455303025,873.0,534,10.88
1629347166,Karki,Sajana,VA,Internal Medicine,2023,105.11878073620001,1144.1155,1136.0,604,10.88
1265403968,Cooperstein,Elizabeth,VA,Family Practice,2022,87.11530225082856,947.6208791142857,220.0,202,10.88
1356406417,Nicholson,Andrew,MD,Family Practice,2023,111.09975241890001,1208.2649999999999,177.0,173,10.88
1013995299,Hitchcock,Todd,CA,Cardiology,2022,69.33696087021191,754.091284235881,4396.0,3629,10.88
1275987968,Al Yassin,Sarmed,VA,Internal Medicine,2023,116.06984115,1262.7233333333334,320.0,237,10.88
1619956943,Ball,Curtis,OK,Family Practice,2023,63.087490218999996,686.647451055,164.0,162,10.88
1891954889,Juneja,Avinash,SC,Internal Medicine,2023,89.22326999674999,970.66964853,370.0,231,10.88
1265923783,Watterson,Christopher,PA,Family Practice,2023,112.9254357655,1228.32829081,146.0,146,10.88
1528319639,Jendi,Mohammed,GA,Family Practice,2022,97.86623437056001,1065.2681502786,413.0,398,10.88
1083706600,Touney,Edward,IA,Family Practice,2023,84.5372836657143,919.8004535142857,131.0,121,10.88
1346869955,Zwetzich,Liane,NY,Internal Medicine,2023,89.7763195735,976.75,256.0,129,10.88
1356456578,Piccione,Paul,NY,Internal Medicine,2022,88.02641235728572,958.0428080621429,4037.0,1886,10.88
1740292564,Perinchery,Anitha,IL,Cardiology,2022,62.683502757059095,681.8307416268182,3050.0,1991,10.88
1710141809,Patel,Chirag,SD,Internal Medicine,2023,69.5455114417,756.3266666666667,1168.0,629,10.88
1841473071,Salazar,Jessie,NM,Family Practice,2023,93.169022454,1013.80123886,370.0,328,10.88
1568826956,Ochoa,Fabiola,CA,Internal Medicine,2022,79.07616741766667,860.5133333333333,161.0,72,10.88
1366897738,Harpen,Mary,PA,Family Practice,2023,90.08509945825,979.7939117625,497.0,290,10.88
1356399208,Escobedo-Morse,Antonio,WI,Family Practice,2023,76.6960477230111,834.1390004518148,2532.0,1692,10.88
1417130410,Slim,Hanna,NY,Cardiology,2022,37.75025091746364,410.63627037968183,4650.0,4030,10.88
1659790004,Amaral,Ansel,FL,Cardiology,2022,102.88659011031251,1118.17129629625,796.0,686,10.87
1760558092,Alverson,Tammy,OH,Family Practice,2023,107.494278732,1168.5,384.0,361,10.87
1851774400,Sattout,Amjad,PA,Internal Medicine,2022,104.48660705833333,1135.2502667055555,598.0,533,10.87
1417974288,Tarlton,Scott,IN,Family Practice,2023,67.83367086435,737.2356888099999,126.0,125,10.87
1437254885,Rutledge,Hugh,FL,Internal Medicine,2022,34.07598193281667,370.4738695533333,933.0,558,10.87
1295387967,Patel,Neil,CA,Internal Medicine,2022,74.375,808.45,102.0,43,10.87
1871793257,Pontius,Gina,MO,Family Practice,2022,21.468705068877274,233.3142997825,7650.0,3801,10.87
1407873177,Orbezo Phelps,Anid,FL,Family Practice,2022,131.4000179155,1427.0,915.0,839,10.86
1053768614,Tseng,Andrew,FL,Cardiology,2022,47.08731386221429,511.2741767157143,1040.0,943,10.86
1851492342,Gamez,Francisco,WI,Cardiology,2023,30.905948593211768,335.5882352941176,1435.0,1130,10.86
1457518268,Yenigalla,Usha,MD,Internal Medicine,2022,88.95845051742857,966.1799093885714,1665.0,769,10.86
1710097050,Rubin,David,OH,Cardiology,2023,42.500072111876925,461.48331493076927,1951.0,1766,10.86
1437478583,Gilles,Harolyn,AZ,Family Practice,2023,44.96012056988749,488.1171486425,5585.0,273,10.86
1841265618,Burleson,Michael,FL,Family Practice,2023,119.379087386,1296.0,198.0,196,10.86
1982655833,Vaishnav,Pratik,OH,Family Practice,2023,99.23160590505,1077.25,315.0,281,10.86
1114976909,Rothkin,Michael,MD,Internal Medicine,2023,145.92090219666667,1584.86,681.0,655,10.86
1568426153,Murillo,George,TX,Family Practice,2022,32.36177627118334,351.3333333333333,980.0,810,10.86
1801886593,Kayali,Muhannad,IL,Internal Medicine,2022,93.67203302677142,1017.6467122228571,486.0,446,10.86
1528056181,Dodda,Geetha,IL,Internal Medicine,2023,114.84734803100001,1247.234901901579,1307.0,1294,10.86
1528322476,Pacheco,Alejandro,OK,Family Practice,2023,82.69660082085716,897.7706851665714,774.0,594,10.86
1154480572,Szauter,Karen,TX,Internal Medicine,2022,107.596245212,1167.0,126.0,126,10.85
1164406450,Tajik,Abdul,AZ,Cardiology,2022,30.42550092685556,330.0,2012.0,1570,10.85
1356364079,Sotingeanu,Dan,KY,Internal Medicine,2022,92.25997152274,1001.2432617819999,436.0,406,10.85
1962627034,Kirk,Wesley,KS,Internal Medicine,2023,93.31202201557143,1012.5787616571428,1329.0,888,10.85
1891959730,Woolery,Jonathan,CA,Internal Medicine,2023,75.50077521193333,819.0835964881111,1027.0,995,10.85
1114997616,Gonsalves,Lisa,FL,Family Practice,2022,29.532112657533332,320.4015338122222,1357.0,847,10.85
1639560162,Hassan,Ahmed,NY,Internal Medicine,2023,88.61824098933333,961.1786259950001,1285.0,837,10.85
1013902022,Hauan,Michael,MO,Family Practice,2023,110.0981685355,1194.658683325,308.0,302,10.85
1225006935,Wang,James,OH,Internal Medicine,2023,38.396901614,416.44731800777777,1390.0,899,10.85
1437122603,Barrett,Michael,VA,Internal Medicine,2023,94.736033839,1027.606880106,473.0,308,10.85
1457309072,Teelin,Thomas,WI,Cardiology,2022,32.38616087625625,351.358610421875,5924.0,4685,10.85
1558347021,Ray,Glenn,OH,Family Practice,2022,75.286391254175,816.54959172575,341.0,335,10.85
1508247925,Bolis,Samer,NJ,Internal Medicine,2023,102.64550738374999,1113.81,1104.0,637,10.85
1568446672,Santibanez,Jorge,NV,Internal Medicine,2023,90.621370819625,983.0636163325,168.0,164,10.85
1841604071,Ashwal,David,OH,Family Practice,2023,117.6014831,1276.277857145,187.0,183,10.85
1891770475,Filippi,Ronald,PA,Internal Medicine,2023,80.77892710975,875.9059217225,160.0,154,10.84
1669403341,Ismailjee,Sameer,MD,Internal Medicine,2023,94.58676179300001,1025.118,1152.0,630,10.84
1912213422,Shenoi,Raveen,MO,Internal Medicine,2023,116.9256734465,1267.67676699,571.0,559,10.84
1073621132,Bridge,Robert,MO,Internal Medicine,2022,97.17614202333334,1053.0429407,260.0,238,10.84
1841359189,Scoccia,Vincent,TX,Internal Medicine,2022,96.14629654867272,1042.299521530909,1185.0,896,10.84
1952396608,Saxena,Virendra,MD,Internal Medicine,2022,125.08174408366666,1355.9533333333331,519.0,358,10.84
1063689107,Babiuch,Christopher,IL,Family Practice,2023,33.5596583866,363.927906976,618.0,421,10.84
1447755863,Leiker,Christopher,LA,Family Practice,2022,89.1174271615,965.59623016,107.0,101,10.84
1790026680,Gerhardstein,Sarah,OH,Family Practice,2023,36.567320714714285,396.3357142857143,519.0,485,10.84
1831658699,Noginskiy,Ilya,OH,Internal Medicine,2023,87.9787445094,953.468610392,284.0,189,10.84
1780693846,Lanspa,Thomas,NE,Cardiology,2022,84.1259418576913,911.6103517720869,8571.0,6406,10.84
1013993930,Singh,Ripudamanjit,MN,Cardiology,2023,103.74299643455555,1123.6028938155555,333.0,321,10.83
1780794404,Barrera,Richard,TX,Family Practice,2023,93.51152886799998,1012.3333333333334,160.0,114,10.83
1457337768,Reaves,Alvin,SC,Internal Medicine,2022,107.61579504933333,1165.6565472466666,503.0,368,10.83
1013127695,Hertig,Isabelle,MD,Internal Medicine,2022,131.9886680636,1429.1265862799999,709.0,464,10.83
1508009960,Durairaj,Vikram,AR,Family Practice,2023,96.829655843625,1048.605,116.0,115,10.83
1053791848,Lewandowski,Alyssa,IL,Family Practice,2023,114.88842145449999,1244.71209275,184.0,181,10.83
1679960686,Saeed,Zahid,CA,Internal Medicine,2023,175.95701887,1904.93,265.0,112,10.83
1740470731,Ansari,Sikandar,WI,Internal Medicine,2022,92.80929717888235,1005.3767392888234,1675.0,588,10.83
1205273174,Thomson,Mary,MI,Internal Medicine,2023,90.60331235049999,980.8094279278,194.0,165,10.83
1194242305,Oluyadi,Fatai,SC,Internal Medicine,2023,91.6123455724,991.780735142,717.0,436,10.83
1528532298,Ndzelen,Laura,MD,Internal Medicine,2022,92.58263335049999,1003.128602305,995.0,560,10.83
1932164902,Roselli,Eric,OH,Cardiology,2022,632.3702503982727,6845.796475156364,225.0,222,10.83
1679569206,Ray,Adrian,MO,Internal Medicine,2023,110.27584037125001,1194.60843069,228.0,224,10.83
1740489053,Zhu,Ye,OH,Family Practice,2023,27.756621559499997,300.5714285725,540.0,462,10.83
1891794830,Martinez,Enrique,GA,Cardiology,2022,6.281025641,68.0,351.0,324,10.83
1891140901,Chen,Sheree,CA,Internal Medicine,2023,97.21357502699999,1053.0943995,332.0,207,10.83
1346211455,Polanco,Jorge,NC,Internal Medicine,2023,107.9127679265,1168.5,206.0,199,10.83
1376991398,King Weaver,Travis,AK,Family Practice,2022,10.68142061225,115.69618557999999,971.0,796,10.83
1477507952,Uppal,Muhammad,IN,Family Practice,2023,69.79480112600001,755.056753785,215.0,208,10.82
1265570816,Salazar,Hector,AZ,Family Practice,2023,60.88766626804001,659.0,253.0,245,10.82
1669419016,Matas,Nicholas,MA,Cardiology,2022,84.13701907006667,910.2991666666667,2358.0,1864,10.82
1902872930,Moncher,Karen,WI,Cardiology,2022,24.737500318472726,267.54545454545456,347.0,309,10.82
1649433244,Murphy,Angela,OH,Internal Medicine,2023,31.791841441166667,343.94961240333333,577.0,508,10.82
1538798525,Ansah,Kofi,OH,Internal Medicine,2023,79.49871794866667,860.5133333333333,112.0,78,10.82
1679535181,Horan,Michelle,AR,Family Practice,2023,66.691761646,721.5,553.0,530,10.82
1649582982,Befikadu,Sissay,VA,Internal Medicine,2023,89.13795740814285,964.8642857142858,1931.0,999,10.82
1558789453,Gopalswamy,Kalpana,PA,Internal Medicine,2022,82.15517166925,888.173352755,558.0,277,10.81
1558322164,Naseem,Shoaib,WI,Cardiology,2022,38.36741701420909,414.8274456777272,1824.0,1647,10.81
1841379872,Chaille,Peter,IN,Cardiology,2023,68.48491373337667,740.3595100171333,2127.0,1987,10.81
1598780942,Burns,Michelle,IL,Family Practice,2022,81.1612933504,877.6,336.0,336,10.81
1417952029,Abochamh,Dia,TX,Cardiology,2023,282.3823942670738,3053.5984268806906,8285.0,5255,10.81
1861491359,Mccombs,Kyle,TX,Internal Medicine,2022,82.88265065015,896.2933673350001,184.0,179,10.81
1487885430,Mathew,Betsy,NJ,Internal Medicine,2023,53.82161929825,582.06388889,120.0,87,10.81
1518220136,Lee,Ran,OH,Internal Medicine,2023,87.88700022325,950.183313396875,688.0,402,10.81
1528440054,Pathickal,Justin,RI,Family Practice,2023,77.45199881603334,837.4375,228.0,218,10.81
1013913854,Bell,Annette,FL,Family Practice,2023,74.90735719825,809.5,531.0,510,10.81
1912988965,Pannocchia,Luis,TN,Family Practice,2022,60.769059531974996,656.75,155.0,129,10.81
1326071903,Rockley,Brent,KS,Internal Medicine,2022,87.91018237365999,949.9611855699999,615.0,606,10.81
1154740454,Miranda,Renee,TN,Family Practice,2022,77.00144384373333,832.2222222222222,395.0,309,10.81
1720002512,Wang,Sandra,MA,Internal Medicine,2023,57.1873865465,618.25,148.0,87,10.81
1720345358,Watts,Marissa,MI,Internal Medicine,2022,112.538855022125,1216.0596680575,1061.0,638,10.81
1811934698,Ibrahim,Rimon,VA,Internal Medicine,2023,71.83735298386,776.6,347.0,220,10.81
1720648736,Hamam,Ali,KS,Internal Medicine,2023,82.67120644740001,892.57669902,851.0,463,10.8
1336117431,Le,My-Anh,ME,Internal Medicine,2022,99.7123071748,1076.8,213.0,143,10.8
1508858705,Gamerman,Larisa,OH,Internal Medicine,2023,31.7074120057,342.296719336,1220.0,755,10.8
1104288257,Sharpe,Griffen,MS,Family Practice,2022,70.035720171975,756.51554549275,231.0,209,10.8
1720284805,Ehsan,Rashid,VA,Internal Medicine,2023,94.43080128333334,1019.4519230666668,181.0,140,10.8
1700880796,Barrett,Kathryn,SD,Family Practice,2023,64.55146390361539,697.2451486535385,543.0,501,10.8
1174752760,Khan,Fatima,MD,Internal Medicine,2022,93.98844860483332,1015.1393197266667,1152.0,519,10.8
1346268786,Hunt,Harry,MS,Family Practice,2022,75.90701794924999,818.8881589675,298.0,281,10.79
1023297397,Tesfai,Mebrahtom,NC,Internal Medicine,2022,84.17863779985714,908.5714285714286,746.0,391,10.79
1821215302,Davoudi,Sassan,CA,Internal Medicine,2023,109.1424214475,1177.8600653833334,1400.0,708,10.79
1083060404,Aldamouk,Amer,OH,Internal Medicine,2022,91.57227555857142,988.0117911071429,1295.0,812,10.79
1346365673,Gowda,Sowmya,UT,Internal Medicine,2023,94.803892359,1023.1440849475,205.0,117,10.79
1376582098,Gross,Gustavo,TX,Family Practice,2023,93.1624289376,1004.9092718978,232.0,229,10.79
1346296183,Fields,Andrew,KS,Internal Medicine,2023,90.12762596914285,972.1428571428571,1730.0,1117,10.79
1295742757,Asfaw,Samuel,MD,Internal Medicine,2022,90.48897432157142,976.4773416814286,1094.0,533,10.79
1891721833,Wagner,Phillip,KY,Internal Medicine,2022,77.30768450261667,834.0491316150001,449.0,423,10.79
1124006507,Shah,Purna,NY,Internal Medicine,2022,108.1547478275,1167.5,1296.0,674,10.79
1295114122,Mclaren,Michael,CA,Family Practice,2023,86.96845949440001,938.324,734.0,696,10.79
1518997329,Maples,Donald,MO,Family Practice,2023,110.67849145675001,1193.834530015,459.0,437,10.79
1043218936,Monserrate,Ricardo,NY,Cardiology,2022,279.621950488452,3015.85655066468,4950.0,3255,10.79
1982022125,Tighe,Donald,AL,Family Practice,2022,94.50171370755,1019.0849586505001,1016.0,936,10.78
1740267103,Shapiro,Brian,FL,Cardiology,2022,55.454399871821735,597.7812111801304,2246.0,1651,10.78
1366443657,Heins,Gregory,OH,Cardiology,2023,38.61762224194211,416.4781590594737,2374.0,2140,10.78
1174752760,Khan,Fatima,MD,Internal Medicine,2023,89.3680237886,963.642,1116.0,609,10.78
1770071763,Moyer,Amanda,DC,Internal Medicine,2023,103.348247756,1113.81,836.0,501,10.78
1497973986,Alemu,Fasil,MD,Internal Medicine,2023,103.28109215025,1113.81,1417.0,694,10.78
1700831302,Rudloff,Richard,PA,Internal Medicine,2023,71.45166864235,770.47339227,1137.0,1079,10.78
1477528065,Ammar,Khawaja,WI,Cardiology,2022,64.0727077323619,690.5280112047619,933.0,679,10.78
1417974288,Tarlton,Scott,IN,Family Practice,2022,70.626563179575,761.4405547050001,289.0,275,10.78
1568521227,Trivedi,Manan,DC,Internal Medicine,2022,82.43345391300001,888.688425925,329.0,274,10.78
1013917962,Bernstein,Paul,WI,Cardiology,2022,53.003597665899996,571.4838944585714,2289.0,1784,10.78
1326283532,Athouriste,Olphabine,PA,Family Practice,2022,128.068674464075,1380.42414309175,267.0,248,10.78
1659667129,Elsakka,Mostafa,TX,Family Practice,2022,57.16243726934285,616.4814445499999,254.0,145,10.78
1659487585,Cheema,Farah,MD,Internal Medicine,2023,140.580221154,1515.6399999999999,106.0,90,10.78
1174780571,Gorantla,Saritha,MD,Internal Medicine,2022,149.14195923925,1606.8685886325,756.0,737,10.77
1912058272,Bullock,David,KY,Family Practice,2022,98.811656656,1064.0046725842858,412.0,290,10.77
1154785574,Ahn,Andrew,DC,Internal Medicine,2023,106.12536217280001,1142.811790184,1505.0,719,10.77
1760579023,Burnett,William,WY,Family Practice,2022,20.694371615214997,222.8349754021,1057.0,721,10.77
1376562181,Greenberg,Jerome,CA,Internal Medicine,2023,52.013274809500004,560.25,557.0,465,10.77
1558673384,Jalal,Shwan,MI,Cardiology,2022,60.66093827257273,653.5599956283863,8909.0,5157,10.77
1548234750,Beams,Kelly,UT,Internal Medicine,2022,111.72323826333333,1203.0588951266666,305.0,301,10.77
1487653051,Papadakos,Stylianos,NY,Cardiology,2023,143.25934261136365,1543.135714285727,818.0,580,10.77
1740446483,Handyside,Edward,OH,Family Practice,2023,93.80539663266667,1010.0879357666666,324.0,319,10.77
1386638013,Freedberg,Robin,NY,Cardiology,2023,30.2400609543,325.79599466,1898.0,1314,10.77
1740320670,Cooke,Richard,CA,Family Practice,2022,39.749539148875,428.166666666625,303.0,257,10.77
1346219417,Posey,Willie,KS,Family Practice,2023,86.6190253534,932.264929578,434.0,381,10.76
1295768240,Stephen,Sindu,VA,Internal Medicine,2022,113.6851936114,1223.2,164.0,133,10.76
1336679877,Beck,Joseph,MO,Family Practice,2022,115.63772990175,1244.75,473.0,445,10.76
1366436990,May,Gregory,SC,Cardiology,2023,80.33371473512354,864.7055219135294,3523.0,2671,10.76
1083028666,Abramian,Osheen,NJ,Internal Medicine,2023,73.25747136894348,788.1367719866522,693.0,650,10.76
1033197322,Phillips,Sabrina,FL,Cardiology,2023,62.47952785727,672.0970588235,1700.0,1621,10.76
1477701084,Khawar,Saquib,IL,Internal Medicine,2023,44.89982393476304,483.05745341608696,1637.0,1567,10.76
1972035491,Degner,Zachary,MO,Family Practice,2022,115.08313871175,1238.5438988175001,486.0,461,10.76
1750563623,Terefe-Gifawossen,Ejegayehu,IN,Internal Medicine,2022,87.52711925855556,941.9479245866665,1521.0,922,10.76
1902882327,Frankenberger,Olivier,NY,Cardiology,2023,62.87659015025,676.4872943753846,2843.0,2478,10.76
1609282854,Ahmed,Harris,MI,Family Practice,2023,115.68132192275,1244.75,607.0,584,10.76
1881679496,Kilgallin,John,KY,Family Practice,2023,63.37327868666667,681.9628480933334,212.0,193,10.76
1144235656,Shaff-Chin,Cynthia,OR,Family Practice,2022,32.322083115333335,347.6666666666667,112.0,97,10.76
1609951177,Bryant,Leslie,AK,Family Practice,2022,10.952379143978572,117.80311457114284,797.0,601,10.76
1669490900,Selland,Mark,AK,Cardiology,2022,63.063192974425,678.4725950335,1300.0,930,10.76
1801093943,Cohen,Jonathan,MD,Internal Medicine,2022,103.34068425625,1111.6302795525,317.0,182,10.76
1750513792,Lu,Huasheng,MD,Internal Medicine,2022,94.44098910216667,1016.1723844416666,957.0,403,10.76
1326270356,Sangwan,Vikas,PA,Internal Medicine,2022,115.0103922455,1236.8546747307144,409.0,335,10.75
1760802011,Chen,Doreen,MD,Internal Medicine,2023,117.45009298999999,1262.7233333333334,601.0,321,10.75
1649777616,Sun,William,CA,Internal Medicine,2022,98.32376857442857,1057.053557142857,249.0,186,10.75
1013996214,Wattar,Abdul,OH,Cardiology,2023,37.772780756304165,405.89652055833335,2576.0,2259,10.75
1518102433,Wodiye,Kelemework,VA,Internal Medicine,2023,119.66995652016665,1286.04934925,1369.0,852,10.75
1174142558,Sharif,Saad,NJ,Internal Medicine,2023,90.15593421666667,969.3616666666667,463.0,260,10.75
1164741146,Kashani,Nasser,TX,Family Practice,2022,59.91570187442001,644.387317946,339.0,330,10.75
1730207093,Ewer,Steven,WI,Cardiology,2023,42.969397076668,462.0764383542,2211.0,2000,10.75
1699933895,Pamer,Jessica,MD,Internal Medicine,2022,138.49304487816667,1489.1187561683334,663.0,424,10.75
1588292635,Saleh,Kareem,OH,Internal Medicine,2023,80.04563492066667,860.5133333333333,146.0,95,10.75
1063708006,Urhuogo,Awharitefe,GA,Family Practice,2022,100.50430983288334,1080.1329779305,424.0,393,10.75
1104863364,Ibrahim,Bassel,FL,Cardiology,2023,181.240202019,1948.180510983333,231.0,193,10.75
1831537760,Frye,Gigi,IL,Family Practice,2022,93.14053951199999,1000.9262989266666,269.0,265,10.75
1902098460,Chelehmalzadeh,Mohammad,MN,Family Practice,2022,130.3531349425,1401.437239575,495.0,465,10.75
1679552681,Perkins,Terry,IN,Family Practice,2022,80.99208953484444,870.9207367177778,838.0,799,10.75
1881820330,Hughes,Sarah,MI,Internal Medicine,2023,129.15606742,1389.0,356.0,326,10.75
1326089277,Teran,Lucero,CA,Family Practice,2023,88.48259499811111,950.8888888888889,400.0,321,10.75
1124033790,Batarse,Bassam,MI,Internal Medicine,2023,96.97159301466667,1041.49641169,129.0,126,10.74
1265473318,Debroekert,Dean,DE,Family Practice,2023,91.66438310975,984.40624209,182.0,177,10.74
1528086246,Brathwaite,Ron,CA,Internal Medicine,2023,103.4940827485,1111.8786345400001,1048.0,648,10.74
1245345610,Heineck,Susan,TX,Internal Medicine,2022,94.34725965038001,1012.8472565542,405.0,381,10.74
1013356237,Bender,Bradley,NJ,Internal Medicine,2023,89.04226766833334,956.2311148733334,955.0,590,10.74
1003475633,Schwartz,Harvey,GA,Internal Medicine,2022,101.1932855074,1086.592,378.0,223,10.74
1538104229,Konala,Sivasankara,MO,Internal Medicine,2023,129.01577757566668,1386.0,379.0,362,10.74
1124060876,Moya,Digna,OH,Family Practice,2023,33.465535888800005,359.4,364.0,224,10.74
1821006263,Geoula,Jack,CA,Internal Medicine,2022,93.068201806,999.7831130500001,460.0,216,10.74
1326229691,Sy,Heustein,NY,Internal Medicine,2023,131.69589743666668,1414.3333333333333,209.0,111,10.74
1326229691,Sy,Heustein,NY,Internal Medicine,2022,131.63957189366667,1414.3333333333333,268.0,134,10.74
1730150269,Khot,Umesh,OH,Cardiology,2023,75.8505319747,813.98888889,433.0,327,10.73
1730116005,Thorpe,Richard,TX,Internal Medicine,2023,102.2498933264,1096.8,783.0,729,10.73
1154438141,Figueroa,Michael,CO,Internal Medicine,2022,98.39774211866667,1055.8016909833334,352.0,236,10.73
1164657821,Nguyen,Thang,GA,Family Practice,2023,74.41054144076666,798.5010822583332,442.0,411,10.73
1427553460,Gebremichael,Zerihun,MD,Internal Medicine,2023,102.3990639204,1099.021899168,1196.0,719,10.73
1134680986,Alaie,Seyedeh,MD,Family Practice,2023,96.089832452,1031.19,1181.0,743,10.73
1366896243,Siddiqui,Shayan,MD,Internal Medicine,2022,94.75284204383333,1016.2813939050001,1295.0,610,10.73
1871635243,Uyanne,John,CA,Internal Medicine,2023,43.24718273728571,464.05357142857144,658.0,525,10.73
1235108317,Pornoy,Geoffrey,KY,Internal Medicine,2022,71.4866005095,766.9110343157499,516.0,477,10.73
1053341099,Shergill,Ravinder,WA,Internal Medicine,2023,109.65000150062001,1176.141952003904,3117.0,2200,10.73
1538621453,Beveridge,Robert,GA,Family Practice,2022,103.51875301250001,1109.75,152.0,151,10.72
1114210994,Kaur,Jasleen,PA,Internal Medicine,2023,144.14856745999998,1545.5202381,158.0,151,10.72
1285906602,Murakonda,Padmavathi,ND,Internal Medicine,2023,107.46822700919999,1151.748625,1313.0,814,10.72
1881114213,Davis,Evan,IA,Family Practice,2023,109.035309436,1168.5,488.0,468,10.72
1144267352,Clinton,Robert,ME,Internal Medicine,2022,85.73419279744445,919.3333333333334,842.0,432,10.72
1023275112,John,Sonia,MD,Internal Medicine,2023,103.944957675,1113.81,912.0,582,10.72
1811300551,Ajanaku,Marian,VA,Internal Medicine,2022,111.1515228035,1191.0526929275,3229.0,771,10.72
1083870588,Dulnuan,Kenneth,KY,Cardiology,2023,97.69543674625,1047.47225776375,680.0,205,10.72
1891954889,Juneja,Avinash,SC,Internal Medicine,2022,89.556816370625,960.0,741.0,429,10.72
1295742757,Asfaw,Samuel,MD,Internal Medicine,2023,103.8652603855,1113.929408785,1182.0,703,10.72
1578671525,O'brien,Terrence,SC,Cardiology,2022,66.40061330752857,711.5831532607143,1477.0,1185,10.72
1851331847,Partida,Jorge,NM,Family Practice,2023,70.642300376875,757.0276480125,643.0,590,10.72
1164441903,Collins,Cecilia,FL,Family Practice,2023,99.07714439,1061.0,107.0,107,10.71
1255754719,Sadhu,Phanindar,NC,Internal Medicine,2023,106.79434377160001,1144.1460000000002,1219.0,692,10.71
1902901903,Geils,Wills,SC,Cardiology,2023,86.00944673832272,921.554477315,5436.0,4180,10.71
1528532298,Ndzelen,Laura,MD,Internal Medicine,2023,101.41358486842857,1086.0,1103.0,699,10.71
1164427530,Thomas Brown,Angela,TX,Family Practice,2023,86.6335430622,928.162563226,653.0,345,10.71
1245351055,Welch,Terrence,NH,Cardiology,2022,47.73517816750869,511.1962091467391,1938.0,1720,10.71
1386099083,Schwarzkopf,Heinz-Dieter,TX,Family Practice,2023,88.90538025506001,951.9408288300001,562.0,538,10.71
1962630392,Naji,Omar,VA,Family Practice,2023,94.9070048694,1016.708627138,195.0,159,10.71
1578545968,Shrock,Michael,MS,Family Practice,2023,14.466963946224999,155.0,1543.0,1258,10.71
1851774327,Qaiyum,Osman,IL,Internal Medicine,2022,83.095368217,889.815,201.0,102,10.71
1326528282,Gopinath,Nitin,AR,Family Practice,2023,87.89182377066668,941.0,203.0,191,10.71
1558367490,Gordon,Richard,AZ,Cardiology,2022,34.221310076386665,366.47342968419997,623.0,598,10.71
1033435102,Mangione,Michael,NY,Family Practice,2023,120.97275644000001,1295.0373539,134.0,132,10.71
1003298175,Torres,Juan,PR,Internal Medicine,2023,109.12229602650001,1168.5,253.0,237,10.71
1265687503,Rizvi,Syed,LA,Cardiology,2022,292.06450790253444,3125.6101782972414,3389.0,2197,10.7
1073179305,Adomako,Prince,OH,Internal Medicine,2022,79.99454155014284,855.5714285714286,328.0,188,10.7
1215994827,Fung,Gordon,CA,Cardiology,2023,47.1400927399871,504.35274279064515,5552.0,4526,10.7
1538621560,Mccubbin,Travis,CO,Family Practice,2023,84.775234361,907.4316666666667,1208.0,869,10.7
1477752715,Gharacholou,Shahyar,FL,Cardiology,2023,108.24811265742727,1157.834378325,1124.0,1096,10.7
1205945177,Wyskoarko,Nicholas,WI,Cardiology,2022,47.645100783967855,509.7065791792857,1666.0,1290,10.7
1205945177,Wyskoarko,Nicholas,WI,Cardiology,2023,41.77631034024286,446.84999999999997,178.0,154,10.7
1609046754,Heirendt,Stephen,MI,Internal Medicine,2022,117.65079185125,1259.0,183.0,180,10.7
1134118052,Dunkle,John,CO,Family Practice,2022,99.719518731,1066.6685857666666,749.0,592,10.7
1164863171,Dherange,Parinita,AZ,Cardiology,2023,84.44754678327827,903.545845637826,3243.0,1363,10.7
1851701205,Greenlund,Laura,MN,Internal Medicine,2022,33.25559890147692,355.9539449210846,3780.0,974,10.7
1093003766,El Sabbagh,Abdallah,FL,Cardiology,2023,261.002807814125,2793.5133357937502,644.0,611,10.7
1326465204,Musbah,Mehad,DC,Internal Medicine,2023,104.09019137675,1113.81,1038.0,594,10.7
1831469832,Narotsky,David,CT,Cardiology,2023,46.101448918854544,493.2071962944545,3082.0,2359,10.7
1730186032,Patel,Bharat,MN,Family Practice,2022,71.67301529465,767.0,195.0,171,10.7
1992295349,Patel,Biren,NJ,Cardiology,2022,105.1375,1125.0,402.0,125,10.7
1902192131,Maxwell Covieo,Tiffanie,MI,Internal Medicine,2023,149.152026315,1593.69473685,178.0,172,10.69
1265669816,Patel,Alpa,PA,Internal Medicine,2022,83.230578518,889.815,601.0,377,10.69
1477507952,Uppal,Muhammad,IN,Family Practice,2022,72.1921225734,772.0074711725,212.0,207,10.69
1962998336,Wu,Miaobing,PA,Internal Medicine,2023,120.75267963633333,1290.3333333333333,315.0,307,10.69
1609831239,Osborn,Eugene,TX,Internal Medicine,2023,77.27043512066668,825.9568764706668,188.0,185,10.69
1972591980,Wieck,Robert,OK,Family Practice,2023,69.77912311025,745.65602941,329.0,269,10.69
1508361346,Ademiluyi,Ademayowa,MD,Internal Medicine,2022,95.94130694514286,1026.0,588.0,375,10.69
1255657425,Tittle,Robin,CA,Internal Medicine,2023,111.92014434866667,1196.0,225.0,123,10.69
1326579822,Nguyen,Thuy Trang,CA,Internal Medicine,2023,87.730081751,937.9720464133334,209.0,108,10.69
1770847527,Entezari,Ali,MD,Internal Medicine,2023,88.90987785457142,950.6726479971429,1334.0,969,10.69
1659477933,Salay,Elizabeth,OH,Internal Medicine,2023,23.1204997524,247.191111112,542.0,431,10.69
1962459180,Tamaska,Wayne,NJ,Internal Medicine,2022,125.57499731850001,1342.4029338374999,544.0,440,10.69
1447237110,Mcdonald,Frederick,MD,Family Practice,2023,107.71681388625,1151.7391007225,465.0,455,10.69
1265939169,Banerjee,Sankha,IL,Internal Medicine,2022,74.10829614975,792.385475625,327.0,195,10.69
1023297397,Tesfai,Mebrahtom,NC,Internal Medicine,2023,86.67798282116667,926.4923588266666,699.0,404,10.69
1336482314,Adil,Amina,MN,Cardiology,2022,18.88879669808889,201.75973287855555,505.0,502,10.68
1275987968,Al Yassin,Sarmed,VA,Internal Medicine,2022,90.09539267000001,961.8833333333333,224.0,172,10.68
1255834974,Son,Jae,GA,Internal Medicine,2023,130.10958115,1389.0,191.0,179,10.68
1043431406,Fleming,Ronald,WV,Internal Medicine,2022,94.69144899633334,1011.4166666666666,408.0,344,10.68
1154386084,Remy,David,MD,Internal Medicine,2022,136.20681315225,1454.288022125,477.0,262,10.68
1528284262,Sangha,Romaine,NE,Family Practice,2023,76.27638794766666,814.38286251,100.0,100,10.68
1659384576,Malone,Michael,FL,Cardiology,2023,78.69749800165,840.7518626960666,2082.0,1321,10.68
1386763373,Abdulwahabe,Fozia,DC,Internal Medicine,2022,115.6669272564,1235.630143114,574.0,555,10.68
1033571799,Iwelunmor,Anthony,GA,Family Practice,2022,93.88616340628,1002.4357499731999,653.0,630,10.68
1710249867,Wrensford,Josiah,TX,Family Practice,2022,71.31586240235,761.54055294775,289.0,268,10.68
1316329238,Nesbit,Kevin,GA,Family Practice,2023,93.08673426466667,993.3333333333334,365.0,336,10.67
1497246086,Monroe,Brett,AR,Family Practice,2023,67.64584461525,721.5,384.0,366,10.67
1992943849,Richardson,Oneka,MS,Internal Medicine,2023,90.94311462444,970.3234063333999,626.0,589,10.67
1538621453,Beveridge,Robert,GA,Family Practice,2023,88.7783978392,947.4102079048,564.0,531,10.67
1770922304,Mentias,Amgad,OH,Cardiology,2023,87.26194355399998,931.0,116.0,114,10.67
1134257702,Ng,Ramford,CA,Cardiology,2023,101.8597466154089,1086.662407501,8852.0,6224,10.67
1013151117,Saxena,Neil,NJ,Cardiology,2023,47.51641308672272,506.95454545454544,2557.0,1630,10.67
1114459278,Reynolds,Ryan,OK,Internal Medicine,2023,109.49926236900001,1168.5,631.0,610,10.67
1114943057,Barnell,Phillip,IL,Family Practice,2023,133.89646969766667,1428.1584175,388.0,354,10.67
1447291638,Cortinas,Guillermo,TX,Family Practice,2022,110.57054740575,1179.25,288.0,280,10.67
1033230453,Sadeghian,Iradj,MD,Internal Medicine,2023,7.0272429177,74.983270132,4483.0,2900,10.67
1356389191,Smith,Eric,MI,Family Practice,2022,77.595890148525,828.0849861305,485.0,462,10.67
1194713735,Stillerman,James,GA,Internal Medicine,2023,20.715038201966664,221.0,135.0,131,10.67
1346746260,Shah,Nirmal,OH,Internal Medicine,2023,130.18790323,1389.0,248.0,230,10.67
1194242305,Oluyadi,Fatai,SC,Internal Medicine,2022,90.03990036675,960.0,749.0,493,10.66
1174578710,Vergara,Robert,FL,Family Practice,2022,92.58226900454999,986.8122636655002,811.0,798,10.66
1164839775,Shrestha,Pranit,CA,Internal Medicine,2023,102.653579374125,1094.467068075,800.0,406,10.66
1366432486,Harrison,Joy,NY,Internal Medicine,2022,109.068685224,1162.8342400975,113.0,112,10.66
1427273762,Serrano-Gomez,Claudia,NY,Cardiology,2023,150.3615397334,1603.1921052599998,571.0,449,10.66
1225327604,Scaletty,Peter,MO,Family Practice,2022,116.74120242250001,1244.75,400.0,375,10.66
1982081790,Salih,Omer,MD,Internal Medicine,2023,102.804299583,1096.31528279,1231.0,719,10.66
1073179305,Adomako,Prince,OH,Internal Medicine,2023,93.2214421386,994.161373626,693.0,443,10.66
1245406313,Le,Vien,WI,Cardiology,2023,49.414193836432005,526.5357496739999,2049.0,1901,10.66
1710144324,Garcia,Thomas,GA,Family Practice,2023,93.22633388233334,993.3333333333334,486.0,440,10.66
1386858389,Sabur,Katrina,OH,Family Practice,2023,28.1953965745,300.61993577,371.0,277,10.66
1124467014,Linderman,Dennis,AK,Family Practice,2022,11.1535427759,118.85325916533334,691.0,600,10.66
1396940979,Sulemanjee,Nasir,WI,Cardiology,2022,81.59213452197,870.05,562.0,360,10.66
1831409531,Elnahar,Yaser,NJ,Internal Medicine,2022,73.99932756584839,789.105734813,2828.0,2287,10.66
1841291788,Mbonu,Ikechukwu,MD,Internal Medicine,2023,103.56555555666667,1103.7132259366667,134.0,88,10.66
1528529427,Virnave,Tanvi,IN,Family Practice,2022,107.94128205,1149.6666666666667,125.0,122,10.65
1740215961,Steinmetz,John,MA,Internal Medicine,2022,80.098414456,852.75,197.0,195,10.65
1538254990,Jewell,John,OH,Internal Medicine,2023,37.47965586357143,399.23069070428573,1207.0,806,10.65
1376523472,Stollenwerk,Nicholas,CA,Internal Medicine,2022,97.05241380735,1033.5142270239999,584.0,444,10.65
1124118807,Chacko,Karen,CO,Internal Medicine,2022,40.97248569525,436.25,177.0,148,10.65
1740471960,Bowman,Kenny,TX,Family Practice,2022,118.12340401,1257.87180547,295.0,278,10.65
1144292798,Horton,William,GA,Internal Medicine,2022,80.0281739258,852.3571428600001,458.0,261,10.65
1821526120,Jeffcoat,Daniel,WA,Family Practice,2022,95.05370315350001,1012.484019138,450.0,420,10.65
1104015577,Diaz,Marco,TX,Family Practice,2023,75.68469427157143,806.1530213972857,330.0,302,10.65
1255315149,Bogner,Joel,CT,Family Practice,2022,117.4178924053,1250.9254374305715,231.0,226,10.65
1811953730,Collier,William,OH,Family Practice,2023,72.3236155885,770.19912912,275.0,260,10.65
1477735439,Kottarathil,John,MD,Internal Medicine,2023,93.688436544,997.8797000825,1227.0,595,10.65
1487628897,Sandhu,Preetinder,MD,Internal Medicine,2023,94.23205798,1003.1687296916666,1687.0,1598,10.65
1811337439,Matzen,Dorian,TX,Family Practice,2022,71.96940166925,766.82837780825,243.0,228,10.65
1396844460,Evans,Scott,TX,Internal Medicine,2023,45.5252817235,484.58763411572727,496.0,489,10.64
1851745780,Doegg,Zachary,AL,Internal Medicine,2023,130.36781341,1387.0962099,343.0,333,10.64
1962418160,Hogan,Matthew,TX,Family Practice,2022,52.80237020475263,561.8239603277369,915.0,807,10.64
1013127331,Aguinaga Meza,Melina,OH,Internal Medicine,2023,39.0912632565,415.8092307692308,519.0,443,10.64
1316110927,Spencer,Jason,TN,Internal Medicine,2023,68.544082643025,729.43634931625,449.0,424,10.64
1528333713,Arety,Prasanthi,TX,Internal Medicine,2022,76.11233777066667,809.7160084477778,719.0,499,10.64
1669560249,Aggarwal,Meenakshi,CA,Internal Medicine,2023,80.73085565366999,859.3668715829999,663.0,594,10.64
1962480699,Chapman,Bryan,SC,Family Practice,2022,95.146827741,1012.5425940166666,410.0,402,10.64
1093112484,Gurung,Vikash,WA,Internal Medicine,2022,101.2308769752,1076.8,584.0,305,10.64
1154313203,Prince,Clifton,OH,Family Practice,2023,94.641690821,1005.83291246,161.0,148,10.63
1376104000,Chen,Lei,WA,Internal Medicine,2023,130.64923729,1389.0,118.0,116,10.63
1568858959,Hasychak,John,CT,Family Practice,2022,134.78565188074998,1433.25,253.0,245,10.63
1851310684,Li,Zhaoping,CA,Internal Medicine,2022,76.824902583,817.0,107.0,91,10.63
1427006436,Meade,Robert,NC,Family Practice,2022,72.579151562175,771.84275461125,522.0,502,10.63
1245308329,Martin,Philip,KS,Internal Medicine,2022,31.742488038,337.2646198825,154.0,147,10.63
1326496167,Liu,Wilson,CA,Internal Medicine,2023,111.39942623,1184.2995813066666,412.0,312,10.63
1336585710,Mohsin,Saadia,NJ,Family Practice,2022,114.10851380271428,1212.4285714285713,316.0,312,10.63
1912387473,Malie,Patrick,TX,Internal Medicine,2023,88.29762810154,938.324,653.0,638,10.63
1205240520,Fohtung,Raymond,AZ,Cardiology,2023,57.0554077221147,606.7455197755883,3348.0,3179,10.63
1235371030,Mehta,Tapan,TX,Internal Medicine,2023,109.933290352,1168.5,346.0,319,10.63
1487866976,Fill,Michael,MI,Internal Medicine,2023,106.95575467879999,1137.2,855.0,828,10.63
1912177882,Kohli,Kapil,MO,Internal Medicine,2023,107.35748572649999,1140.97851565,564.0,528,10.63
1487613410,Del Pierro,Katie,VA,Internal Medicine,2022,88.85279089857143,944.3739476271429,1005.0,467,10.63
1689137051,Iqbal,Aadil,OR,Internal Medicine,2022,80.97066545333332,860.5133333333333,370.0,184,10.63
1255685152,Walker,Samuel,OH,Internal Medicine,2023,79.11556285623334,841.3333333333334,261.0,245,10.63
1306055777,Mansour,John,OH,Cardiology,2023,54.581594363164285,580.2242857142858,3557.0,2842,10.63
1881728426,Deluna,Andres,CA,Internal Medicine,2023,39.453703208477776,419.1111111111111,1036.0,943,10.62
1275610529,Sundararajan,Rajalakshmy,IN,Internal Medicine,2022,95.92203239128,1019.0,196.0,185,10.62
1912068370,Wudka,Gisele,CA,Internal Medicine,2023,47.61035903175,505.5,226.0,173,10.62
1295966430,Bois,John,MN,Cardiology,2023,94.34098007072222,1001.4922328683666,7386.0,544,10.62
1225022080,Burns,James,WI,Internal Medicine,2023,7.76747669824,82.4997414916,1898.0,1309,10.62
1235627340,Wilkins Y Martinez,Erika-Lizett,CA,Internal Medicine,2022,79.04891149000001,839.1501285,193.0,119,10.62
1760457113,Farid,Ayman,NY,Cardiology,2023,138.58342570661,1471.134491025,5666.0,3207,10.62
1841382298,Agarwal,Devashish,IL,Family Practice,2023,90.83733009266666,964.6752561333333,542.0,492,10.62
1366755126,Marri,Siva,OR,Internal Medicine,2022,110.92589082399999,1178.3170970275,626.0,375,10.62
1013478700,Mcguirk,Christina,IN,Family Practice,2022,108.25888888666667,1149.6666666666667,128.0,128,10.62
1841496114,Falk,Joshua,NY,Internal Medicine,2023,78.14138798,829.5831263583334,2745.0,1632,10.62
1174020473,Ruth,Nicholas,AL,Family Practice,2022,96.87666486226665,1029.0104730406667,686.0,651,10.62
1174508386,Dixon,Rodney,AR,Family Practice,2023,73.97167595180909,785.4090390382728,1007.0,903,10.62
1417924390,Schenone,Albert,NY,Cardiology,2023,64.77114152763333,687.9525201686666,3604.0,2547,10.62
1922591098,Kalawur,Victoria,NJ,Internal Medicine,2023,122.16086532,1297.391203705,227.0,221,10.62
1841309424,Landolfo,Carolyn,FL,Cardiology,2023,68.970035408275,732.1666666665,2189.0,2101,10.62
1962778118,Johnson,Alyson,NC,Internal Medicine,2022,101.04523042899999,1072.5384615384614,303.0,286,10.61
1194781161,Walsh,Thomas,ND,Family Practice,2023,95.33473975133332,1011.8612315533334,344.0,318,10.61
1992749121,Djevalikian,Raffi,OK,Family Practice,2022,112.64064125197498,1195.187135966,532.0,519,10.61
1568562445,Sheridan,Catherine,OH,Family Practice,2023,34.79956767642857,369.2397959185714,495.0,375,10.61
1588688576,Broussard,Crystal,TX,Family Practice,2023,25.5215542397,270.8211347517021,4988.0,2631,10.61
1396750030,Valverde,Arturo,AZ,Cardiology,2023,129.16086466509557,1370.3314137842221,4172.0,3585,10.61
1992740757,Makan,Majesh,MO,Cardiology,2023,38.1113940562,404.47644243479306,2121.0,1968,10.61
1609161124,Christensen,Mark,AL,Family Practice,2022,95.68756890603333,1015.3432542421666,1010.0,937,10.61
1063897304,Shrestha,Shanta,NH,Internal Medicine,2023,98.90571468885715,1049.4792166614286,1007.0,730,10.61
1518312339,Durham,Elizabeth,KY,Family Practice,2022,72.2296953297,766.55582525,1057.0,977,10.61
1255563474,Perecko,Stanley,WV,Family Practice,2023,88.66488028166667,940.4997711266666,167.0,165,10.61
1295141588,Kim,Esther,MA,Internal Medicine,2023,104.9955077365,1113.81,781.0,499,10.61
1609261932,Patel,Jaimin,AL,Internal Medicine,2022,111.32867340985715,1181.5434683885712,1244.0,775,10.61
1902326499,Humad,Mohamed,IA,Family Practice,2023,77.75574920324999,825.1984515424999,226.0,206,10.61
1720471824,Al-Dabbagh,Haydar,NY,Internal Medicine,2022,106.23465136600001,1126.805204954,1154.0,640,10.61
1871543843,Zevitz,Michael,MI,Internal Medicine,2023,47.20047211815625,500.8502653801875,1514.0,1258,10.61
1871537472,Kalra,Krishan,NJ,Cardiology,2023,69.6912013904074,739.1796690307407,3741.0,1748,10.61
1932173259,Burns,Gloria,TN,Family Practice,2022,70.6188183175,749.48873147,278.0,272,10.61
1932134970,Nedelcu,Ciprian,WI,Cardiology,2022,43.08572963012941,456.6470588235294,2026.0,1852,10.6
1154617793,Ciccone,Cory,KS,Internal Medicine,2023,110.233392892,1168.5,416.0,386,10.6
1407299621,Landsman,Marc,DC,Internal Medicine,2023,97.2826026148143,1031.142857142857,167.0,163,10.6
1144535097,Kella,Danesh,FL,Cardiology,2023,126.40043405631874,1340.2964457246874,2448.0,2136,10.6
1013050202,Birrer,Richard,PA,Family Practice,2022,101.40772318333332,1075.0,141.0,139,10.6
1891780052,Washington,Tonya,SC,Family Practice,2023,91.2210973925,966.99682251,382.0,179,10.6
1326179193,Chatten Brown,Justin,CA,Family Practice,2023,115.53214779720001,1224.0880000000002,304.0,294,10.6
1932193323,Applebaum,Robert,NY,Cardiology,2023,49.42457384733889,524.1468926553889,4825.0,2984,10.6
1366629958,Nguyen,Patricia,CA,Cardiology,2022,16.1331299591,171.0,638.0,560,10.6
1780600668,Luce,Joshua,WI,Cardiology,2023,109.77922875393043,1163.7317850938261,1703.0,1044,10.6
1497798359,Ebhohimen,Charles,GA,Internal Medicine,2022,71.43530590360001,756.9664298037501,721.0,683,10.6
1528073384,Marancenbaum,Heather,NM,Family Practice,2022,77.549507845475,822.2730519572501,166.0,165,10.6
1508180183,Zamber,Jon,TN,Family Practice,2022,94.61915687221999,1002.9930801464001,383.0,362,10.6
1891045837,Di Biase,Luigi,NY,Cardiology,2022,196.529852003325,2083.4375,2835.0,1393,10.6
1225599806,Topacio,Tracey Karen,FL,Internal Medicine,2022,112.83083333333333,1194.3333333333333,109.0,70,10.59
1306868534,Wallace,Kacey,OK,Family Practice,2022,4.278825684133333,45.333333333333336,197.0,182,10.59
1063407203,Carney,Robert,TX,Cardiology,2022,105.07882351592572,1113.2818643479143,8279.0,4439,10.59
1306284211,Jensen,Kevin,NC,Family Practice,2022,88.85249821766666,940.5596905203333,1004.0,606,10.59
1104854553,Short,Benny,KS,Family Practice,2022,93.68885623199999,992.0,249.0,231,10.59
1053565424,Haims,Ziv,FL,Internal Medicine,2022,119.36523310025,1264.3160329225,144.0,143,10.59
1275953242,Nwosu,Lorean,MD,Internal Medicine,2023,86.24146732966666,913.1818219083334,1299.0,1043,10.59
1639156938,Lamm,William,MD,Family Practice,2023,85.67399621225,907.69,187.0,175,10.59
1730169806,Chandrasekaran,Krishnaswamy,MN,Cardiology,2022,33.18415346384,351.3,745.0,742,10.59
1740571280,Martinez,Rodolfo,TX,Family Practice,2023,42.36639580484616,448.7775075146154,1155.0,832,10.59
1952485740,Chelliah,Noah,ND,Cardiology,2023,71.853060988375,760.7854819743125,1753.0,648,10.59
1679757744,Sallam,Tamer,CA,Internal Medicine,2023,91.762564104,971.5,119.0,69,10.59
1356327878,Chavis,Brent,AR,Family Practice,2022,68.75050044425001,728.399186845,314.0,296,10.59
1104869825,Qumei,Moh'd,NJ,Internal Medicine,2022,125.41411335225,1327.6748807775,499.0,483,10.59
1699933895,Pamer,Jessica,MD,Internal Medicine,2023,144.41988915000002,1527.9025000000001,606.0,374,10.58
1235314741,Kremens,Karol,ND,Internal Medicine,2022,75.25809164274546,796.2177104590909,521.0,320,10.58
1205097110,El Masry,Hicham,AZ,Cardiology,2022,125.89982102086383,1332.5036890070214,4613.0,3876,10.58
1053791848,Lewandowski,Alyssa,IL,Family Practice,2022,89.15815945066667,943.6948446833334,214.0,206,10.58
1225066541,Jones,Joseph,TX,Internal Medicine,2022,71.89510302170001,760.35994049,132.0,131,10.58
1659338077,Horiuchi,Jonathan,NJ,Cardiology,2022,66.8580066637421,707.0880715613685,3924.0,3172,10.58
1669891990,Adedinsewo,Demilade,FL,Cardiology,2023,63.56492040976667,672.25,539.0,462,10.58
1336302447,Patel,Rima,NY,Cardiology,2023,65.2413945483875,690.2331464788749,1684.0,1157,10.58
1770987927,Obiaka,Chigozie,AL,Family Practice,2023,86.1895944566,911.7926024599999,442.0,415,10.58
1578508487,Joiner,Sharon,LA,Internal Medicine,2023,85.69725545916249,906.7748973125,866.0,397,10.58
1154438141,Figueroa,Michael,CO,Internal Medicine,2023,96.99095343575,1026.3899999999999,341.0,224,10.58
1770727265,Yuriditsky,Eugene,NY,Cardiology,2022,93.830581251875,992.96875,461.0,220,10.58
1740493501,Jayaraman,Latha,OH,Internal Medicine,2023,94.71121565749999,1002.4833553,285.0,195,10.58
1932177474,Hoffman,James,TX,Family Practice,2023,89.39297934944,944.50654805,256.0,241,10.57
1356345383,Charlebois,Eugene,AZ,Family Practice,2022,125.7941718135,1329.6821108575,476.0,453,10.57
1164886792,Neuda,Rhanika Alexandra,CA,Internal Medicine,2022,47.2390089285,499.5,161.0,127,10.57
1457843229,Saheba,Adarsh,TX,Internal Medicine,2023,91.5610976185,967.5,381.0,352,10.57
1457434078,Zuck,Vincent,IL,Cardiology,2022,32.118053947359996,339.410526316,205.0,191,10.57
1295141588,Kim,Esther,MA,Internal Medicine,2022,77.13946946016667,815.2543790633332,451.0,299,10.57
1811333826,Duncan,Cory,FL,Family Practice,2022,100.386781574,1061.0,127.0,127,10.57
1275585788,Schiller,Nelson,CA,Cardiology,2023,55.99003643771333,591.5863253473333,1092.0,1055,10.57
1891887105,Williams,Marc,OH,Family Practice,2023,35.95316139066667,379.94780478666667,189.0,171,10.57
1720345358,Watts,Marissa,MI,Internal Medicine,2023,118.322374839,1250.254060942,1134.0,694,10.57
1477527489,Warner,Deborah,AK,Family Practice,2023,98.0870085665,1036.48214285,140.0,99,10.57
1194942565,Hubbard,Carlos,OH,Cardiology,2023,42.351404188884,447.59764411,2565.0,2222,10.57
1609036458,Iyer,Vivek,CA,Cardiology,2022,179.99650406261213,1902.1981818181819,3489.0,1731,10.57
1235491812,Giacomino,Bria,MO,Cardiology,2022,85.87505988382728,907.9964899990908,441.0,332,10.57
1609093590,Nagra,Bipinpreet,NJ,Cardiology,2022,70.92159057257692,748.9929728953847,2463.0,1409,10.56
1013917996,Shah,Prakash,WI,Cardiology,2022,43.87848452376222,463.2657491542222,11587.0,7769,10.56
1467430678,Reeder,Guy,MN,Cardiology,2023,43.1414563498,455.499171905,376.0,374,10.56
1811950546,Kouatchou,Jocelyne,MD,Internal Medicine,2022,161.51683610333333,1706.0,516.0,500,10.56
1497208573,Kutlu,Mehmet Talha,IL,Internal Medicine,2023,105.09842619259999,1109.944096604,669.0,444,10.56
1548525157,Li,Songqian,CA,Internal Medicine,2023,96.44459989333332,1018.6733333333333,564.0,333,10.56
1184795155,Vigil,Daniel,CA,Family Practice,2023,63.86660923304,674.4504661996,229.0,153,10.56
1104369842,Samuel,Monique,FL,Family Practice,2022,78.584752987,829.48903114325,286.0,278,10.56
1053538736,Hwangpo,Inkil,AL,Internal Medicine,2022,92.86957664828,979.4519118168,606.0,582,10.55
1255685152,Walker,Samuel,OH,Internal Medicine,2022,72.711446913875,767.2716611925,282.0,265,10.55
1073166807,Bayambe,Santhosh,NC,Internal Medicine,2022,89.715390625,946.75,108.0,62,10.55
1063964666,Sanchez,Michael,FL,Family Practice,2022,111.77523647784001,1179.1038782116,917.0,834,10.55
1750563623,Terefe-Gifawossen,Ejegayehu,IN,Internal Medicine,2023,102.9237630325,1086.270227275,1311.0,849,10.55
1881614923,Lowry,Lisa,FL,Family Practice,2022,100.56870915000002,1061.0,164.0,163,10.55
1841278389,Gentile,Steven,OH,Internal Medicine,2023,100.14694197355,1056.5,262.0,260,10.55
1013906130,Christiansen Ford,Carey,GA,Family Practice,2022,95.67659492166666,1009.1391019399999,415.0,402,10.55
1154716330,Brener,Alina,NY,Cardiology,2023,36.339862643163634,383.46308043104546,1543.0,1412,10.55
1134530454,Hillerson,Dustin,WI,Cardiology,2022,50.29192532005238,530.4095238095239,1511.0,1417,10.55
1083174668,Khan,Afzal,MD,Internal Medicine,2023,90.98030199966666,959.8020327316666,1694.0,999,10.55
1942640875,Moulton,Josiah,UT,Family Practice,2022,120.24929148174999,1268.7241688274999,226.0,221,10.55
1942236401,Gwynn,Robert,CA,Cardiology,2022,24.14716788624286,254.6334384657143,4057.0,2670,10.55
1932278090,De Long,Amy,WI,Family Practice,2022,10.4014756364,109.782899015,104.0,75,10.55
1881651644,Otero,Jorge,CT,Internal Medicine,2022,105.13441343166669,1109.3333333333333,125.0,123,10.55
1295177160,Thothala,Manju,IN,Family Practice,2023,121.54788648233334,1282.14696708,190.0,182,10.55
1720466519,Powell,Sara,KY,Family Practice,2022,72.506920056325,765.236716253,523.0,475,10.55
1609966381,Lin,Chen-Tan,CO,Internal Medicine,2022,46.80292953933334,494.0,155.0,95,10.55
1457731572,Adeyemo,Mopelola,CA,Internal Medicine,2022,77.66123043433333,819.0,166.0,129,10.55
1083174668,Khan,Afzal,MD,Internal Medicine,2022,91.37392995014285,964.2857142857143,507.0,334,10.55
1245223197,Banker,Millard,NC,Family Practice,2023,110.901182065,1168.5,380.0,357,10.54
1497913685,Kleinow,Paul,MI,Internal Medicine,2023,102.24176389,1078.0,117.0,108,10.54
1073680336,Noah,Jerold,CA,Family Practice,2022,88.08610496375,928.7809005525,122.0,70,10.54
1912970880,Melyakov,Vladimir,MO,Internal Medicine,2023,86.80054612116668,914.7600000000001,1041.0,597,10.54
1689137051,Iqbal,Aadil,OR,Internal Medicine,2023,91.4240002948,963.642,1097.0,634,10.54
1992771158,Deivert,Duane,PA,Internal Medicine,2022,73.57876968805455,775.3310863636362,253.0,236,10.54
1033645189,Soleimani,Mina,KS,Family Practice,2023,82.28742799966666,866.9538066666668,261.0,247,10.54
1629045810,Neri-Nixon,Maria Salvacion,OH,Internal Medicine,2023,32.62153282133333,343.76679115,839.0,692,10.54
1922427467,Kenny,Barrett,WI,Cardiology,2023,47.795668901357146,503.73690476178575,2119.0,2038,10.54
1588828982,Johns,Jeffery,FL,Family Practice,2022,80.550764124575,849.3888271302501,157.0,153,10.54
1104144476,Chen,Tiffany,WA,Cardiology,2022,40.91705317397143,431.2857142857143,1061.0,1029,10.54
1093779829,Hasnain,Mohsin,IN,Internal Medicine,2023,70.411706215325,742.1651591525,358.0,334,10.54
1851327738,Ferner,Gregory,OH,Internal Medicine,2022,86.44233857725,911.424135845,482.0,254,10.54
1942762604,Abbasi,Arsalan,MD,Internal Medicine,2023,90.4269799355,952.9923076916666,1553.0,1077,10.54
1720373418,Adusumalli,Srinath,PA,Cardiology,2022,30.618273406545452,322.72727272727275,689.0,585,10.54
1396731527,Cohen,Gerald,MI,Cardiology,2022,37.0493999325,390.5,233.0,228,10.54
1629457023,Reddy,Prajwal,FL,Cardiology,2023,64.484124557276,679.9131939292,2681.0,2115,10.54
1003928912,Whitney,Kevin,WI,Family Practice,2023,68.5606790855,722.6677947366667,276.0,271,10.54
1003940636,Siddiqui,Rasheed,MI,Internal Medicine,2023,111.62248150425,1175.3474402475,757.0,712,10.53
1285798702,Gelles,Ronald,FL,Internal Medicine,2022,28.9594877195,305.0,107.0,101,10.53
1831598291,El Husseini,Ibrahim,NJ,Internal Medicine,2023,102.71219418128571,1081.6863031785713,441.0,293,10.53
1114990025,Gorwara,Simon,NY,Cardiology,2023,84.00375928454584,884.6670493870834,2600.0,2031,10.53
1619943792,Tin,Than Zaw,TN,Internal Medicine,2022,94.28399741666665,993.0,955.0,527,10.53
1730474891,Beckham,Bradley,OH,Internal Medicine,2022,116.07212184525,1222.573831165,370.0,352,10.53
1841646429,Freiberg,Michael,OH,Internal Medicine,2023,34.139738855400005,359.4,469.0,398,10.53
1447497607,Fatima,Syeda,GA,Family Practice,2023,98.45159402975,1036.8306130505,302.0,290,10.53
1083891352,Iliescu,Cezar,TX,Cardiology,2023,119.15000942830589,1254.6905943061765,2047.0,1814,10.53
1649237025,Martin,Catherine,GA,Family Practice,2022,94.369573628,993.3333333333334,345.0,323,10.53
1336586130,Narula,Neha,CA,Family Practice,2023,61.911591808,651.6464406766667,125.0,96,10.53
1184128753,Kraft,Taylor,IL,Internal Medicine,2022,106.47059813320001,1120.08564646,524.0,511,10.52
1255363420,Holland,Kristy,IL,Internal Medicine,2023,137.41924539066667,1445.6666666666667,308.0,296,10.52
1619112307,Goodpastor,Sarah,CO,Internal Medicine,2023,30.968134629874996,325.75,217.0,112,10.52
1740289727,Rodriguez Fierro,Carlos,LA,Internal Medicine,2023,41.5183884649,436.76587194208696,1765.0,1367,10.52
1427264613,Hinton,Brenda,TX,Family Practice,2022,83.70547189533333,880.56,108.0,105,10.52
1326012683,Calhoun,Frank,TN,Family Practice,2022,100.87049319466666,1061.0,211.0,210,10.52
1114305638,Sayeedi,Imran,CA,Internal Medicine,2022,133.5577419355,1404.467741935,149.0,75,10.52
1750919924,Jack,Deborah,MD,Internal Medicine,2023,105.91499999999999,1113.81,304.0,155,10.52
1568443448,Simek,Peter,FL,Internal Medicine,2023,94.32147048955555,992.1187739466667,866.0,551,10.52
1235699034,Singh,Anshika,SC,Internal Medicine,2022,66.458611111,699.0,103.0,68,10.52
1700085214,Ambrose,Marietta,PA,Cardiology,2022,36.47040993081765,383.6088429397059,2033.0,1828,10.52
1508973561,Welka,Stephen,WI,Cardiology,2022,57.906491022064515,609.2043010741936,6060.0,4874,10.52
1861468480,Rivero,Richard,KS,Internal Medicine,2023,88.44586839224999,930.800122065,1288.0,625,10.52
1003478512,Sukhadia,Bhoomika,MD,Internal Medicine,2022,106.24869261733333,1118.0,359.0,169,10.52
1770583643,Panther,Robert,WI,Cardiology,2022,48.8564182163606,513.2554112545455,3454.0,3068,10.51
1023125937,Riad,Kamal,OH,Cardiology,2023,34.95919102535263,367.39689355157896,4309.0,3122,10.51
1730126954,Diamond,Peter,WI,Cardiology,2023,35.91651383694,377.5,1206.0,967,10.51
1720440555,Geiger,Matthew,LA,Internal Medicine,2022,147.47770704,1550.3333333333333,404.0,382,10.51
1396731527,Cohen,Gerald,MI,Cardiology,2023,37.1553423285,390.5,196.0,193,10.51
1346365673,Gowda,Sowmya,UT,Internal Medicine,2022,79.5789680868,836.1421014399999,236.0,136,10.51
1053390526,Freund,Monique,MN,Cardiology,2022,57.70961833877727,606.6021819695454,1202.0,1147,10.51
1780245829,Alawale,Oluwatoyin,LA,Internal Medicine,2023,92.015529733,967.5,236.0,214,10.51
1689058398,Bekele,Adugnaw,GA,Internal Medicine,2022,87.70740217,922.1111111111111,1189.0,628,10.51
1194812669,Dexter,Richard,TX,Family Practice,2022,83.36631180190909,876.1083758763635,412.0,320,10.51
1386641728,Mishra,Shashank,NC,Family Practice,2023,86.62179009287999,910.6,541.0,521,10.51
1265923783,Watterson,Christopher,PA,Family Practice,2022,116.37390160075,1223.5,207.0,206,10.51
1376557637,Bishaw,Hiruy,MD,Internal Medicine,2022,92.34757861766666,970.270214145,1246.0,612,10.51
1265865034,Shah,Gautam,OH,Cardiology,2023,40.43720845548846,425.0194518115385,2518.0,2245,10.51
1346536497,Schmidt,Steven,MI,Internal Medicine,2023,139.07841115,1461.5,158.0,157,10.51
1225074586,Nowak,Paul,NY,Internal Medicine,2022,105.73077143333335,1110.2785810266666,636.0,582,10.5
1750802823,Brecheisen,James,MO,Family Practice,2023,66.92629536281429,703.0092690971429,336.0,313,10.5
1013969492,Domondon,Fernando,NY,Internal Medicine,2023,74.630480501,783.5075512925,248.0,244,10.5
1710356720,Yasin,Hesham,TN,Internal Medicine,2022,81.2024354168,853.0,370.0,245,10.5
1760402846,Shapiro,Shelley,CA,Cardiology,2023,66.1429973475,694.5,197.0,104,10.5
1902878804,Sanchez,Rodrigo,GA,Family Practice,2022,97.61512845,1025.1117155333334,330.0,321,10.5
1568420917,Sporkin,Bradley,NY,Cardiology,2023,70.99368357486364,745.2445887445909,3416.0,1595,10.5
1720242498,Haveman,Jessica,MI,Family Practice,2022,27.752761538500003,291.5,155.0,70,10.5
1780970822,Harrington,Rosiland,GA,Family Practice,2023,94.088338061,988.0998490533333,103.0,100,10.5
1730207093,Ewer,Steven,WI,Cardiology,2022,44.315464595643995,465.16939084996005,2390.0,2111,10.5
1134680986,Alaie,Seyedeh,MD,Family Practice,2022,91.175,957.235,234.0,110,10.5
1386872646,Roberts,Christopher,TN,Family Practice,2022,94.89470264966667,996.3961491566666,221.0,206,10.5
1679981120,Blanco,Jorge,AL,Family Practice,2022,64.90482863413999,681.6,451.0,413,10.5
1962951277,Maggi-Maidinetti,Tiffany,CA,Internal Medicine,2022,73.99604260975,776.7085054275,331.0,182,10.5
1861448953,Uppal,Uzma,KY,Internal Medicine,2022,88.63148100473332,930.4493135733334,200.0,196,10.5
1720253149,Ghobrial,Joanna,CA,Internal Medicine,2022,64.1189976797375,672.34141668625,651.0,570,10.49
1962680793,Greenwood,Ryan,UT,Internal Medicine,2022,88.79240619466667,931.7173881755557,982.0,492,10.49
1891145744,Novakovic,Zachary,NY,Family Practice,2023,32.844409779749995,344.652167375,600.0,363,10.49
1770546178,Price,Gerald,UT,Internal Medicine,2022,86.8291368603,910.951109996,1125.0,611,10.49
1295875680,Filbeck,Kenneth,HI,Family Practice,2023,81.48395210036666,854.5388989945,1492.0,1417,10.49
1467864488,Bakar,Jennifer,MI,Family Practice,2022,105.21712424340001,1103.43462963,134.0,130,10.49
1477901395,Susa,Jesse,WI,Family Practice,2022,27.862743401248,292.39530472364,4312.0,2913,10.49
1851492342,Gamez,Francisco,WI,Cardiology,2022,34.73786565965625,364.375,2986.0,1931,10.49
1518983766,Seghatol-Eslami,Frank,MO,Cardiology,2023,35.712133948788,374.52893089767997,2659.0,2568,10.49
1679736292,Tinsley,Edward,SC,Family Practice,2022,98.51956900431666,1033.2969464125,305.0,298,10.49
1679701023,Pearson,Kenneth,WV,Family Practice,2022,103.03958343272,1081.2325259718,1249.0,1145,10.49
1235251729,Brown,Brandon,SC,Cardiology,2022,89.10405510957187,934.4225355109375,3644.0,2470,10.49
1376196303,Ather,Binish,MI,Internal Medicine,2022,72.85166454085714,764.5714285714286,396.0,257,10.49
1265850051,Martinez,Nichol,PA,Internal Medicine,2023,136.79039256958333,1435.6125,418.0,371,10.49
1033678289,Sipfle,Nicole,CA,Internal Medicine,2023,134.295945431,1408.5075000000002,165.0,162,10.49
1255300554,Efobi,Anthony,TN,Internal Medicine,2022,97.34825000000001,1020.6,193.0,172,10.48
1316235997,Harnden,Celeste,TN,Family Practice,2022,64.90830741425,680.25,853.0,430,10.48
1114943057,Barnell,Phillip,IL,Family Practice,2022,118.81765028424999,1244.75,506.0,460,10.48
1275628935,Schmidt,Matthew,WI,Cardiology,2022,55.28248173705789,579.2105263157895,980.0,880,10.48
1528415999,Jenkins,Parker,AR,Family Practice,2023,94.0136876022,985.66574007125,450.0,420,10.48
1396785317,Damron,Douglas,TN,Internal Medicine,2022,68.76532620166667,720.6666666666666,679.0,368,10.48
1881121572,Guo,Kunxing,MI,Internal Medicine,2023,132.55072727,1389.0,110.0,109,10.48
1164479523,Hammeke,Margarita,TX,Family Practice,2022,75.76263846414285,793.7052356285714,212.0,174,10.48
1972164580,Mahadevan,Kajan,TN,Internal Medicine,2022,68.74464566933334,720.6666666666666,234.0,147,10.48
1235624354,Hackworth,Jeffrey,MO,Internal Medicine,2023,111.5081897915,1168.5,494.0,479,10.48
1518133776,Pervaiz,Sajid,OH,Family Practice,2022,97.62352894768,1023.17743787,868.0,781,10.48
1518945831,Katmeh,Ghazwan,WI,Internal Medicine,2023,18.69175314718889,195.85555555555555,520.0,517,10.48
1366548208,Lombardo,Anne,OH,Family Practice,2023,34.2667342124,359.03720930199995,419.0,365,10.48
1891794418,Tilson,Forrest,TN,Internal Medicine,2022,82.20698610925,861.75,809.0,397,10.48
1518080985,Donnino,Robert,NY,Cardiology,2022,54.248611330192304,568.5934959292155,11312.0,532,10.48
1154779437,Ickes,Harold,OH,Internal Medicine,2023,111.60230432099999,1168.5,281.0,274,10.47
1245893908,Lodhi,Muhammad Uzair,ID,Internal Medicine,2023,94.10157537559999,984.8,486.0,451,10.47
1356395974,Nimo,Ricardo,MS,Internal Medicine,2023,85.32745219382,893.3241668822,585.0,553,10.47
1477711984,Razzouk,Louai,NY,Cardiology,2023,156.97610723727777,1643.1815123665556,1814.0,1572,10.47
1427465053,Samuel,Kenia,OH,Internal Medicine,2022,115.0002744915,1203.75,226.0,115,10.47
1942375050,Handley,Peter,MI,Internal Medicine,2023,79.87638608475,836.0,302.0,207,10.47
1417264383,Lopez,Lisa,CA,Family Practice,2023,42.0708184315375,440.5576923075,1986.0,1058,10.47
1114125234,Rashid,Tarek,NJ,Internal Medicine,2023,92.97099124,973.6527240388888,296.0,245,10.47
1568516896,Lim,Jocelyn,NJ,Internal Medicine,2023,74.5057186148,780.060930738,265.0,153,10.47
1104936673,Levine,Adin,CA,Family Practice,2023,98.5191563509,1031.1916666666668,275.0,269,10.47
1609951177,Bryant,Leslie,AK,Family Practice,2023,11.306405342733333,118.33333333333333,1058.0,804,10.47
1730176272,Hawwa,Abdu,OH,Cardiology,2023,44.247615990099995,462.9102277107692,3317.0,2813,10.46
1386686392,Jones,John,MS,Family Practice,2022,95.53254855056,999.4161745578,1024.0,924,10.46
1952485740,Chelliah,Noah,ND,Cardiology,2022,70.114735571,733.18298711,1462.0,596,10.46
1841265618,Burleson,Michael,FL,Family Practice,2022,101.46845411733334,1061.0,200.0,197,10.46
1063861706,Joseph,Anupama,WI,Cardiology,2023,44.93902432175417,470.19877451,1533.0,1423,10.46
1851329767,Mcclain,David,OR,Family Practice,2022,98.04708108599999,1025.4840682533334,228.0,215,10.46
1235330119,Saed,Robert,CA,Internal Medicine,2022,60.123646298000004,629.0,149.0,119,10.46
1124118807,Chacko,Karen,CO,Internal Medicine,2023,41.711890332,436.25,156.0,124,10.46
1023660297,Hussein,Abdirahman,IL,Internal Medicine,2023,109.65067905125,1147.25,437.0,419,10.46
1710116959,Hilliard,Richard,TX,Internal Medicine,2023,87.0544125216,910.6,528.0,498,10.46
1528032984,Alsharif,Samar,TN,Internal Medicine,2022,68.87970494466667,720.6666666666666,863.0,410,10.46
1316995988,Pu,Min,NC,Cardiology,2022,66.7638623698,698.1433760725,930.0,880,10.46
1821287806,Agendia,Jude,LA,Family Practice,2023,53.89005007968,563.9333333333333,1267.0,871,10.46
1891923025,Nazer,Eyad,SC,Internal Medicine,2022,77.75969403566666,813.2541358544445,420.0,295,10.46
1073621132,Bridge,Robert,MO,Internal Medicine,2023,109.21066959525001,1142.0,256.0,233,10.46
1427036516,Lesser,David,HI,Family Practice,2023,80.62996479325,843.75,209.0,208,10.46
1851897110,Lukose,Siju,NY,Family Practice,2022,101.05784091320001,1057.267889082,783.0,496,10.46
1952667420,Cluff,Benjamin,AZ,Family Practice,2023,93.15716989100001,974.6918440333334,125.0,120,10.46
1497263388,Martin,Christopher,NY,Family Practice,2023,59.4275913964,621.5384615400001,276.0,152,10.46
1023436904,Meda,Edris,DC,Internal Medicine,2023,105.54810155559998,1103.1016366420001,2929.0,847,10.45
1770716680,Hussain,Taarif,IN,Family Practice,2022,117.9803116555,1232.5,100.0,99,10.45
1407046402,Swaminathan,Aravind,CA,Cardiology,2023,64.781084836208,676.8516256172,1545.0,1290,10.45
1235512369,Augustine,Nida,NC,Family Practice,2022,83.176758854,869.1428571428571,951.0,569,10.45
1093798514,Palken,Richard,MA,Internal Medicine,2023,41.390989454285716,432.36007661285714,879.0,649,10.45
1285756163,Harrell,Justin,GA,Family Practice,2023,109.01405521622857,1138.6739146571429,345.0,331,10.45
1295732253,Orjuela,Hernando,NY,Cardiology,2022,71.17003059918889,743.8739704188888,427.0,380,10.45
1154776094,Howlett,Natalie,CA,Internal Medicine,2022,67.43440534,704.90776699,115.0,91,10.45
1962447599,Stein,Melissa,MO,Family Practice,2022,95.62234091943333,999.177490189,678.0,639,10.45
1952314775,Patel,Pankaj,TX,Cardiology,2022,86.96444729954062,908.3558310376562,7279.4,5107,10.45
1376861930,Corbett,Mary,OH,Family Practice,2023,40.719577249333334,425.6620776,188.0,124,10.45
1972639110,Goldstein,Jonathan,KY,Internal Medicine,2022,85.95624295411112,897.8888888888889,446.0,427,10.45
1659334779,Vitale,Karla,TX,Family Practice,2023,127.01186842,1327.6210526,380.0,337,10.45
1073133179,Chellappan,Sree,AR,Family Practice,2023,91.70049846200001,958.2769230800001,349.0,235,10.45
1831133909,Abiodun,Azeez,MD,Internal Medicine,2022,109.54304760383333,1144.47663348,621.0,341,10.45
1922259423,Dang,Jared,CA,Internal Medicine,2023,132.90008969,1389.0,223.0,214,10.45
1922427467,Kenny,Barrett,WI,Cardiology,2022,49.367380097150004,516.1126923076923,2165.0,2046,10.45
1780703355,Ribaudo,Janice,CA,Family Practice,2022,33.55275365405,350.5,179.0,150,10.45
1336555135,Nordhues,Benjamin,MN,Cardiology,2023,59.49452174420001,621.5987148024211,999.0,933,10.45
1255655825,Mcdowell,Michael,VA,Family Practice,2022,121.69633646720001,1271.405925994,541.0,522,10.45
1952396608,Saxena,Virendra,MD,Internal Medicine,2023,118.05824006333334,1232.7833333333333,475.0,288,10.44
1982693107,Newlon,James,GA,Family Practice,2022,98.3087556085,1026.6666666666667,453.0,329,10.44
1083909857,Wilson,Benjamin,NM,Family Practice,2022,117.20186717925,1223.772298805,634.0,610,10.44
1376619726,Collier,Brian,TN,Internal Medicine,2022,61.59780494666666,643.3333333333334,627.0,308,10.44
1851354229,Godard,Michael,NC,Family Practice,2022,127.12555144425,1326.6237257625,517.0,484,10.44
1063943116,Colton,Ilsley,UT,Family Practice,2023,82.72003906828571,863.6757142857143,362.0,266,10.44
1598086688,Ramage,Christopher,TX,Family Practice,2022,91.38886163028,953.9852067986,173.0,171,10.44
1912380809,Mohindra,Vikas,NY,Internal Medicine,2022,92.630416706375,967.5,892.0,532,10.44
1164657821,Nguyen,Thang,GA,Family Practice,2022,93.84277278488,979.4881848913999,556.0,511,10.44
1881615516,Ahmad,Arif,WI,Cardiology,2023,31.34875466204138,327.41794333551724,4504.0,3154,10.44
1598747925,Buccolo,Larissa,FL,Family Practice,2022,101.664575163,1061.0,133.0,132,10.44
1437599677,Bradley,Melissa,MO,Family Practice,2022,94.14727419933332,982.7393047666668,237.0,220,10.44
1073848982,Kyaw,Win,NH,Internal Medicine,2023,93.591830536,976.75,951.0,496,10.44
1942397948,Inman,James,MI,Family Practice,2023,91.97735600652,960.617272322,461.0,424,10.44
1386978427,Miller,Jaime,WI,Family Practice,2023,80.5525177613,841.3333333333334,154.0,147,10.44
1750888434,Singh,Harjas,GA,Internal Medicine,2022,101.58360100157142,1060.8765213785714,827.0,421,10.44
1104827211,Amalfitano,Michael,OH,Cardiology,2023,41.719801034188,435.3027002632,2141.0,1971,10.43
1477577708,Duke,Susan,MO,Internal Medicine,2023,92.727404139,967.5,427.0,408,10.43
1740225226,Sahni,Adarsh,IL,Internal Medicine,2023,135.875673077,1417.26923077,299.0,119,10.43
1558592360,Vaughn,Ginger,OR,Family Practice,2022,74.28893040290001,774.7745177720001,383.0,362,10.43
1023571379,Patel,Gaurav,WY,Family Practice,2022,67.118347437,700.2895309475,104.0,69,10.43
1467403451,Wright,Kolan,NM,Family Practice,2022,92.21446768391999,961.7327402752001,1398.0,1285,10.43
1386084721,Christia,Panagiota,NY,Cardiology,2023,76.26980068538889,795.7475686290667,30101.0,753,10.43
1760582134,Krueger,Kori,WI,Internal Medicine,2022,3.8065914789800006,39.7057587608,11771.0,1533,10.43
1285296491,Naraine,Robert,WV,Internal Medicine,2023,140.10522759999998,1461.5,121.0,119,10.43
1285029405,Sun,Brian,CA,Internal Medicine,2023,116.50203194425,1215.25,437.0,227,10.43
1043414220,Aftab,Waqas,CA,Internal Medicine,2023,169.92813648,1771.2437008,381.0,142,10.42
1952789828,Velivela,Nikhila,DE,Family Practice,2023,85.277501974,888.314005016,761.0,410,10.42
1669442695,Elhady,Hatem,OH,Internal Medicine,2022,72.082886907,751.39553545,333.0,311,10.42
1851828875,Adhikari,Nawaraj,NY,Internal Medicine,2022,113.80987825099999,1185.6668152666666,1216.0,738,10.42
1184005910,Reid,James,IL,Family Practice,2022,98.16973709258,1022.7667096162,474.0,445,10.42
1609822782,Lind,Robert,NJ,Internal Medicine,2022,59.8149655938069,623.3820074947241,3332.0,2773,10.42
1851883698,Del Rey,Fernando,TN,Internal Medicine,2022,69.19444055166666,720.6666666666666,744.0,387,10.42
1487611984,Douglass,Jeffrey,OR,Internal Medicine,2023,86.843565991875,904.75,419.0,344,10.42
1760716971,Hodroge,Samer,TN,Internal Medicine,2022,148.38809722333335,1545.6666666666667,148.0,139,10.42
1538248455,Ittiara,Verona,WI,Family Practice,2023,138.737378449,1445.6666666666667,311.0,304,10.42
1285253641,Nguyen,Eric,AR,Family Practice,2023,93.14129753999998,970.6666666666666,226.0,222,10.42
1649215989,Mustafa,Muhammad,NJ,Cardiology,2023,89.129520751875,928.5391892045833,3464.0,1371,10.42
1750371902,Balewick,Donna,PA,Family Practice,2022,127.80197370225,1331.319297525,248.0,238,10.42
1467485474,Tarrar,Aymel,CA,Family Practice,2023,91.33610535927143,951.8579503118572,774.0,713,10.42
1962490508,Sawlani,Purshotam,IL,Cardiology,2023,95.17422733878999,991.8558115760001,8766.0,4590,10.42
1740353457,Brasch,Andrea,IL,Cardiology,2022,36.391650009578946,379.0539174990526,2000.0,1677,10.42
1700053097,Stansell,Kayce,TN,Internal Medicine,2022,103.70273322819999,1080.96,849.0,361,10.42
1942762604,Abbasi,Arsalan,MD,Internal Medicine,2022,121.48765723275,1266.0,268.0,189,10.42
1639116999,Karolczak,Pawel,TN,Internal Medicine,2022,84.7702527824,882.8,825.0,412,10.41
1588847826,Azad,Mohammad,TX,Family Practice,2022,66.31298389783333,690.5522556441666,690.0,588,10.41
1033143482,Brenes,Ryan,FL,Family Practice,2022,101.89872937733332,1061.0,244.0,242,10.41
1689101099,Brown,Sterling,AR,Family Practice,2022,90.1246530563,938.324,851.0,749,10.41
1598144032,Shilian,Ryan,CA,Internal Medicine,2022,106.32014718399999,1106.722828565,125.0,93,10.41
1386931293,Buendia,Jorge,FL,Family Practice,2023,93.68127126357142,975.0,558.0,544,10.41
1386664977,Pregler,Janet,CA,Internal Medicine,2022,49.559725141499996,515.75,462.0,306,10.41
1326133034,Iliadis,Elias,NJ,Cardiology,2023,148.78125874490476,1548.4866163714287,2048.0,1621,10.41
1477969731,Morie,Marina,CA,Family Practice,2022,101.98917463262501,1061.8947733324999,232.0,165,10.41
1790800118,Muniz,Marco,FL,Family Practice,2022,101.91691664233333,1061.0,359.0,351,10.41
1235699034,Singh,Anshika,SC,Internal Medicine,2023,83.467925756,868.7883670183334,640.0,331,10.41
1417995739,Ray,Daniel,KY,Internal Medicine,2022,99.2064535326,1032.5535296780001,656.0,613,10.41
1144486200,Pandey,Rajesh,NJ,Internal Medicine,2022,56.46547960085,587.8333333333334,36557.0,611,10.41
1497713036,Robledo,Julian,AL,Internal Medicine,2022,73.54203573775001,765.6141005,140.0,132,10.41
1962935254,Zaki,Sandra,TN,Internal Medicine,2022,93.314701954,971.6666666666666,751.0,318,10.41
1891056594,Pagano,Joseph,NJ,Internal Medicine,2022,101.68589509283333,1057.4745511995,757.0,605,10.4
1760402846,Shapiro,Shelley,CA,Cardiology,2022,66.7876189265,694.5,255.0,123,10.4
1912982109,Webb,Patrick,IN,Family Practice,2022,97.97960270268,1019.0,480.0,453,10.4
1205996410,Minhas,Sajjad,AZ,Internal Medicine,2022,67.96091079160001,706.7158140566,282.0,277,10.4
1609966381,Lin,Chen-Tan,CO,Internal Medicine,2023,52.575947368499996,547.0,124.0,68,10.4
1396188975,Fitzgerald,Leslie,TN,Internal Medicine,2022,91.2688774028,948.8,231.0,118,10.4
1487099974,Ko,Myung,CA,Internal Medicine,2023,123.31571250918749,1282.875,648.0,543,10.4
1063610871,Haddad,Dany,NY,Internal Medicine,2022,98.9959504425,1029.875,881.0,544,10.4
1407947666,Shah,Minesh,TN,Internal Medicine,2022,69.28757142716667,720.6666666666666,659.0,349,10.4
1609397942,Palmer,Aubrey,LA,Family Practice,2022,121.7006151355,1266.1818050975,521.0,488,10.4
1265423941,Feagins,Stephen,OH,Internal Medicine,2023,78.8759669676,820.50523531,258.0,178,10.4
1447219290,Oza,Harsha,NJ,Internal Medicine,2022,49.27543465833333,512.6005167966667,148.0,125,10.4
1598795833,Kabir,Mohammed,TN,Internal Medicine,2022,97.44194235700002,1013.3333333333334,161.0,82,10.4
1073848982,Kyaw,Win,NH,Internal Medicine,2022,101.3062807455,1053.625,1226.0,644,10.4
1336194521,Bobbitt,William,NC,Internal Medicine,2023,140.47125,1461.5,145.0,140,10.4
1689968133,Durling,Laura,TX,Internal Medicine,2023,28.403244779192857,295.3794736842857,6564.0,4199,10.4
1265526578,Ciesla,William,VA,Internal Medicine,2022,90.30725286639999,939.553987796,1067.0,632,10.4
1043203862,Kamin,Matthew,IL,Cardiology,2022,57.438976847910716,597.2043592289285,4219.0,2571,10.4
1629238522,Thompson,Jamie,NY,Family Practice,2022,103.42727642233335,1075.0,124.0,123,10.39
1831537760,Frye,Gigi,IL,Family Practice,2023,106.960735347,1111.682198765,149.0,147,10.39
1619917796,Spurlin,Barton,KY,Family Practice,2022,59.18511869833333,614.6721685198333,891.0,814,10.39
1255820833,Brammell,Korey,KY,Internal Medicine,2023,140.604005335,1461.5,274.0,264,10.39
1659437978,Esherick,Joseph,CA,Family Practice,2022,108.81784083483335,1131.1542420866665,207.0,133,10.39
1396788824,Khan,Afsar,NY,Family Practice,2022,92.20664897075,958.0324827033334,742.0,699,10.39
1184637233,Palma,Christopher,NY,Cardiology,2022,38.87747874845,403.8874330867,4168.0,3506,10.39
1184660094,Pulido-Soriano,Gina,TN,Internal Medicine,2022,65.50044607425,680.25,682.0,362,10.39
1235321126,Mccuan,Clayton,TX,Internal Medicine,2022,73.921046314,768.0316828912501,559.0,358,10.39
1972592038,Smith,Kevin,KY,Family Practice,2022,69.069014406725,717.5,186.0,174,10.39
1225480932,Zaidi,Syed Mohsin Shamim,MI,Family Practice,2022,117.62788517550001,1222.7002551,392.0,382,10.39
1619357779,Tan,Chung Ning,IN,Family Practice,2022,95.5576459612,992.8,362.0,358,10.39
1467650762,Rigaud,Steve,FL,Family Practice,2022,102.085277926,1061.0,181.0,179,10.39
1215915921,"Hewgley, Iii",Isham,TN,Internal Medicine,2022,65.955499238,685.5,196.0,102,10.39
1275502684,Raine,Mark,AK,Family Practice,2022,170.203572915,1766.0195436475,157.0,145,10.38
1013172329,Sethi,Ankur,IL,Cardiology,2023,217.36489419384998,2256.511698151,1153.0,937,10.38
1083618953,Nash,Clayton,AR,Family Practice,2022,71.2991027717,740.408963005,579.0,528,10.38
1548675275,Micheo-Rodriguez,Michelle,NY,Family Practice,2023,112.5736143325,1168.5,247.0,236,10.38
1013445329,Sanders,Dr,NM,Internal Medicine,2023,106.341823551,1104.25,480.0,457,10.38
1700227162,Uzunyan,Arman,CA,Internal Medicine,2023,144.15971698,1495.7080189,212.0,209,10.38
1770657157,Turk,Samir,ND,Cardiology,2022,82.15739184482273,852.4293310463636,7889.0,5915,10.38
1538151634,Yllana-Shepperd,Aurora,TX,Family Practice,2023,26.528349915909303,275.4663738155814,5121.0,3271,10.38
1487918363,Cheema,Saima,TN,Internal Medicine,2022,92.6893752195,962.1806097675,484.0,248,10.38
1144267352,Clinton,Robert,ME,Internal Medicine,2023,82.25949301488889,854.1111111111111,1397.0,638,10.38
1093779829,Hasnain,Mohsin,IN,Internal Medicine,2022,73.7019035895,765.3214520925001,359.0,345,10.38
1215322433,Garg,Dave,CA,Internal Medicine,2022,57.02587735433334,591.8333333333334,369.0,295,10.38
1437474665,Coffey,David,MO,Internal Medicine,2023,14.012215351845455,145.42954665892546,8173.0,4197,10.38
1760426720,Stabinski,Raymond,PA,Internal Medicine,2022,104.51163998300001,1084.51130053,293.0,270,10.38
1083141287,Engle,Douglas,GA,Internal Medicine,2022,53.5416964285,556.0,128.0,88,10.38
1467490805,Fawver,Travis,TN,Family Practice,2022,104.1764471818,1080.955706316,332.0,303,10.38
1992191118,Fisher,Elizabeth,AK,Family Practice,2022,10.543390189733334,109.37154280866666,462.0,382,10.37
1598794760,Vartolomei,Roxana,NY,Cardiology,2023,60.3311266297,625.7386121471111,3432.0,2641,10.37
1972167526,Abbas,Ali,MI,Internal Medicine,2023,81.93855614971429,849.5714285714286,658.0,317,10.37
1669850525,Park,Young In,WA,Internal Medicine,2023,112.6959798975,1168.5,289.0,283,10.37
1306830104,Kandaraj,Jeyakumar,WI,Internal Medicine,2023,106.80989367366665,1108.0,816.0,369,10.37
1053733584,Wong,Sara,CA,Internal Medicine,2023,131.077600734,1359.453235785,168.0,100,10.37
1871612010,Mcleod,Christopher,FL,Cardiology,2023,132.95927942139062,1379.399510223125,2738.0,2116,10.37
1912909326,Gardner,James,TX,Family Practice,2022,69.884815918875,724.515,162.0,159,10.37
1922531458,Sullivan,Cody,KY,Internal Medicine,2022,69.47333333333334,720.6666666666666,291.0,190,10.37
1760457261,Meeks,Amanda,IL,Family Practice,2022,79.739889757575,826.91504014125,151.0,142,10.37
1144718677,Malpartida,Juan,TN,Internal Medicine,2022,80.1885974746,831.6,741.0,415,10.37
1245406313,Le,Vien,WI,Cardiology,2022,53.871158893604346,558.8328059691304,1424.0,1337,10.37
1841638749,Cooke,Stephen,NC,Family Practice,2022,102.29309485399999,1061.0,213.0,213,10.37
1124105754,Paley,William,CA,Family Practice,2022,3.2133424384666665,33.333333333333336,153.0,67,10.37
1578724639,Wing,Aimee,CA,Internal Medicine,2022,99.87033854516666,1035.1101395383332,303.0,226,10.36
1962799098,Gondal,Bilal,IN,Internal Medicine,2023,100.43871856854547,1040.45971403,413.0,403,10.36
1326495706,Kolganova,Inna,OH,Internal Medicine,2023,25.487332927540002,264.1094404,717.0,548,10.36
1689024622,Anaya,Gabriel,NY,Family Practice,2022,83.08333333333333,860.5133333333333,261.0,166,10.36
1245344886,Srivastava,Sushama,NJ,Internal Medicine,2023,54.98486324071428,569.3786802442858,340.0,277,10.36
1679569206,Ray,Adrian,MO,Internal Medicine,2022,96.18840724433333,996.1197632233334,270.0,268,10.36
1891147724,Godoy Rivas,Carlos,OH,Cardiology,2023,6.1770165944999995,64.0,258.0,208,10.36
1144514571,Martin,Jesse,WI,Cardiology,2023,104.86617187363889,1086.3329027457223,921.0,843,10.36
1568521227,Trivedi,Manan,DC,Internal Medicine,2023,92.76521541966667,960.7966666666667,136.0,133,10.36
1740549138,Lynn,Patrick,GA,Family Practice,2023,108.08381263575001,1120.0,247.0,241,10.36
1114210101,Pisarewicz,Katarzyna,KY,Family Practice,2022,87.67802688249999,908.125,762.0,459,10.36
1972663201,Mccullough,Nannette,MD,Internal Medicine,2022,74.179368093325,768.13541919925,809.0,711,10.36
1154855104,Abebe,Abiy,IA,Internal Medicine,2023,101.4581208165,1051.54542191,1154.0,663,10.36
1922113802,Madigosky,Wendy,CO,Family Practice,2023,41.95276358425,434.588235295,111.0,86,10.36
1972639110,Goldstein,Jonathan,KY,Internal Medicine,2023,93.8312950546,972.2,327.0,317,10.36
1700178332,Krugh,Jared,PA,Internal Medicine,2023,92.25364019154,955.3883641659999,462.0,442,10.36
1235129156,Guruprasad,Khodanpur,OH,Cardiology,2023,44.23790180698462,458.4130274738461,2912.0,2105,10.36
1225261480,Azeem,Nabeel,MN,Internal Medicine,2023,88.424236675,915.8964665878,201.0,168,10.36
1528382199,May,William,GA,Family Practice,2023,76.84366812875,795.1146929775,611.0,585,10.35
1811985443,Sukenik,Dmitry,IL,Cardiology,2022,99.48614488182223,1029.2191693533334,4266.0,2496,10.35
1407871502,Garver,John,CO,Family Practice,2022,64.1483153328,663.71926294875,674.0,535,10.35
1083236939,Murali,Kaavya,MD,Internal Medicine,2023,93.118367924,963.642,353.0,245,10.35
1548822711,Karan,Sheekha,PA,Internal Medicine,2023,83.10301783266667,860.5133333333333,386.0,188,10.35
1184792418,Pham,Dao,WA,Cardiology,2023,40.91405364726666,423.3333333333333,107.0,99,10.35
1548427545,Kim,Jiwon,NY,Cardiology,2022,84.4312081309,874.0264790763636,25465.0,815,10.35
1821160722,Jarrell,Renaldo,NC,Internal Medicine,2023,124.63930820666667,1290.3333333333333,358.0,340,10.35
1033604673,Surdez,Derek,KS,Family Practice,2023,124.64397477466666,1290.3333333333333,123.0,123,10.35
1487017653,Julian,Ryan,FL,Family Practice,2022,80.234378523125,830.76042483125,1106.0,582,10.35
1346334588,Goji,Nega,MD,Internal Medicine,2022,135.4704594836,1402.021500316,768.0,500,10.35
1215935010,Pangallo,Frank,IN,Family Practice,2022,70.368811047175,728.178652975,894.0,800,10.35
1215329990,Friday,Hanzel,NY,Internal Medicine,2023,112.8607509115,1168.5,367.0,347,10.35
1326235607,Ishizawar,David,NC,Cardiology,2022,102.2790105715,1058.625,553.0,252,10.35
1427036516,Lesser,David,HI,Family Practice,2022,102.49272104833334,1061.0,198.0,196,10.35
1215914528,Pickstock,Janet,TN,Internal Medicine,2022,104.3475349456,1080.4,268.0,201,10.35
1104261106,Varghese,Sarat,CA,Family Practice,2022,105.62948306566666,1093.4146719666667,101.0,82,10.35
1588612014,Williams,Charlie,AL,Family Practice,2022,93.20563155100001,965.0581761099999,223.0,220,10.35
1740770759,Fiaz,Bilal,GA,Family Practice,2022,74.95472792294287,775.6353954325714,878.0,867,10.35
1245385947,Sandhu,Faraz,NM,Cardiology,2023,116.99036932459349,1210.3859880272826,4951.0,4185,10.35
1831194471,Jensen,Peter,AL,Family Practice,2023,79.8107477105,825.93331787,662.0,531,10.35
1285659607,Gould,Keith,TN,Family Practice,2022,102.46496203488,1060.74224138,924.0,888,10.35
1285606533,Bernstein,Brett,NY,Internal Medicine,2022,103.19232573371428,1067.998036327143,232.0,219,10.35
1295065993,Syros,Georgios,NY,Cardiology,2022,74.13233868547333,767.3425389883333,3736.0,1972,10.35
1275594228,Lipe,Mark,OK,Family Practice,2023,71.469275701,739.5,243.0,232,10.35
1528286275,Parsia,Sam,MD,Internal Medicine,2023,121.2467279576,1253.706379588,278.0,203,10.34
1679815831,Nualles-Percy,Dayani,CA,Internal Medicine,2023,112.4609690812,1163.236,480.0,261,10.34
1215945779,Salese,Giuseppe,NJ,Internal Medicine,2022,47.397922078,490.0,154.0,96,10.34
1508220336,Kaka,Yaquta,OH,Cardiology,2023,6.18862713625,64.0,297.0,224,10.34
1417190703,Keeley,Phillip,KY,Family Practice,2022,65.04507472298333,672.6496732016667,245.0,221,10.34
1942595103,Vo,Luong Ngoc,TX,Family Practice,2023,93.57841796999999,967.5,294.0,271,10.34
1699931212,Kansal,Priya,IL,Cardiology,2022,43.1978431132,446.75,181.0,176,10.34
1396154142,Gupta,Mohit,OH,Internal Medicine,2022,87.55056062328572,904.8605965428571,654.0,409,10.34
1407070162,Varanasi,Anju,TX,Family Practice,2023,102.262902025,1057.0685811,612.0,591,10.34
1780633453,Bhandari,Surendar,NC,Internal Medicine,2022,78.47627453675,810.94211899625,539.0,341,10.33
1457768327,Krause,Daniel,WI,Internal Medicine,2022,53.80416858516667,556.0339052283333,300.0,283,10.33
1568436558,Galindo,Denis,TX,Internal Medicine,2023,23.799876066539476,245.79266253868423,5791.0,3830,10.33
1780753988,Mccullough,Steven,KY,Internal Medicine,2022,89.54109841171429,924.8571428571429,877.0,426,10.33
1265828255,Mintah,Chaille,NY,Family Practice,2023,76.5255684334,790.8119210296667,244.0,236,10.33
1518132612,Confer,Bradley,PA,Internal Medicine,2022,113.48314923781818,1171.93420217,219.0,195,10.33
1801842570,Cottrell,Ben,TN,Family Practice,2023,99.218924372,1025.09535086,199.0,197,10.33
1134501760,Green,John,MD,Internal Medicine,2022,99.61365812766667,1028.9812599666666,141.0,140,10.33
1396714564,Lancaster,Gilead,CT,Cardiology,2023,37.766566898575,390.09733814112496,619.0,565,10.33
1508811902,Lukban,Fulton,MD,Internal Medicine,2022,123.72649970725,1278.5313926175,759.0,731,10.33
1205817996,Hazelrigg,Stephen,IL,Cardiology,2022,314.1769408472666,3244.133333333333,506.0,428,10.33
1568789139,Patel,Nishith,PA,Family Practice,2023,90.41879514680001,934.3074513939998,507.0,486,10.33
1104310671,Datar,Nachiket,SC,Family Practice,2023,113.092490964,1168.5,368.0,344,10.33
1346426038,Sakaria,Sonali,TN,Internal Medicine,2022,105.87973825883334,1093.679952395,244.0,226,10.33
1598765471,Port,Steven,WI,Cardiology,2022,180.1244061859875,1859.8333333333333,13768.0,1742,10.33
1578677498,Mussin,Elizabeth,MI,Family Practice,2023,73.4119773506,758.1363597650001,371.0,348,10.33
1184642225,Wong,Erica,FL,Family Practice,2022,102.68705600100002,1061.0,146.0,145,10.33
1992071658,Le,Lien,CA,Internal Medicine,2022,78.47034554812308,810.704055136923,1077.0,976,10.33
1063894483,Kaminski,Rebecca,MI,Family Practice,2022,74.06604238782501,765.0,254.0,249,10.33
1588617310,Finch,Max,SC,Internal Medicine,2022,93.370568681,964.5,324.0,162,10.33
1952663122,Aquino,Eugene,CA,Family Practice,2022,100.01554191163332,1032.4203398341667,586.0,538,10.32
1215920483,Barsoum,Michel,WI,Cardiology,2022,51.93531075640001,535.9832746479167,1466.0,1362,10.32
1679793889,Miller,Deborah,NY,Family Practice,2022,37.005952381,382.0,127.0,122,10.32
1851470140,Walley,Lindsey,AR,Family Practice,2023,74.8649524185,772.5266554975,160.0,118,10.32
1669817656,Patel,Raj,NV,Family Practice,2022,98.81190326117999,1019.9334250341999,550.0,536,10.32
1477080380,Berteau,Benjamin,SC,Family Practice,2022,102.85653764333334,1061.0,216.0,216,10.32
1568894756,Reyal,Farhana,MD,Internal Medicine,2023,102.89587534175,1062.191754405,896.0,567,10.32
1679585905,Garg,Anuj,IL,Cardiology,2022,76.44260773068,788.7251848794666,2714.0,2300,10.32
1922368232,Zwillenberg,Jeremy,PA,Internal Medicine,2023,93.09332387052,960.6578977744,346.0,342,10.32
1144584129,Ternus,Bradley,MN,Cardiology,2023,50.249843525675,518.7115504550001,742.0,700,10.32
1659509743,Milanes,Robert,CA,Family Practice,2022,91.48678899491999,943.8140996032,327.0,314,10.32
1265631360,Vilsaint,My Charllins,TX,Internal Medicine,2023,99.433535191,1026.3899999999999,304.0,206,10.32
1760643167,George,Grace,IL,Internal Medicine,2023,84.79428018466666,875.3333333333334,280.0,187,10.32
1699942441,Singh,Manoranjan,NY,Family Practice,2022,100.99594092368571,1041.6571801757143,636.0,609,10.31
1205817244,Zeya,Humayun,MD,Internal Medicine,2023,153.62827035,1584.4699224666665,263.0,259,10.31
1306188602,Gilge,Jasen,IN,Cardiology,2023,139.99585295656667,1443.1333333333334,3174.0,1824,10.31
1306048715,Atieh,Samir,TX,Family Practice,2022,67.83458292766666,699.6666666666666,105.0,97,10.31
1750856902,Gundapaneni,Sukumar,OH,Internal Medicine,2023,151.464393595,1561.4180778,134.0,127,10.31
1619317989,Madike,Chika,AZ,Internal Medicine,2023,93.86701351500001,967.5,389.0,377,10.31
1114919404,Qadir,Ehsan,KY,Internal Medicine,2022,70.231368300375,723.94751684625,383.0,362,10.31
1811954530,Kaplan,Jerrold,CA,Internal Medicine,2023,6.7908359133,70.0,323.0,266,10.31
1245400068,Kong,Avery,IL,Internal Medicine,2022,96.421675658,994.3489174399999,236.0,221,10.31
1265550040,Miyasaka,Rhonda,CO,Cardiology,2022,67.2624384653889,693.2836564427778,2040.0,1862,10.31
1457369175,Kishan,Arfana,NC,Internal Medicine,2023,89.62350007716667,923.8526958399999,635.0,374,10.31
1821082975,Atkinson,Christopher,NC,Internal Medicine,2023,113.3542187985,1168.5,463.0,445,10.31
1144532342,Gorospe,Ardel,TN,Family Practice,2022,86.3900299688,890.739882864,564.0,320,10.31
1841687860,Brown,Phillip,CA,Family Practice,2023,51.27274509798571,528.59262167,283.0,217,10.31
1356383624,Kovacs,Attila,MO,Cardiology,2022,38.66761942791334,398.80878051800005,621.0,602,10.31
1659532802,Glick,Michael,NY,Internal Medicine,2023,116.75768031757143,1204.142857142857,213.0,189,10.31
1063775427,Clark,Andrea,AK,Family Practice,2022,8.787946767280001,90.633333334,149.0,133,10.31
1194831495,Dimitrov,Veselin,OH,Family Practice,2022,100.91681552666667,1040.60051571,377.0,328,10.31
1518921873,Mehboob,Mohammed,MD,Internal Medicine,2023,88.6663937,914.4395437516667,772.0,533,10.31
1114020666,Purrington,Peter,ID,Family Practice,2022,92.90792284228573,958.0,366.0,267,10.31
1053323410,Ruckdeschel,Emily,PA,Cardiology,2022,25.867412091439995,266.555,190.0,176,10.3
1538349527,Jasmin,Martine,MD,Internal Medicine,2023,110.691714572,1140.5925441200002,334.0,326,10.3
1972503860,Oderinde,Adesoji,GA,Internal Medicine,2022,78.0786759738,804.0,289.0,232,10.3
1487885430,Mathew,Betsy,NJ,Internal Medicine,2022,56.701849605666666,584.2655869033333,118.0,78,10.3
1053347856,Eckert,Thomas,IN,Internal Medicine,2023,65.44396882,673.7773523809601,2200.0,1776,10.3
1154785574,Ahn,Andrew,DC,Internal Medicine,2022,103.09544690266667,1061.748347175,1348.0,686,10.3
1346521101,Ramaprasad,Prathima,UT,Internal Medicine,2022,88.23226297800001,908.9490800475,237.0,107,10.3
1942468152,Siddabattula,Ratnakanth,PA,Internal Medicine,2023,92.37515271216667,951.3511904833334,1089.0,728,10.3
1407871502,Garver,John,CO,Family Practice,2023,66.225686493025,681.875,788.0,615,10.3
1417319054,Nguyen,Cindy,CA,Internal Medicine,2022,57.728149772857144,594.831831832,620.0,414,10.3
1871753632,Frangiskakis,John,WI,Cardiology,2023,99.92006612940715,1029.0049145536073,1779.0,1160,10.3
1417015959,Mckiernan,Thomas,IL,Cardiology,2023,21.1478507094,217.76470588224998,726.0,625,10.3
1174670418,Mccrary-Etuk,Leslie,MO,Family Practice,2023,29.44625,303.3590248225,335.0,319,10.3
1144601196,Matz Gugliotto,Kimberly,CO,Family Practice,2022,95.4901871454,983.61477988,348.0,340,10.3
1851310684,Li,Zhaoping,CA,Internal Medicine,2023,79.30087784566666,817.0,105.0,86,10.3
1578123097,Donovan,Kevin,WI,Family Practice,2022,72.92265993299999,751.0066666666667,152.0,149,10.3
1710921754,Alexander,Jonathan,CT,Cardiology,2022,56.561520342725,582.42658263175,2953.0,2106,10.3
1346459179,Yu,Elizabeth,CA,Internal Medicine,2023,37.683375514130766,388.2877828053846,766.0,693,10.3
1912937889,Desantis,Lisa,OH,Family Practice,2023,37.634303256600006,387.358629046,485.0,404,10.29
1932173259,Burns,Gloria,TN,Family Practice,2023,68.99177639435001,709.813194167,239.0,233,10.29
1891855052,Martinez,Antoinette,CA,Family Practice,2023,8.87,91.2375886525,420.0,346,10.29
1710916564,Tayara,Wakkas,MS,Cardiology,2022,63.80651600801212,656.6094928309091,5342.0,3138,10.29
1902346943,Tena,Amare,MD,Internal Medicine,2022,95.42118365657143,981.9581678457143,1858.0,1054,10.29
1891786034,Seiden,Steven,NY,Cardiology,2023,64.35789929471667,662.2644915565,3662.0,1794,10.29
1316913221,Terry,Kyle,WA,Family Practice,2022,23.132515242566665,238.1472972966667,228.0,164,10.29
1942381132,Aman,Altaf,WI,Internal Medicine,2022,79.73050615572727,820.1622737036364,1217.0,705,10.29
1063828655,Rao,Anita,GA,Internal Medicine,2022,99.980599391,1029.0,641.0,324,10.29
1194715656,Masood,Asif,FL,Family Practice,2022,96.6338302295,993.0,635.0,410,10.28
1013413434,Salem,Hager,VA,Internal Medicine,2023,142.10797986,1461.5,417.0,393,10.28
1124076336,Malik,Ghazala,OH,Internal Medicine,2022,100.28121921432,1031.2724406920001,798.0,756,10.28
1376804567,Dao,Catherine,CA,Cardiology,2022,55.699442132011114,572.7374228992778,917.0,833,10.28
1518057611,Wu,Nancy,OH,Internal Medicine,2022,31.6574574358,325.444304958,847.0,685,10.28
1013134469,Humburg,Burt,IA,Internal Medicine,2023,113.64249287499999,1168.5,362.0,344,10.28
1821527599,Gonzalez,Cinthia,FL,Internal Medicine,2023,93.47037954233333,961.0,391.0,379,10.28
1841851383,Espinosa,Daniel,NJ,Internal Medicine,2023,113.64154283799999,1168.5,184.0,178,10.28
1578723607,Hicks,William,WV,Internal Medicine,2022,100.116860203875,1029.168278375,610.0,405,10.28
1407099633,Packard,Rene,CA,Cardiology,2023,136.3162666666,1401.0,186.0,90,10.28
1609964972,Weinsaft,Jonathan,NY,Cardiology,2022,156.81408447421668,1612.5294288615166,53876.0,1194,10.28
1740642172,Poole,Charla,LA,Family Practice,2022,90.96329621703335,934.8187435148333,236.0,227,10.28
1316987860,Devlin,Charlie,SC,Cardiology,2022,54.570657751744,560.9421759082,3499.0,2622,10.28
1285749937,Hadweh,Youssef,CA,Family Practice,2023,76.268071894,783.8166666666666,102.0,101,10.28
1629044201,Gerardi,Paul,NY,Cardiology,2023,107.52687421445555,1105.7677068411112,3356.0,1978,10.28
1285684845,Hakeem,Abdul,AR,Cardiology,2022,112.14919422349999,1153.416851852,357.0,320,10.28
1285714501,Barajas,Antonio,RI,Internal Medicine,2022,95.97684724352,985.9200000000001,316.0,298,10.27
1396154142,Gupta,Mohit,OH,Internal Medicine,2023,92.63688839983335,951.8376068333333,424.0,293,10.27
1306830104,Kandaraj,Jeyakumar,WI,Internal Medicine,2022,72.114288375,740.8,887.0,394,10.27
1649384439,Cornelius,Mark,NC,Family Practice,2022,75.18735995930001,772.3855155367501,531.0,471,10.27
1740806652,Gordon,Wesley,GA,Internal Medicine,2023,113.79669811299999,1168.5,138.0,136,10.27
1326319096,Patel,Sagar,IN,Internal Medicine,2022,85.9919538032,883.4,860.0,401,10.27
1548610595,Cameron,Anwar,IL,Family Practice,2022,70.19183173966667,720.6666666666666,166.0,114,10.27
1568789139,Patel,Nishith,PA,Family Practice,2022,73.726699688,756.827855005,672.0,645,10.27
1508361346,Ademiluyi,Ademayowa,MD,Internal Medicine,2023,97.62001866675,1002.5534764575,1749.0,1138,10.27
1558331306,Khanna,Aneeta,OH,Internal Medicine,2022,90.40501237457144,928.7650919557143,951.0,572,10.27
1528005030,Congtang,Leno,LA,Family Practice,2023,88.39371711999999,908.0088259266,652.0,587,10.27
1063649465,Mafi,John,CA,Internal Medicine,2023,60.03541770066666,616.3333333333334,111.0,50,10.27
1750305157,Stokke,Kevin,CA,Cardiology,2023,47.60471343455714,488.9996811221428,1186.0,1031,10.27
1326003823,Rogers,John,CA,Cardiology,2023,109.24802961281613,1121.932749487645,3025.0,2664,10.27
1225455140,Gudeta,Alemeshet,MD,Internal Medicine,2023,70.19107499787499,721.11965733375,4690.0,1012,10.27
1073741229,Vukelic,Sasa,NY,Cardiology,2023,146.45082253514286,1502.5384732985715,340.0,150,10.26
1093733909,Tremmel,Jennifer,CA,Cardiology,2022,175.3299482948111,1799.4157381188888,429.0,381,10.26
1215914635,Brumfield,Edward,SC,Family Practice,2022,130.670511672,1340.58396954,330.0,315,10.26
1841291788,Mbonu,Ikechukwu,MD,Internal Medicine,2022,88.378349515,906.43805825,103.0,63,10.26
1508224742,Barry,Timothy,AZ,Cardiology,2023,52.482338448517645,538.4705882352941,782.0,778,10.26
1699767848,Genstler,Paulalan,CA,Family Practice,2023,89.54581864100001,918.9,258.0,246,10.26
1922374990,Gorit,Gideon,CA,Family Practice,2022,107.240741623,1100.5629947549999,219.0,175,10.26
1922148790,Allevato,Joseph,CA,Family Practice,2023,40.22827957,412.75,196.0,123,10.26
1922394030,Okoli,Emeka,FL,Family Practice,2022,103.37446873066665,1061.0,248.0,246,10.26
1134652191,Riola,Mark,KS,Family Practice,2023,95.12326104579999,975.6,567.0,341,10.26
1770502700,Kathman,Timothy,OH,Internal Medicine,2023,6.70289194105,68.75,1977.0,1321,10.26
1720045636,Tincher,Larry,OH,Family Practice,2022,75.14198428685,771.07105225675,307.0,279,10.26
1740274554,Spisak,William,OR,Internal Medicine,2022,26.9064697531,276.0,349.0,285,10.26
1780242420,Ejimone,Fortunate,GA,Internal Medicine,2023,93.62096372266667,961.0,257.0,245,10.26
1811051246,Leibovitch,Eric,CA,Internal Medicine,2022,66.86294925805,686.217930965,154.0,96,10.26
1023365368,Khatiwada,Binod,IL,Internal Medicine,2023,94.77294180633334,971.0,670.0,448,10.25
1346224532,Fullin,Kevin,WI,Cardiology,2023,34.473243899985185,353.3333333333333,3006.0,2363,10.25
1366755126,Marri,Siva,OR,Internal Medicine,2023,91.40406335442857,937.2103312985715,709.0,436,10.25
1750515516,Sharma,Bhoodev,KY,Family Practice,2022,95.6278688651375,980.5,179.0,163,10.25
1750794608,Krishnan,Sheela,ME,Cardiology,2022,34.04582429542916,348.93057697275003,1410.0,1308,10.25
1023041019,Sareen,Balvindar,WI,Internal Medicine,2022,101.4584730455,1039.57976939,383.0,246,10.25
1871933523,Manoucheri,Cyrus,TX,Internal Medicine,2023,94.43040404,967.5,652.0,605,10.25
1730242975,Quasem,Jennifer,CA,Internal Medicine,2023,95.9400707766,983.1879679240001,597.0,340,10.25
1235129156,Guruprasad,Khodanpur,OH,Cardiology,2022,53.04543886044827,543.9550697627586,3077.0,2108,10.25
1568464311,Dogra,Vijay,NJ,Internal Medicine,2022,126.98070442225,1301.0025863,551.0,517,10.25
1740487024,Krishnaswamy,Amar,OH,Cardiology,2022,260.0730595199166,2666.1034743991668,658.0,638,10.25
1558467043,Jackson,Ralph,GA,Internal Medicine,2022,67.82065882143637,695.2363369769091,1111.0,593,10.25
1467002246,Ho,Edwin,NY,Cardiology,2023,73.85252249306667,756.8453166061333,810.0,707,10.25
1043594914,Asfaw,Addis,TN,Cardiology,2022,27.86743734985,285.75,161.0,161,10.25
1760681761,Mendoza,Phillip,AK,Family Practice,2022,9.847935517836364,100.90756622236363,456.0,421,10.25
1417377250,Mcclellan,Meagan,MI,Internal Medicine,2023,78.03836634216667,800.1840796016667,644.0,319,10.25
1467430249,Bodkin,John,WV,Family Practice,2022,98.898901275,1012.6050621333334,231.0,224,10.24
1538334628,Jentzer,Jacob,MN,Internal Medicine,2023,44.92599052304615,460.04705523146157,2586.0,2161,10.24
1710310669,Procknow,Charles,AK,Family Practice,2022,9.685650896707143,99.22886692435713,963.0,828,10.24
1679842116,Kamdem Metouom,Patricia,DC,Family Practice,2023,89.1395,912.668965518,248.0,171,10.24
1689017717,Johnson,Melissa,CO,Family Practice,2023,42.59347605475,436.25,129.0,98,10.24
1427363316,Hussein,Malek,FL,Family Practice,2023,79.14957605772727,810.846646681909,978.0,932,10.24
1811979198,Karns,Adam,CA,Internal Medicine,2022,65.67626984251334,672.7412093716666,1303.0,829,10.24
1245506831,Katula,Kelly,UT,Internal Medicine,2022,104.95364080216666,1075.1170629533333,576.0,395,10.24
1962569210,Wind,Rebecca,CA,Internal Medicine,2023,43.6527590643,446.86210525999996,328.0,297,10.24
1245659259,Pashun,Raymond,NY,Cardiology,2022,94.81960401411112,971.3492063488889,465.0,272,10.24
1962856773,Naeem,Arslan,KY,Cardiology,2023,22.958933242142855,235.17142857142858,197.0,196,10.24
1114026838,Druzina,Irene,OH,Internal Medicine,2023,28.30394614695,289.924963925,1223.0,1107,10.24
1114242047,Kurani,Mohamad,CA,Internal Medicine,2023,114.0825928865,1168.5,208.0,198,10.24
1205931672,Brulte,Mark,GA,Internal Medicine,2023,108.41493995425,1110.1894587,256.0,245,10.24
1700345006,Vyas,Dhrumil,CA,Internal Medicine,2023,88.14410868186667,902.7807847514999,341.0,330,10.24
1346293214,Pieters,Philip,VA,Internal Medicine,2022,97.4193768105,998.005,698.0,609,10.24
1336599299,Bhandari,Tarun,TN,Cardiology,2022,71.93605376244444,736.4444444444445,291.0,278,10.24
1588869861,Henderson,Justin,OH,Internal Medicine,2023,130.32470607733333,1334.3330909733334,235.0,231,10.24
1083627723,Miller,Donald,NY,Cardiology,2023,97.16680507384827,994.3672169012069,4378.0,2446,10.23
1427053867,Johnson,Jarrod,AZ,Family Practice,2022,96.26670566096,985.1924963096001,931.0,823,10.23
1093208779,Marubayashi,Mitchell,CA,Family Practice,2023,83.10204718645001,850.1666666666666,348.0,319,10.23
1912341579,Sonier,Michael,TX,Family Practice,2022,64.3222220543125,658.21135134625,252.0,214,10.23
1124006507,Shah,Purna,NY,Internal Medicine,2023,104.1048928138,1065.0,1402.0,691,10.23
1386103240,Qasim,Muhammad,NJ,Internal Medicine,2023,105.71320170685715,1081.4871617214287,1147.0,668,10.23
1386937415,Haddix,Melissa,KY,Family Practice,2022,97.88275457236,1001.0,504.0,461,10.23
1831410570,Cersosimo,Shaylin,MA,Family Practice,2023,50.053124029,511.8210124633333,622.0,552,10.23
1942301726,Mroz,Jolanta,WI,Internal Medicine,2022,5.31771477665,54.3875,121.0,85,10.23
1922504463,Macdonald,Matthew,CA,Family Practice,2022,106.2095316356,1086.1292422505999,385.0,367,10.23
1144615345,Alateya,Ali,MI,Internal Medicine,2023,125.878166358,1288.0566037733333,289.0,287,10.23
1790739019,Gerard,Terry,OK,Family Practice,2022,51.25127154662667,524.4410256413333,708.0,545,10.23
1790782191,Ponzio,Christine,CA,Family Practice,2023,27.666382341184615,283.1561538461538,370.0,270,10.23
1629347166,Karki,Sajana,VA,Internal Medicine,2022,101.16227150857142,1034.3519223314286,1100.0,577,10.22
1528030996,Mattai,S. Anjani,CA,Internal Medicine,2023,53.94262187892,551.24048913,538.0,329,10.22
1710129044,Jordan,Jonathan,NY,Cardiology,2023,72.56559924252963,741.400308641963,3308.0,2137,10.22
1366602294,Soth,Layhong,OK,Internal Medicine,2022,83.25509402766667,850.5442023777778,1170.0,584,10.22
1184661779,Savage,Mark,IL,Family Practice,2022,77.3087450445,789.9670078050001,232.0,224,10.22
1811276587,Sharma,Abhishek,WI,Cardiology,2023,119.2066588125,1218.75,230.0,157,10.22
1639405129,Iravani,Aidin,NY,Internal Medicine,2023,102.0350881121,1042.9567934689999,495.0,185,10.22
1013913854,Bell,Annette,FL,Family Practice,2022,68.9691500754,705.2,531.0,512,10.22
1750349023,Tanzer,Frederick,OH,Internal Medicine,2023,100.8355178238,1030.811896946,934.0,697,10.22
1598824526,Hamilton,Dunston,AL,Family Practice,2023,79.1931689965,809.4990596216667,265.0,257,10.22
1881914893,Campbell,Amanda,MI,Internal Medicine,2023,94.67792504100001,967.5,400.0,374,10.22
1104807684,Asad,Navaid,HI,Cardiology,2023,50.32147094298333,514.3804347833334,324.0,303,10.22
1730403262,Barnett,Ronald,AR,Internal Medicine,2022,58.1171891342,593.7856139624,490.0,452,10.22
1124445382,Valice,Jeffrey,MI,Internal Medicine,2023,126.30689941333333,1290.3333333333333,210.0,204,10.22
1225490600,Piotter,Daniel,LA,Family Practice,2022,89.63547239990001,916.1277893811111,607.0,443,10.22
1205965787,Lala,Faisal,IL,Family Practice,2023,94.94048281733335,970.2388331799999,202.0,200,10.22
1467958199,Liang,Yiwen,AZ,Family Practice,2023,114.29813098,1168.5,348.0,331,10.22
1336176445,Marshall,Donald,AL,Family Practice,2023,77.67486350197143,793.9361700858572,568.0,528,10.22
1659308179,Naqvi,Tasneem,AZ,Cardiology,2022,54.756095163377424,559.7661882545161,3137.0,2920,10.22
1265455802,Yarbrough,Benjamin,MS,Family Practice,2023,87.85754388224,897.5070372982,446.0,413,10.22
1508883752,Migliore,Christina,NJ,Internal Medicine,2023,58.895182430714286,602.1231109271429,192.0,153,10.22
1902078041,Allen,Derron,TN,Internal Medicine,2023,93.68372839566666,957.1965432000001,127.0,121,10.22
1548427545,Kim,Jiwon,NY,Cardiology,2023,82.68381777875,843.8330984114083,26775.0,777,10.21
1841473071,Salazar,Jessie,NM,Family Practice,2022,99.92627236366667,1020.70224991,536.0,486,10.21
1518937010,Mahmood,Syed,FL,Cardiology,2022,91.06544529241667,929.9166666666666,1499.0,871,10.21
1518196518,Alsidawi,Said,AZ,Cardiology,2023,61.39913645821,626.9931924603334,4045.0,3680,10.21
1184878639,Sunkavalli,Pallavi,AL,Internal Medicine,2022,95.72468723813334,977.3917212223333,896.0,821,10.21
1942226949,Jafri,Syed,IL,Internal Medicine,2023,97.717814253,998.13678683075,385.0,320,10.21
1346772001,Ganjawala,Niraj,NM,Family Practice,2022,96.76977855326,988.0434967514,542.0,514,10.21
1598226391,Abdelmaged,Diena,DC,Internal Medicine,2023,95.660385424,976.75,391.0,210,10.21
1114009727,Grant,Madeleine,AK,Internal Medicine,2022,10.0770396335,102.87476091741667,543.0,492,10.21
1528039575,Mangino,Debra,NY,Internal Medicine,2023,34.282106855,350.0,574.0,559,10.21
1427053867,Johnson,Jarrod,AZ,Family Practice,2023,88.80007461938001,907.0242116228001,890.0,803,10.21
1629273651,Vierra,Heather,CA,Internal Medicine,2022,49.467727839,504.40527796,140.0,79,10.2
1720063472,Khatri,Saloni,OH,Internal Medicine,2023,41.4892113286,423.097368422,522.0,345,10.2
1821357823,Smith,Kari,FL,Family Practice,2022,85.03341570975,867.75,357.0,355,10.2
1093031668,Schachter,Levanto,CA,Internal Medicine,2023,50.939497034314705,519.676821967353,11327.0,995,10.2
1558357947,Crocker,Lynn,AZ,Internal Medicine,2023,143.32927362,1461.5,147.0,141,10.2
1700087665,Trivedi,Heather,NY,Cardiology,2022,51.187022998977774,522.2222222222222,493.0,457,10.2
1124074364,Vlastaris,Anthony,OH,Cardiology,2023,43.066443546429035,439.3365679535484,2910.0,2580,10.2
1235429572,Livingston,Jesse,CA,Family Practice,2022,84.05754982567777,857.3898595623333,1390.0,1289,10.2
1285951905,El-Nachef,Wael,CA,Internal Medicine,2023,32.18723278588333,328.38876470766667,152.0,101,10.2
1235197880,Williams,Laurence,CO,Internal Medicine,2022,44.607588584750005,455.0,902.0,683,10.2
1265851562,Wellington,Jennifer,NC,Internal Medicine,2023,78.9677407460909,805.2006427918182,242.0,226,10.2
1275816654,Kumar,Suneel,IL,Cardiology,2023,124.74902125722666,1272.156840702,1389.0,1238,10.2
1245260561,Duddella,Padmaja,OH,Internal Medicine,2022,87.787823176,895.1770013257143,559.0,373,10.2
1437117264,Podlas,Mark,NY,Internal Medicine,2023,126.88727123933334,1294.7902584266667,234.0,228,10.2
1710934153,Awdeh,Mahir,TN,Cardiology,2023,10.1416162691,103.39580971566666,8285.0,5354,10.2
1134564743,Nyholm,Matthew,OH,Family Practice,2022,96.47389819354001,982.9835233,892.0,844,10.19
1053390526,Freund,Monique,MN,Cardiology,2023,48.98064632690526,499.09398101842106,1074.0,989,10.19
1063417715,Olade,Roger,TX,Internal Medicine,2023,77.95594017266667,794.01923076,204.0,182,10.19
1487661526,Bruemmer,Dennis,OH,Cardiology,2023,46.307384379375,472.0635821266667,924.0,864,10.19
1851330468,Bowers,James,NY,Internal Medicine,2023,112.07158937425,1142.344328000625,1926.0,1177,10.19
1013356237,Bender,Bradley,NJ,Internal Medicine,2022,89.00265969762499,906.88276963625,1112.0,659,10.19
1730138918,Olgin,Jeffrey,CA,Cardiology,2022,47.44113646714,483.4,428.0,326,10.19
1760760854,Parajuli,Shaili,VA,Internal Medicine,2022,98.33888648228572,1002.5304494242857,1105.0,576,10.19
1396763926,Lucariello,Richard,NY,Cardiology,2022,74.31949636057777,757.4962619883333,3381.0,2386,10.19
1497827562,Takeda,Patricia,CA,Cardiology,2023,29.741686354791668,303.0833333333333,7292.0,5772,10.19
1841345667,Hahn,Katharina,WI,Family Practice,2023,16.596200108926666,169.17959923266665,1786.0,1592,10.19
1861922247,Wursta,Stephen,IN,Family Practice,2023,126.568980244,1290.3333333333333,345.0,331,10.19
1104015577,Diaz,Marco,TX,Family Practice,2022,68.65220287,699.54814270875,413.0,365,10.19
1558394486,Finley,Paul,KY,Family Practice,2022,82.9551186094,845.5,881.0,803,10.19
1689919144,Sanaani,Abdallah,WI,Cardiology,2023,37.338723587515,380.56091406434996,1085.0,1059,10.19
1164441903,Collins,Cecilia,FL,Family Practice,2022,85.23522140475,867.75,200.0,197,10.18
1720021553,Dougherty,Glen,SC,Cardiology,2023,46.344539706432435,471.70414972135137,4720.0,3364,10.18
1164447389,Williamson,David,AL,Internal Medicine,2023,89.621063865,912.1026078378,359.0,331,10.18
1194926063,Khirbat,Rohit,MD,Internal Medicine,2022,133.318891196,1357.79873737,681.0,445,10.18
1437249018,Schorr-Ratzlaff,Wagner,CO,Internal Medicine,2023,42.83991819375,436.25,497.0,395,10.18
1821594557,Liang,Xiao,AZ,Family Practice,2023,94.41813751433334,961.0,368.0,354,10.18
1902832058,Maisuria,Himaxi,SC,Cardiology,2023,58.89297061435833,599.2869948422223,4152.0,2704,10.18
1902926199,Naqvi,Imran,OH,Internal Medicine,2023,75.26346067775,766.4024020500001,417.0,250,10.18
1891211249,Linzman,Gib,OK,Internal Medicine,2023,114.81236474599999,1168.5,309.0,301,10.18
1124147418,Day,Terry,AL,Internal Medicine,2023,97.027413639,987.93960395,191.0,169,10.18
1982620829,Sheikho,Hassan,MI,Internal Medicine,2023,102.23490988728572,1040.3512350314286,210.0,191,10.18
1376582098,Gross,Gustavo,TX,Family Practice,2022,95.90163621634,976.6384589542,463.0,446,10.18
1760839450,Algodi,Mohammed,NY,Internal Medicine,2023,111.6378695034,1136.85435568,179.0,137,10.18
1649665027,Raza,Tooba,MD,Internal Medicine,2022,98.38761528185715,1002.0538618985714,1486.0,732,10.18
1114976909,Rothkin,Michael,MD,Internal Medicine,2022,130.8581046035,1330.6450964075002,777.0,750,10.17
1053438465,Chon,Steven,TX,Family Practice,2023,37.574826985242495,382.1305,4988.0,2787,10.17
1528115037,Chitturi,Radha,MI,Internal Medicine,2023,124.43069192,1265.6439394,125.0,119,10.17
1568789303,Ziemer,Steven,GA,Internal Medicine,2023,110.13814031775,1120.0,340.0,323,10.17
1336555135,Nordhues,Benjamin,MN,Cardiology,2022,58.01483256944545,590.2392971472273,1194.0,1043,10.17
1932187713,Abdul,Sam,WV,Internal Medicine,2023,90.8865465143,923.9301222153999,434.0,411,10.17
1619358942,Barry,Oumoul,PA,Internal Medicine,2022,105.41247009342858,1071.80802174,1551.0,884,10.17
1114422078,Bullock,Dana,TX,Family Practice,2023,98.08200993833334,997.0415923999999,270.0,152,10.17
1093965741,Schaefer,Michael,NY,Cardiology,2023,59.684396780944454,607.2507262158889,1793.0,1494,10.17
1801834171,Motamedi,Bijan,CA,Family Practice,2023,93.9123313268,955.0319999999999,256.0,227,10.17
1073762043,Carrasco,Erik,FL,Internal Medicine,2022,99.84942677058572,1015.2030963447143,482.0,333,10.17
1427150473,Wilson,Robert,WA,Family Practice,2022,12.493985432225001,127.075,257.0,176,10.17
1093729485,Hardwell,John,GA,Internal Medicine,2023,110.1140826085,1120.0,851.0,777,10.17
1083648380,Chirra,Annapoorna,CA,Internal Medicine,2022,67.84536958016666,690.1296296300001,551.0,371,10.17
1871819599,Mohajer,Pouya,NY,Internal Medicine,2023,54.57402183283333,554.9036759763334,195.0,110,10.17
1215994827,Fung,Gordon,CA,Cardiology,2022,44.799189747449994,455.72804610041663,5103.0,4018,10.17
1497913685,Kleinow,Paul,MI,Internal Medicine,2022,99.4726596576,1011.6,290.0,238,10.17
1134431000,Slipczuk Bustamante,Leandro,PA,Cardiology,2023,58.52259440793,595.1913362094999,1026.0,850,10.17
1275558637,Finley,John,AK,Cardiology,2023,77.51031079966667,787.25,6366.0,974,10.16
1174595599,Veal,Monte,OK,Family Practice,2023,82.59027198220001,839.249835794,165.0,160,10.16
1184967598,Patel,Vihang,CO,Internal Medicine,2023,99.46788709727274,1010.6163612909091,381.0,356,10.16
1528359593,Huang,Robert,CA,Internal Medicine,2022,143.55257364206668,1458.0981434399998,443.0,358,10.16
1366654865,Reddy,Ajay,WI,Cardiology,2023,43.579177168775,442.6763174918125,995.0,843,10.16
1649326216,Groning,Gunther,FL,Family Practice,2023,26.630459012666666,270.4760495267778,3651.0,1168,10.16
1417908732,Moore,Thomas,FL,Family Practice,2022,104.38104070499999,1061.0,147.0,146,10.16
1396855656,Latzman,Bryan,NY,Cardiology,2022,89.03274591924,904.56729923075,1401.0,1015,10.16
1407238900,Conde San Miguel,Juan,PR,Internal Medicine,2023,94.6372436245,961.7575,1310.0,556,10.16
1114977451,Mullen,Paul,MS,Cardiology,2022,64.62649364248546,656.4658377977636,9822.0,6901,10.16
1205286325,Maione-Mcmahon,Josie,FL,Family Practice,2022,104.40304169533333,1061.0,132.0,132,10.16
1770987927,Obiaka,Chigozie,AL,Family Practice,2022,95.39823929833334,969.6367411433333,459.0,441,10.16
1588875017,Richard,Trevor,LA,Internal Medicine,2023,90.9895625432,924.2,157.0,102,10.16
1003965021,Nguyen,Kari,VA,Internal Medicine,2022,109.801042053,1115.7220848666666,280.0,236,10.16
1164765475,Kim,Jung-Min,NY,Internal Medicine,2022,118.4979586095,1203.75,360.0,229,10.16
1760426951,Andrus,Bruce,NH,Cardiology,2022,44.4545568724875,451.5711238691667,1911.0,1624,10.16
1790861920,Van De Graaff,Eric,NE,Cardiology,2023,47.51364466248043,482.56122582719564,5948.0,4189,10.16
1427210533,Polzin,David,MN,Family Practice,2023,83.739979595,850.11292341,188.0,137,10.15
1083891352,Iliescu,Cezar,TX,Cardiology,2022,118.15056371375334,1199.5180241528,1986.0,1754,10.15
1902882327,Frankenberger,Olivier,NY,Cardiology,2022,56.186019619347825,570.4169564143479,2647.0,2305,10.15
1174048334,Gondal,Pardeep,CA,Internal Medicine,2023,97.031400791,984.4285714285714,385.0,250,10.15
1366651507,Bennett,Gregory,GA,Internal Medicine,2023,39.536691049464,401.29380170539997,4088.0,2106,10.15
1851447528,Sarraf,Mohammad,MN,Cardiology,2022,112.73904859886667,1144.563853802,465.0,429,10.15
1972706240,Kapur,Anand,VA,Family Practice,2023,29.71748151661667,301.63781319000003,626.0,485,10.15
1326244666,Confino,Jason,PA,Cardiology,2022,39.37606218597369,399.84032363526313,2472.0,2167,10.15
1003478512,Sukhadia,Bhoomika,MD,Internal Medicine,2023,85.0488662235,863.0,1624.0,919,10.15
1023639978,Shey,Stephen,CA,Internal Medicine,2023,97.59333333333335,990.6666666666666,244.0,123,10.15
1841556867,Sanchez,Claudia,IL,Family Practice,2023,3.3728125,34.25,128.0,73,10.15
1447543673,Gaetano,William,NY,Family Practice,2022,93.54759863196,949.782180224,1074.0,963,10.15
1508883752,Migliore,Christina,NJ,Internal Medicine,2022,71.49084261375,725.49469697,157.0,118,10.15
1760634141,Gohil,Amit,CA,Internal Medicine,2023,51.833527873442854,525.8571428571429,438.0,300,10.15
1124074752,Antic,Goran,TN,Internal Medicine,2022,115.6047255135,1173.5091783725,429.0,391,10.15
1568731446,Andoni,Ergys,IL,Internal Medicine,2023,136.78876448,1389.0,259.0,242,10.15
1780062646,Smith,Christopher,FL,Family Practice,2022,104.48212059666666,1061.0,224.0,220,10.15
1396307963,Carrington,James,TX,Internal Medicine,2023,95.29198020000001,967.5,112.0,110,10.15
1891834206,Pira,Maria Elaine,CA,Internal Medicine,2023,24.68607350768182,250.5,930.0,722,10.15
1952323024,Willens,Barry,TX,Family Practice,2023,89.8469866471074,911.7374629629629,2663.0,1422,10.15
1689052037,Shih,Alvin,TX,Internal Medicine,2022,140.2047680375,1423.5,617.0,598,10.15
1700170552,Teferra,Tewodros,MD,Internal Medicine,2022,79.852246853875,810.6879108537499,2010.0,1106,10.15
1871049460,Rana,Anshika,VA,Internal Medicine,2022,85.832877975,871.6094744728572,472.0,274,10.15
1124254214,Desai,Amisha,CA,Internal Medicine,2023,114.6983781658,1162.83181818,539.0,266,10.14
1750617247,Cho Anderson,Kyung-Ah,CA,Family Practice,2022,34.569866508,350.5,213.0,169,10.14
1689058398,Bekele,Adugnaw,GA,Internal Medicine,2023,84.09322989340001,853.0,649.0,332,10.14
1841204526,Cohen,Cornell,NY,Cardiology,2023,92.4629254001875,937.8756047540626,4002.0,2346,10.14
1083973580,Berhie,Wondaferew,MD,Internal Medicine,2022,76.377365029,774.6244151779999,891.0,389,10.14
1518102433,Wodiye,Kelemework,VA,Internal Medicine,2022,105.69298755016666,1072.02869828,1306.0,771,10.14
1982021911,Singh,Kamalpreet,CA,Internal Medicine,2023,39.76371144775333,403.26666666666665,401.0,343,10.14
1043317704,Chadalavada,Lavanya,CA,Internal Medicine,2023,29.999117845133334,304.24761904733333,740.0,516,10.14
1326530593,Maylott,Kristen,IA,Family Practice,2022,33.709859589345456,341.7304130801818,385.0,285,10.14
1487090700,Agosto,Anardi,NH,Internal Medicine,2022,152.978426275,1551.0,385.0,365,10.14
1942295860,Poggemeier,David,MO,Family Practice,2023,107.94254317625,1095.004438915,269.0,256,10.14
1174668842,Aravagiri,Vasuki,CA,Internal Medicine,2022,39.501939929277775,400.52525252500004,961.0,761,10.14
1629168919,Khan,Anwar,NJ,Internal Medicine,2023,69.790788968025,707.56717207875,382.0,365,10.14
1821016361,White,Molly,FL,Family Practice,2023,102.61016948999999,1040.1266575566667,110.0,109,10.14
1821627241,Gandu,Siva Santosh Kumar,NC,Internal Medicine,2023,114.10275380033333,1156.3333333333333,159.0,155,10.13
1982021911,Singh,Kamalpreet,PA,Internal Medicine,2022,45.868603266288375,464.74418604651163,1662.0,1520,10.13
1285906602,Murakonda,Padmavathi,ND,Internal Medicine,2022,96.61058190355556,978.7095018922222,1339.0,740,10.13
1881748630,Aksoy,Olcay,CA,Cardiology,2022,133.35004414079376,1350.33531914875,1933.0,1318,10.13
1942388921,Ghassemi,Rex,NJ,Cardiology,2023,80.42987521081818,814.5083746188182,1698.0,1087,10.13
1205885704,Bazerbashi,Ammar,NJ,Internal Medicine,2023,39.87065203551591,403.97704147744315,10154.0,4847,10.13
1992940977,Patel,Parishram,VA,Internal Medicine,2022,102.2787846156,1036.583017424,1489.0,858,10.13
1659786051,Li,Michelle,MA,Internal Medicine,2022,86.95659944533332,880.7145664144444,937.0,546,10.13
1346334588,Goji,Nega,MD,Internal Medicine,2023,135.0330919675,1368.225073375,633.0,382,10.13
1538144126,Wiley,Brian,RI,Internal Medicine,2022,133.83305300199999,1354.4,1114.0,1058,10.12
1033204623,Grimm,Richard,OH,Cardiology,2023,48.52111881772632,491.18266253894734,1766.0,1647,10.12
1447577176,Darrah,Jason,WI,Cardiology,2022,41.51743454078461,420.1040146120385,1570.0,1522,10.12
1023282894,Joyce,Michael,MN,Family Practice,2023,115.442868645,1168.5,198.0,191,10.12
1861458069,Edwards,Frank,TX,Family Practice,2022,73.75216641631665,746.7217499795,592.0,573,10.12
1912982109,Webb,Patrick,IN,Family Practice,2023,74.68721930586666,756.0485175106666,213.0,199,10.12
1689919144,Sanaani,Abdallah,WI,Cardiology,2022,46.79941626205263,473.83413994563165,1133.0,1073,10.12
1649650995,Abdel Jawad,Mohammad,KS,Internal Medicine,2023,78.91935612433333,798.8434343433333,793.0,546,10.12
1831650779,Proffitt,Joshua,KY,Family Practice,2023,40.46423377917,409.65698924730003,589.0,350,10.12
1316329238,Nesbit,Kevin,GA,Family Practice,2022,82.36412409325,833.75,341.0,320,10.12
1700050267,Tyler,Clarence,TX,Internal Medicine,2023,115.51877449450001,1168.5,378.0,370,10.12
1295154714,Tippin,Zachary,AR,Family Practice,2023,86.2458567864,872.394906882,844.0,807,10.12
1780820795,Koduru,Sunaina,NY,Internal Medicine,2022,108.1892460315,1094.841666665,114.0,80,10.12
1952323180,Vorchheimer,David,NY,Cardiology,2022,52.8498152569125,534.73469222125,526.0,469,10.12
1306474697,Tamayo,Miguel,TX,Family Practice,2023,77.17095238099999,781.3333333333334,109.0,104,10.12
1639251101,Bunch,Chris,TX,Family Practice,2023,2.3134499112599998,23.390410959,1131.0,216,10.11
1255956652,Smith,Anne,MO,Family Practice,2023,50.0789603078,506.05055146800004,502.0,446,10.11
1487683231,Baroudi,Bassam,MS,Cardiology,2022,60.155878612927076,608.1824050895,6008.0,3714,10.11
1851331847,Partida,Jorge,NM,Family Practice,2022,101.19882873033333,1022.89761757,548.0,504,10.11
1427090307,Roth,Joseph,AK,Family Practice,2023,62.0284406405,627.4,797.0,562,10.11
1942293121,Hoang,Huong,TX,Family Practice,2023,26.994589639656667,272.9413333333333,2277.0,1260,10.11
1336244698,Augustin,Arold,FL,Internal Medicine,2022,98.63749484307142,997.2124549285714,419.0,367,10.11
1295989770,Ordonez,Robert,LA,Family Practice,2023,106.4773386822,1076.3007990760002,176.0,167,10.11
1386817989,Gardezi,Maryam,WI,Cardiology,2023,38.97272776362,394.0,845.0,722,10.11
1679750483,Edwards,Marc,AZ,Family Practice,2022,74.193227268,750.16257982925,125.0,122,10.11
1760914089,Tesema,Anteneh,WA,Internal Medicine,2022,81.722404803875,826.50624464375,1151.0,629,10.11
1194781161,Walsh,Thomas,ND,Family Practice,2022,84.26498989175,851.2433589975001,536.0,478,10.1
1992762900,Typhair,Sara,TX,Family Practice,2022,140.89505581,1423.5,570.0,554,10.1
1255754719,Sadhu,Phanindar,NC,Internal Medicine,2022,99.35124271771429,1003.87107435,1210.0,660,10.1
1346210903,Hagley,Michael,KS,Cardiology,2023,102.82840699495848,1038.6575902366037,6385.0,4038,10.1
1396070611,Thomson,James,ID,Internal Medicine,2023,89.892962843,907.79755636125,1033.0,631,10.1
1548878390,Shrestha,Mobina,NC,Internal Medicine,2023,77.79885459733333,785.7333333333332,267.0,153,10.1
1033157110,Musleh,Samir,TX,Internal Medicine,2023,82.75934698275,836.0,293.0,171,10.1
1962951277,Maggi-Maidinetti,Tiffany,CA,Internal Medicine,2023,80.458140523,812.9725000000001,249.0,139,10.1
1427098128,Dompkosky,Robert,PA,Internal Medicine,2023,79.4805726238,802.6666666666666,445.0,435,10.1
1902125768,Oladipo,Olamide,CA,Internal Medicine,2022,46.59963235621875,470.8125,1566.0,1351,10.1
1083660245,Hubbard,Bradley,OR,Family Practice,2022,81.5004630905,822.8334603025,123.0,117,10.1
1417120395,Olatinwo,Omotayo,LA,Internal Medicine,2022,81.366799954,820.7560781939999,692.0,414,10.09
1467430678,Reeder,Guy,MN,Cardiology,2022,155.0174803837375,1564.78487103125,563.0,547,10.09
1952305823,Muller,Jean,CA,Cardiology,2022,25.380566795950003,256.0,170.0,162,10.09
1386902062,Rogers,Sean,WV,Internal Medicine,2022,87.00426609149999,878.0173829666668,962.0,521,10.09
1467434282,Lynch,John,AZ,Cardiology,2022,47.80894040552581,482.60446413799997,2978.0,2694,10.09
1801900725,Cain,Robert,OH,Family Practice,2022,39.5425128135,398.882363505,390.0,269,10.09
1811096746,Brill,David,OH,Family Practice,2023,41.291699278833335,416.6282051283333,526.0,443,10.09
1356377949,Dippl,Julia,DE,Internal Medicine,2022,130.46010528125,1316.4365384625,197.0,191,10.09
1669460861,Cleary,Kevin,GA,Internal Medicine,2023,103.9763423665,1049.0,686.0,662,10.09
1912345935,Pugh,Jackson,MO,Family Practice,2022,97.39671314133334,982.2890303366667,229.0,214,10.09
1245389428,Young,Christopher,OH,Family Practice,2023,27.49077486883333,277.2739044433333,616.0,519,10.09
1760589303,Adewuyi,Aderemi,TX,Internal Medicine,2022,116.52606543414286,1176.2857142857142,288.0,239,10.09
1275577579,Sameen,Mohamed,NY,Internal Medicine,2022,111.0918442498,1120.369955157,2318.0,1115,10.09
1275749541,Hann,Matthew,MS,Internal Medicine,2022,58.20996113898055,586.5118407833056,3951.0,3192,10.08
1306309315,Popoola,Orishebawo,GA,Internal Medicine,2023,115.87566247,1168.5,263.0,256,10.08
1649429556,Aseh,Omerine,TX,Family Practice,2023,101.29041445224999,1021.0846774199999,182.0,175,10.08
1326530411,Tran-Nguyen,Dominic,IA,Internal Medicine,2023,115.91086538500001,1168.5,320.0,300,10.08
1477552917,Taylor,Sung,FL,Family Practice,2022,18.687282737373334,188.35945873453332,1499.0,1417,10.08
1013902022,Hauan,Michael,MO,Family Practice,2022,114.00386435749999,1148.7525209775,381.0,374,10.08
1821352220,Swe,Ei,TN,Cardiology,2023,43.753785988433336,441.03697452755557,2693.0,2073,10.08
1598250052,Kajani,Surina,CA,Internal Medicine,2023,54.96559878079999,554.2,187.0,166,10.08
1639123433,Cosgrove,Edward,NY,Internal Medicine,2023,128.45478744966667,1295.2646664666665,294.0,288,10.08
1780860411,Mattar,Costy,KS,Cardiology,2022,72.4782716178965,730.3449809387719,13108.0,7839,10.08
1992740757,Makan,Majesh,MO,Cardiology,2022,39.99133588106666,403.1927136314286,1781.0,1647,10.08
1477594703,Brown,Harold,NJ,Internal Medicine,2023,62.497788108571434,629.4285714285714,2872.0,695,10.07
1164765475,Kim,Jung-Min,NY,Internal Medicine,2023,119.5039117255,1203.75,333.0,209,10.07
1306821152,Schwartzman,Raul,OH,Internal Medicine,2023,39.298535762312504,395.71742816291663,2159.0,1953,10.07
1932177474,Hoffman,James,TX,Family Practice,2022,95.60416335068001,963.1328293500001,308.0,290,10.07
1942801063,Fava,Agostina,OH,Cardiology,2023,52.691250378730004,530.69375,784.0,723,10.07
1316905177,Krainin,Fred,SC,Cardiology,2023,69.760873741225,702.625,2128.0,1793,10.07
1184999369,Glaeser,Alexandra,CA,Internal Medicine,2023,73.78485103872727,743.069574426,498.0,373,10.07
1295907301,Adhikari,Sushil,CA,Internal Medicine,2023,102.21514566716667,1028.8095238166668,776.0,473,10.07
1215169511,Del Castillo,Mark,MI,Internal Medicine,2022,95.28758533366666,959.35719762,434.0,271,10.07
1619327004,Shakil,Maliha,TX,Internal Medicine,2023,35.8339498109875,360.91,1927.0,1239,10.07
1003893082,Oneill,Douglas,MA,Internal Medicine,2023,9.75,98.15,204.0,204,10.07
1255593646,Mansouri,Bita,VA,Family Practice,2023,91.37792037199999,919.1372896078001,216.0,212,10.06
1528286275,Parsia,Sam,NY,Internal Medicine,2022,120.281689951125,1210.44182974,534.0,351,10.06
1083974257,Meng,Stephen,DE,Cardiology,2023,39.332523085063634,395.6299040208182,2759.0,2643,10.06
1720460397,Farsi,Salman,FL,Internal Medicine,2023,138.07581395,1389.0,645.0,603,10.06
1063485803,Bernaski,Edward,NY,Cardiology,2022,99.42574419060401,1000.3659259240001,3506.0,2658,10.06
1932728730,Azab,Samer,NY,Internal Medicine,2023,116.115,1168.5,138.0,132,10.06
1124298872,Villanueva,Adolfo,KS,Internal Medicine,2023,88.35834457375,888.75,4037.0,540,10.06
1013922533,Colver,Kevin,FL,Internal Medicine,2022,96.53386383428571,971.1481961957143,565.0,387,10.06
1114649928,Kietselaer,Bastiaan,MN,Cardiology,2023,44.427349202680006,446.83351648333337,1111.0,1065,10.06
1376522870,Tweedy,Philip,MO,Internal Medicine,2022,20.598894722846875,206.9375023576875,4445.0,3571,10.05
1346263365,Hajdari,Astrit,OH,Internal Medicine,2022,119.15780979125,1197.2249056025,772.0,713,10.05
1669460861,Cleary,Kevin,GA,Internal Medicine,2022,96.82501025636,972.8805944055999,734.0,719,10.05
1649468992,Conley,Laura,CA,Family Practice,2022,48.61337152366,488.8,108.0,98,10.05
1215005947,Kumar,Balvinder,NC,Internal Medicine,2023,116.2519547015,1168.5,268.0,255,10.05
1538523527,Kamnani,Sunil,TX,Internal Medicine,2023,101.34599992966668,1018.3333333333334,400.0,382,10.05
1558329458,Abdulmagid,Ayman,FL,Internal Medicine,2022,105.53035366812,1060.8,623.0,609,10.05
1407296874,Khan,Usman,IL,Family Practice,2023,99.46643939500001,999.75,155.0,149,10.05
1144648262,Samourjian,Lara,CA,Internal Medicine,2023,47.58433894395,478.0,102.0,89,10.05
1396851549,Polus,Jacqueline,WI,Family Practice,2023,19.037119638126317,191.39157894736843,1701.0,1087,10.05
1700911070,Dugard,Matthew,CA,Internal Medicine,2023,109.70785785471999,1103.0419190314,409.0,402,10.05
1043462146,Kim,Juyong,CA,Cardiology,2022,159.5654080583625,1603.05617951375,285.0,275,10.05
1639667827,Horne,Logan,UT,Internal Medicine,2022,104.6099947702,1051.333227242,210.0,200,10.05
1003840372,Lane,Kirk,WI,Family Practice,2023,28.96689563427391,290.7241847826087,2878.0,1958,10.04
1023008653,Smith,Kirk,OK,Family Practice,2023,81.2972427144,815.8333333333334,567.0,517,10.04
1417186743,Shustek,Stefanie,MO,Family Practice,2022,116.5477969862,1170.4,388.0,361,10.04
1619148715,Pham,Chinh,TX,Family Practice,2022,73.61339594504,738.903806694,694.0,195,10.04
1750701561,Binkley,Mckellan,UT,Family Practice,2022,82.83009972785715,831.5475309485713,542.0,381,10.04
1003965021,Nguyen,Kari,VA,Internal Medicine,2023,150.58201438999998,1511.47087585,162.0,161,10.04
1801007224,Khan,Noma,WV,Internal Medicine,2023,100.82698514183333,1012.6759786016665,1148.0,750,10.04
1528529526,Wong,Scott,CA,Internal Medicine,2023,100.4685147358,1008.2685714200001,219.0,124,10.04
1356406417,Nicholson,Andrew,MD,Family Practice,2022,115.58248378465001,1160.7816453095,320.0,313,10.04
1598340473,Toleva,Olga,GA,Cardiology,2022,85.50642957721668,858.2480888283334,133.0,99,10.04
1134748205,Ijaz,Hasnan,FL,Internal Medicine,2023,145.1948,1458.4377778,243.0,235,10.04
1538466206,Edwards,Charles,SC,Internal Medicine,2023,73.61540163317143,739.3447330462857,680.0,619,10.04
1639604648,Shahzad,Saad,NJ,Internal Medicine,2023,118.01226959157144,1184.0199774071427,541.0,499,10.03
1598924995,Wilder,Julius,NC,Internal Medicine,2023,91.89448021987499,922.0929487175,209.0,202,10.03
1922004969,Wanner,Elizabeth,TX,Family Practice,2023,25.024817163011765,250.94470588235293,5768.0,3458,10.03
1306940424,Holmstrom,Heather,CO,Family Practice,2023,40.65365165833333,407.6666666666667,112.0,92,10.03
1144548496,Guerraty,Marie,PA,Cardiology,2023,34.071641143739996,341.6098096279333,1458.0,1198,10.03
1942351861,Velasco,Andres,FL,Family Practice,2022,99.80696303825,1001.0985294,170.0,118,10.03
1942444310,Ravindranath,Krithi,CA,Internal Medicine,2023,93.30414162671427,936.1428571428571,438.0,254,10.03
1831241264,Riley,Roth,NJ,Internal Medicine,2022,47.50237055615385,476.6698487423077,3333.0,657,10.03
1982807079,Burski,Chad,AL,Internal Medicine,2023,95.617280739625,958.875,153.0,135,10.03
1780794404,Barrera,Richard,TX,Family Practice,2022,100.97571955033334,1012.3333333333334,159.0,108,10.03
1821454471,Li,Boning,NJ,Internal Medicine,2023,89.83131066672728,901.2584137181819,791.0,529,10.03
1427543511,Pinjala,Anusha Bhargavi,CA,Internal Medicine,2023,104.1913533062,1045.2,517.0,269,10.03
1073517686,Fernando,Victoria,NM,Family Practice,2022,97.73281874134,980.4959859759999,228.0,218,10.03
1538507389,Hanna,Bishoy,NJ,Internal Medicine,2023,179.36937799,1799.3588517,209.0,64,10.03
1679679567,Thomas,Suma,MA,Cardiology,2023,41.402591527266665,415.0833333333333,575.0,570,10.03
1083201461,Mohammed,Mortada,OH,Internal Medicine,2023,78.39208928066667,785.7333333333332,424.0,223,10.02
1952495970,Balkovec,Dale,OH,Family Practice,2023,43.43847003333334,435.0416666666667,817.0,423,10.02
1669828075,Chudow,Jay,NY,Cardiology,2022,59.714454547375,598.3940094375,315.0,279,10.02
1275953242,Nwosu,Lorean,MD,Internal Medicine,2022,86.6231620151111,867.6053942433333,1177.0,839,10.02
1801259510,Thomas,Romin,TX,Internal Medicine,2023,116.671419755,1168.5,174.0,171,10.02
1245624204,Roosen-Runge,Megan,AK,Internal Medicine,2023,81.48047137067856,816.1529874192858,1598.0,1272,10.02
1619910635,Royce,Jeffrey,IL,Family Practice,2023,64.668476474,648.02984694,284.0,113,10.02
1285740357,Vicchrilli,Molly,GA,Family Practice,2023,127.71527385933332,1278.3333333333333,679.0,632,10.01
1881080273,Goldgar,Sarah,CA,Internal Medicine,2022,57.454865801714284,575.1333333342857,698.0,431,10.01
1356446173,Gentilucci,Marco,NY,Cardiology,2023,109.36816120873333,1094.3269825016666,1794.0,1228,10.01
1407039563,Rustem,Saliar,CA,Internal Medicine,2023,96.647893621,967.5,241.0,221,10.01
1578581534,Ahluwalia,Raminder,IA,Family Practice,2023,84.16565592833334,842.6666666666666,301.0,282,10.01
1831543156,Morris,Devin,CA,Internal Medicine,2023,138.82054054,1389.0,185.0,171,10.01
1023225448,Malec,Melanie,OH,Family Practice,2023,44.81720785828571,448.6793478257143,418.0,336,10.01
1528026739,Kothari,Shakuntala,OH,Internal Medicine,2023,34.84143803885714,348.93188678857143,525.0,377,10.01
1760457113,Farid,Ayman,NY,Cardiology,2022,150.47809022088572,1505.565749615,5213.0,2913,10.01
1629335674,Latibeaudiere,Rachel,FL,Internal Medicine,2023,132.066191903,1322.3222325025,383.0,240,10.01
1982870333,Boland,Patrick,NJ,Internal Medicine,2023,87.90659423233335,879.7499156566668,375.0,171,10.01
1558646828,Khela,Rajvinder,VT,Internal Medicine,2023,87.70594758725,877.5929514645,287.0,271,10.01
1821211988,Velasquez,Gustavo,UT,Family Practice,2022,98.26012626400001,983.44042209,110.0,109,10.01
1568662450,Klein,Eitan,NY,Cardiology,2022,52.72749293062857,527.6055174438095,3260.0,2742,10.01
1891834206,Pira,Maria Elaine,CA,Internal Medicine,2022,31.49831491305,315.1666666666667,509.0,318,10.01
1295065993,Syros,Georgios,NY,Cardiology,2023,70.22410995314473,703.0011845534211,4675.0,2648,10.01
1003102831,Odigwe,Rufina,DC,Family Practice,2023,112.537935835,1126.95652174,126.0,124,10.01
1295140028,Scott,Derek,CA,Internal Medicine,2023,83.60162278757143,836.7619047571428,475.0,298,10.01
1922031574,Shaqra,Hussein,NJ,Cardiology,2023,114.3124070903077,1144.074834668846,2883.0,1715,10.01
1316443880,Upadhyay,Manisha,IL,Internal Medicine,2023,83.498998282,836.0,517.0,234,10.01
1013957935,Rhee,Benjamin,IL,Cardiology,2023,58.26781565992728,582.5513785795455,2072.0,1661,10.0
1124147418,Day,Terry,AL,Internal Medicine,2022,68.28876668289999,682.6237524825,319.0,295,10.0
1841382298,Agarwal,Devashish,IL,Family Practice,2022,74.0646134935,740.766445135,552.0,500,10.0
1578126025,Pham,Kimberly,CA,Internal Medicine,2023,99.11254982166668,990.6666666666666,542.0,302,10.0
1811979529,Hundley,Susan,VA,Family Practice,2023,4.8240121108,48.25,640.0,344,10.0
1972698769,Wang,Clifford,CA,Internal Medicine,2023,113.9112060025,1139.5,229.0,135,10.0
1053388934,Arruda-Olson,Adelaide,MN,Cardiology,2023,31.50025908155,314.966287975,946.0,943,10.0
1164794137,Onwochei-Ashei,Mitchell,VA,Internal Medicine,2022,127.386547995,1273.3755956000002,325.0,201,10.0
1164556460,Joshua,Jabbar,AR,Family Practice,2022,86.83479403449999,868.55472487,171.0,164,10.0
1508354713,Hunter,Christina,FL,Family Practice,2023,119.535442441,1194.82837597,165.0,164,10.0
